vd_id,vd_title,create_time,author_uid,author_nickname,enterprise_verify,likes,shares,collects,img_url
7462304269652282681,#çˆ±èå…¬ä¸»#å„¿ç«¥ç›Šæ™ºæ—©æ•™åŠ¨ç”»ç‰‡#3-6å²å„¿ç«¥ç›Šæ™ºåŠ¨ç”»#0-3å²å„¿ç«¥æ—©æ•™åŠ¨ç”»ç‰‡#äº²å­åŠ¨æ¼«,2025-01-21 17:52:09,7461825941392999481,è‰¾è8,,167,4,71,https://p3-pc-sign.douyinpic.com/tos-cn-p-0015c000-ce/o8AJEJ1eSaPgeCeoGYGtLghr8H37IsLgyr6BA9~tplv-dy-360p.jpeg?lk3s=138a59ce&x-expires=1745722800&x-signature=lokbxr4aiIQobwvMT3TTN5xA76o%3D&from=327834062&s=PackSourceEnum_AWEME_DETAIL&se=false&sc=origin_cover&biz_tag=pcweb_cover&l=202504131130049AC6FB1416DB1F37C9CC
7490071193530289447,#åŸåˆ›è§†é¢‘ #æç¬‘åŠ¨ç”» #åˆ›ä½œè€…æ‰¶æŒè®¡åˆ’ #å¥¥ç‰¹æ›¼å„¿ç«¥åŠ¨ç”»ç‰‡ #å¥¥ç‰¹æ›¼3-6å²å„¿ç«¥ç”»ç‰‡,2025-04-06 13:42:07,2777784136774948,æ™¶æ™¶åŠ¨æ¼«,,2522,24,1226,https://p3-pc-sign.douyinpic.com/tos-cn-p-0015/oMuDyAMWCEBmyIIPr5LeBCAKrFuxbfIZ7iGfBP~tplv-dy-360p.jpeg?lk3s=138a59ce&x-expires=1745722800&x-signature=7iOmO4Q1EZEFe1VBykfQwvB8HI0%3D&from=327834062&s=PackSourceEnum_AWEME_DETAIL&se=false&sc=origin_cover&biz_tag=pcweb_cover&l=2025041311303394727C84D9E55B38A54A
7479999480595631371,#ç›Šæ™ºåŠ¨ç”» #å¡é€šåŠ¨æ¼« #åŠ¨ç”»è§†é¢‘ #åŠ¨ç”»å„¿ç«¥ #3åˆ°6å²å„¿ç«¥ç›Šæ™ºæ—©æ•™åŠ¨ç”»,2025-03-10 10:18:44,2777784136774948,æ™¶æ™¶åŠ¨æ¼«,,1524,9,556,https://p3-pc-sign.douyinpic.com/tos-cn-p-0015/oIefolsWHeGOqcJIwmLfjQtAEghhQAICS8CQfA~tplv-dy-360p.jpeg?lk3s=138a59ce&x-expires=1745722800&x-signature=xLCTj4nURpvyj9cU6FCGEga0Sk0%3D&from=327834062&s=PackSourceEnum_AWEME_DETAIL&se=false&sc=origin_cover&biz_tag=pcweb_cover&l=202504131130436BF02696E5AEA4370A49
7490381420196597028,#åŸåˆ›è§†é¢‘ #åˆ›ä½œè€…æ‰¶æŒè®¡åˆ’ #æç¬‘åŠ¨ç”» #æ¶¨çŸ¥è¯† #åŸåˆ›ä½œå“,2025-04-07 09:45:54,2777784136774948,æ™¶æ™¶åŠ¨æ¼«,,42,2,15,https://p3-pc-sign.douyinpic.com/tos-cn-p-0015/o8BmKjgQE2DA8CgFyoB3nnX4yDDA9ADWQeKrfZ~tplv-dy-360p.jpeg?lk3s=138a59ce&x-expires=1745722800&x-signature=HioSGJJTCSUpuCGuugzxlMwe7BU%3D&from=327834062&s=PackSourceEnum_AWEME_DETAIL&se=false&sc=origin_cover&biz_tag=pcweb_cover&l=202504131130569DFD5994A51E66392A2B
7484773365257899323,#å°å­©å­çœ‹çš„å„¿ç«¥è§†é¢‘,2025-03-23 07:03:45,4194013235907243,å¥¥ç‰¹æ›¼ä¸ç¡è§‰,,15189,28,1400,https://p3-pc-sign.douyinpic.com/tos-cn-i-0813c000-ce/ogGEkQ7bIN7Ae53ExfuDfES9G7AFAA0wA9VnQa~noop.jpeg?lk3s=138a59ce&x-expires=1745722800&x-signature=yRs3csB%2BTO5e%2FKfzAvZzDW%2F%2BJek%3D&from=327834062&s=PackSourceEnum_AWEME_DETAIL&se=false&biz_tag=pcweb_cover&l=20250413113119CB623D6528B9C73752E3
7459047578575899904,#å¥¥ç‰¹æ›¼å„¿ç«¥åŠ¨ç”»ç‰‡ #3åˆ°6å²å„¿ç«¥ç›Šæ™ºæ—©æ•™åŠ¨ç”» #å„¿ç«¥åŠ¨æ¼« #åŠ¨ç”»è§†é¢‘ #å„¿ç«¥çˆ±çœ‹çš„æŠ–éŸ³,2025-01-12 23:14:59,2714008667569016,å¥¥ç‰¹å°å®è´,,55379,918,10703,https://p3-pc-sign.douyinpic.com/tos-cn-i-0813/oMO9iDgFQANwL0AA3AuEfYxACIE9gAF9nHCZOf~noop.jpeg?lk3s=138a59ce&x-expires=1745722800&x-signature=O5U%2FEgFvu0wexv8lIEfWIVgPrZc%3D&from=327834062&s=PackSourceEnum_AWEME_DETAIL&se=false&biz_tag=pcweb_cover&l=202504131131326A7ED57915DD4C371EB3
7484477140147195194,"å„¿ç«¥ç¡å‰æ•…äº‹ã€Šè´ªåƒè¾£æ¡çš„ä¸¥é‡åæœã€‹
æœµæœµå„¿ç«¥ç¡å‰æ•…äº‹ï¼šå„¿ç«¥è¡Œä¸ºä¹ æƒ¯å…»æˆâ€”ã€Šè´ªåƒè¾£æ¡çš„ä¸¥é‡åæœã€‹
#å„¿ç«¥ç¡å‰æ•…äº‹ #å“„ç¡ #ç»˜æœ¬ #åƒè¾£æ¡çš„å®å® #å¯è’™æ—©æ•™",2025-03-22 11:54:00,332515661592042,æœµæœµå„¿ç«¥ç¡å‰æ•…äº‹ï¼ˆå¯æ•™å­¦ï¼‰,,1953,466,1380,https://p3-pc-sign.douyinpic.com/tos-cn-p-0015c000-ce/oANH1LIPIQmQAoeeMeeeuiHAZKgreGhiMDWFXU~tplv-dy-360p.jpeg?lk3s=138a59ce&x-expires=1745722800&x-signature=A6SvvvL328oKzlKHDFrR8J7V108%3D&from=327834062&s=PackSourceEnum_AWEME_DETAIL&se=false&sc=origin_cover&biz_tag=pcweb_cover&l=2025041311320219E45BE0FA743638E44A
7480523712417090875,"å„¿ç«¥ç¡å‰æ•…äº‹ã€Šè´ªåƒç³–æœçš„åæœã€‹
#å„¿ç«¥æ•…äº‹ #å„¿ç«¥ç¡å‰æ•…äº‹ #ç»˜æœ¬åŠ¨ç”» #3-6å²å„¿ç«¥ç¡å‰æ•…äº‹æ¨è #æ—©æ•™å¯è’™",2025-03-11 20:12:39,332515661592042,æœµæœµå„¿ç«¥ç¡å‰æ•…äº‹ï¼ˆå¯æ•™å­¦ï¼‰,,215,51,120,https://p3-pc-sign.douyinpic.com/tos-cn-p-0015c000-ce/oMlUEAfDeQzE9mnAAKvIL0tCQCLAiEieFDhIQw~tplv-dy-360p.jpeg?lk3s=138a59ce&x-expires=1745722800&x-signature=mlIuxqQyyiBk1ukoP523STPNFKI%3D&from=327834062&s=PackSourceEnum_AWEME_DETAIL&se=false&sc=origin_cover&biz_tag=pcweb_cover&l=2025041311321359CB1710D3E6553827DE
7489864521599831347,#æç¬‘ #çœ‹ä¸€éç¬‘ä¸€é #äº²å­äº’åŠ¨ #æ¬¢ä¹æ—¶åˆ» #3åˆ°6å²å„¿ç«¥ç›Šæ™ºæ—©æ•™åŠ¨ç”»,2025-04-06 00:20:27,7425894979920757817,å¤æ·³æ·³38,,5327,269,3134,https://p3-pc-sign.douyinpic.com/tos-cn-p-0015/osq9aLGX7BBCPQFlvxIQCxCAWCfAFPeb4Peg9L~tplv-dy-360p.jpeg?lk3s=138a59ce&x-expires=1745722800&x-signature=qxSlOQQhKfv8AjyP2mlAimGMHAA%3D&from=327834062&s=PackSourceEnum_AWEME_DETAIL&se=false&sc=origin_cover&biz_tag=pcweb_cover&l=2025041311322559076E37BD4DB037D3F7
7456403744087919926,#å„¿ç«¥åŠ¨ç”» #å„¿ç«¥ç©å…· #3åˆ°6å²å„¿ç«¥ç›Šæ™ºæ—©æ•™åŠ¨ç”» #å„¿ç«¥ç›Šæ™ºç©å…· #æ—©æ•™ç›Šæ™ºç©å…·,2025-01-05 20:15:10,3094452167257113,å°ç‘ç‘,,3553,30,1316,https://p3-pc-sign.douyinpic.com/tos-cn-p-0015/o4B5yQQAEEAFwEn7re7zhefZsdDgBCVQHD6Oo0~tplv-dy-360p.jpeg?lk3s=138a59ce&x-expires=1745722800&x-signature=I1cDQJP8tB%2B2RiIl7Es8vLTz9g8%3D&from=327834062&s=PackSourceEnum_AWEME_DETAIL&se=false&sc=origin_cover&biz_tag=pcweb_cover&l=202504131132377E6B22ED47F09F37B334
7487525896702774588,#å¥¥ç‰¹æ›¼å„¿ç«¥åŠ¨ç”»ç‰‡ #å„¿ç«¥ç©å…·,2025-03-30 17:04:43,7473487453510239290,åƒç“œç¾¤ä¼—,,47,3,31,https://p9-pc-sign.douyinpic.com/tos-cn-p-0015c000-ce/oAQApFnWQCGsE6D2QfHqfeEwEDCLI6m6KDgA9S~tplv-dy-360p.jpeg?lk3s=138a59ce&x-expires=1745722800&x-signature=dpp4yoeVVApGGCZ961JdlQXC2io%3D&from=327834062&s=PackSourceEnum_AWEME_DETAIL&se=false&sc=origin_cover&biz_tag=pcweb_cover&l=20250413113312AE54F780D59CB0387EF0
7429964896210619648,#å¥¥ç‰¹æ›¼å„¿ç«¥åŠ¨ç”»ç‰‡ #å„¿ç«¥è§†é¢‘ #å¥¥ç‰¹æ›¼ #å„¿ç«¥åŠ¨ç”» #å¥¥ç‰¹æ›¼åŠ¨ç”»ç‰‡å„¿ç«¥3-6å²,2024-10-26 14:18:48,4457892971297163,ç”¨æˆ·927271613228,,7771,133,4838,https://p3-pc-sign.douyinpic.com/tos-cn-p-0015/oEW2AkfDCQjf94nACEgi4HUI5B6AYElzFCKhQg~tplv-dy-360p.jpeg?lk3s=138a59ce&x-expires=1745722800&x-signature=GmFEs9gK91zkaYn1kkSPEM5Zjf0%3D&from=327834062&s=PackSourceEnum_AWEME_DETAIL&se=false&sc=origin_cover&biz_tag=pcweb_cover&l=20250413113323A16D224D700EA637C7AA
7434440959280041256,#å„¿ç«¥åŠ¨ç”» #å„¿ç«¥å¯è’™æ—©æ•™ç›Šæ™ºåŠ¨ç”»ç‰‡ #3åˆ°6å²å„¿ç«¥ç›Šæ™ºæ—©æ•™åŠ¨ç”» #å„¿ç«¥ç›Šæ™ºåŠ¨ç”»ç‰‡ #0-3å²å„¿ç«¥å¯è’™åŠ¨ç”»ç‰‡,2024-11-07 15:48:12,4457892971297163,ç”¨æˆ·927271613228,,315,18,127,https://p3-pc-sign.douyinpic.com/tos-cn-p-0015/oAqeOLEsALS75GoAIacBTvFeYKIBWO9EACCsIf~tplv-dy-360p.jpeg?lk3s=138a59ce&x-expires=1745722800&x-signature=rAu%2ByXSEljVkTKklJ%2BCXMFv1dBo%3D&from=327834062&s=PackSourceEnum_AWEME_DETAIL&se=false&sc=origin_cover&biz_tag=pcweb_cover&l=202504131133352F3B3237C2518437EBDB
7432914510538722612,#å„¿ç«¥ #å„¿ç«¥è§†é¢‘ #3-6å²å„¿ç«¥åŠ¨ç”»è§†é¢‘ #åŠ¨ç”»ç‰‡å„¿ç«¥è§†é¢‘3-6å² #å„¿ç«¥å¯è’™æ—©æ•™ç›Šæ™ºåŠ¨ç”»ç‰‡,2024-11-03 13:04:48,4457892971297163,ç”¨æˆ·927271613228,,54,4,45,https://p3-pc-sign.douyinpic.com/tos-cn-p-0015/oc9ne43jzICCAhA3BBkiSAIiISBCbPAoZgfUHV~tplv-dy-360p.jpeg?lk3s=138a59ce&x-expires=1745722800&x-signature=8YFdALoJYhmOLds01CIARVVuoMw%3D&from=327834062&s=PackSourceEnum_AWEME_DETAIL&se=false&sc=origin_cover&biz_tag=pcweb_cover&l=202504131133452635E4110592E73874ED
7431784329300315432,#å„¿ç«¥è§†é¢‘ #ä»™äººæŒ #åŠ¨ç”»ç‰‡å„¿ç«¥è§†é¢‘3-6å² #3åˆ°6å²å„¿ç«¥ç›Šæ™ºæ—©æ•™åŠ¨ç”» #åŠ¨ç”»ç‰‡,2024-10-31 11:59:03,4457892971297163,ç”¨æˆ·927271613228,,100,9,56,https://p9-pc-sign.douyinpic.com/tos-cn-p-0015/oknCuAfihgkIzvxCCIBAevAyvDIkikAbB68YAj~tplv-dy-360p.jpeg?lk3s=138a59ce&x-expires=1745722800&x-signature=n727hn86XRDyrDr7tSe3ysPREUE%3D&from=327834062&s=PackSourceEnum_AWEME_DETAIL&se=false&sc=origin_cover&biz_tag=pcweb_cover&l=202504131133573DE29D64933B5D396949
7434888906820029731,#è¿ªå£«å°¼åœ¨é€ƒå…¬ä¸» #çˆ±èå…¬ä¸» #è¿ªå£«å°¼å…¬ä¸» ##çˆ±èå…¬ä¸» #è‰¾èå…¬ä¸»è§†é¢‘åŠ¨ç”»ç‰‡,2024-11-08 20:46:19,4457892971297163,ç”¨æˆ·927271613228,,339,20,183,https://p3-pc-sign.douyinpic.com/tos-cn-p-0015/ocDBmfAcUAy7DeXQFOxEA9CEEBXFQL5oOJfMOB~tplv-dy-360p.jpeg?lk3s=138a59ce&x-expires=1745722800&x-signature=v3Gm88HJt%2FA8W%2FRweybhTbGj7NQ%3D&from=327834062&s=PackSourceEnum_AWEME_DETAIL&se=false&sc=origin_cover&biz_tag=pcweb_cover&l=20250413113408D3226C36D09D2237E7DB
7467945182395141395,#å„¿ç«¥åŠ¨ç”» #å„¿ç«¥å·¥ç¨‹è½¦åŠ¨ç”»ç‰‡å¤§å…¨ #å°å¡è½¦å„¿ç«¥è§†é¢‘3-6å² #æŒ–æ˜æœºè§†é¢‘ ##åŠ¨ç”»å°æ•…äº‹,2025-02-06 07:50:00,7409566590028940348,èŒèŒçœ‹åŠ¨ç”»,,9376,63,3795,https://p3-pc-sign.douyinpic.com/tos-cn-p-0015/ooEcQC3f3oPQ5yA9teon5CFnO0mDl1gAAg4QGB~tplv-dy-360p.jpeg?lk3s=138a59ce&x-expires=1745722800&x-signature=l3h46XLLxakWHKRhxRWzSiGMC9o%3D&from=327834062&s=PackSourceEnum_AWEME_DETAIL&se=false&sc=origin_cover&biz_tag=pcweb_cover&l=202504131134198D180F62264150371B71
7489381702477860146,#å¯è’™æ—©æ•™ #3åˆ°6å²å„¿ç«¥ç›Šæ™ºæ—©æ•™åŠ¨ç”» #åŠ¨ç”» #åŸåˆ› #çŒå¥‡,2025-04-04 17:09:21,3762987715269772,é»‘ç†Šå°æ,,4661,28,1835,https://p3-pc-sign.douyinpic.com/tos-cn-p-0015/o0h9BP5pAihNIco2CBzgiBHvIQeeA4HSHAOLFi~tplv-dy-360p.jpeg?lk3s=138a59ce&x-expires=1745722800&x-signature=D6Enmm6%2F%2BVNEpXtw6qNZW%2FNYBQk%3D&from=327834062&s=PackSourceEnum_AWEME_DETAIL&se=false&sc=origin_cover&biz_tag=pcweb_cover&l=20250413113430D3226C36D09D2237F3E0
7461800958368943400,#å„¿ç«¥ç®€ç¬”ç”» #å„¿ç«¥åŠ¨ç”» #åŠ¨ç”»å°æ•…äº‹ #åŠ¨ç”»è§†é¢‘ #ç–‘ä¼¼aiç”Ÿæˆ,2025-01-20 09:19:21,92715142238,ä¹ä¹åª½,,720,63,435,https://p3-pc-sign.douyinpic.com/tos-cn-p-0015/ogeARJDyFc7vjpNjW9naABGAMmmQQCCfgnao6E~tplv-dy-360p.jpeg?lk3s=138a59ce&x-expires=1745722800&x-signature=ILfiw57KKnLepbdoBYoZF92MTWQ%3D&from=327834062&s=PackSourceEnum_AWEME_DETAIL&se=false&sc=origin_cover&biz_tag=pcweb_cover&l=202504131135183F1E61B105A6CF3A5E1C
7458788122306891047,#æ¸¸æˆå°æ¸¸æˆå°æ¸¸æˆå°æ¸¸æˆ #ç§€å‡ºä½ çš„æ¸¸æˆç¥æ“ä½œ #ç©æ¸¸æˆæˆ‘æ˜¯è®¤çœŸçš„ #æ˜¯æ—¶å€™å±•ç°çœŸæ­£çš„æŠ€æœ¯äº† #å†…å®¹å¯å‘æœç´¢,2025-01-12 06:30:24,71260414637,æ—ºæ—ºæ¸¸æˆæ¨è,,937,11,520,https://p3-pc-sign.douyinpic.com/tos-cn-p-0015/okliFABBIbeDShL91f0uCIXCzQW89BI6wBigAA~tplv-dy-360p.jpeg?lk3s=138a59ce&x-expires=1745722800&x-signature=dQB%2FqpdP9%2B8sYuD4o49afR2KV4w%3D&from=327834062&s=PackSourceEnum_AWEME_DETAIL&se=false&sc=origin_cover&biz_tag=pcweb_cover&l=20250413113529F578A5AF0C7536387490
7465939317962116411,#å¥¥ç‰¹æ›¼å„¿ç«¥åŠ¨ç”»ç‰‡ #å¥¥ç‰¹æ›¼3-6å²å„¿ç«¥åŠ¨ç”»ç‰‡,2025-01-31 12:57:52,2124682405350967,ä½ çš„èµ›ç½—é…±,,5178,49,1790,https://p3-pc-sign.douyinpic.com/tos-cn-p-0015c000-ce/oE0FcA4zFeDF6EQnenFfECwcXWWMhCQO9KDlAH~tplv-dy-360p.jpeg?lk3s=138a59ce&x-expires=1745722800&x-signature=ClhHkIGTywg3Qj50L5iJcGvjhuE%3D&from=327834062&s=PackSourceEnum_AWEME_DETAIL&se=false&sc=origin_cover&biz_tag=pcweb_cover&l=20250413113540B0955F719F016E39477A
7464913540835511611,è‚ºé›¾#ç‰¹æ‘„å‰§ #å¥¥ç‰¹æ›¼ #è´åˆ©äºšå¥¥ç‰¹æ›¼,2025-01-28 18:37:13,4182966724472959,æµ·è¾.,,65,320,9,https://p3-pc-sign.douyinpic.com/tos-cn-p-0015c000-ce/o0W9DEwTITnBerA1ICYZMeFCDmgTsEfLx5AvCR~tplv-dy-360p.jpeg?lk3s=138a59ce&x-expires=1745722800&x-signature=t6O%2BptsUUFY6UySOUzhj9l%2B5Wio%3D&from=327834062&s=PackSourceEnum_AWEME_DETAIL&se=false&sc=origin_cover&biz_tag=pcweb_cover&l=20250413113550D8EC0FDA126F8A3816B5
7473442183702433059,"æ±ªæ±ªé˜Ÿå˜èº«å¤§æµ·æ€ª å‡†å¤‡å¥½åœ¨â€œç‹—ç‹—å·¡é€»é˜Ÿåƒµå°¸æµ·æ€ªæ¥è¢­â€ä¸­ä½“éªŒå²è¯—èˆ¬çš„æ°´ä¸‹æˆ˜æ–—å§ï¼çœ‹ç€ç‹—ç‹—å·¡é€»é˜Ÿå°ç‹—å˜æˆåƒµå°¸æµ·æ€ªï¼Œä¸€ä¸ªæ¯”ä¸€ä¸ªæ›´å¯æ€•ã€‚å®ƒä»¬çš„çœ¼ç›é—ªé—ªå‘å…‰ï¼Œèº«ä½“è…çƒ‚ï¼Œèƒ½åŠ›å¼ºå¤§ï¼Œåœ¨é»‘æš—ã€æš´é£é›¨çš„å¤§æµ·ä¸­æå“èˆ¹åªã€‚åŠ¨ä½œæ¿€çƒˆï¼ŒèµŒæ³¨å¾ˆé«˜ï¼Œä½ ä¸€å®šä¸æƒ³é”™è¿‡è¿™åœºæƒŠå¿ƒåŠ¨é­„çš„å†’é™©ï¼ğŸŒŠğŸ§Ÿâ€â™‚ï¸ğŸ¾
#å„¿ç«¥åŠ¨ç”» #ç§‘å¹» #åŠ¨ç”»çŸ­ç‰‡ #æ±ªæ±ªé˜Ÿ #æˆ‘åœ¨æŠ–éŸ³çœ‹åŠ¨ç”»",2025-02-20 18:16:24,101313969702,çœ‹ä¸–ç•Œ,,2231,45,1122,https://p3-pc-sign.douyinpic.com/tos-cn-p-0015/oM0Fe2BfIElIs24EfAeH3DPI2I9nYj9fAAbFKs~tplv-dy-360p.jpeg?lk3s=138a59ce&x-expires=1745722800&x-signature=9d2tW4%2F6XCv%2BeFzNMTNmGdTMWZ4%3D&from=327834062&s=PackSourceEnum_AWEME_DETAIL&se=false&sc=origin_cover&biz_tag=pcweb_cover&l=202504131136045FFB5AFB8A4432392B57
7489008720639266100,æ±ªæ±ªé˜Ÿç‹—ç‹—ä»¬ å˜èº«è¯¡å¼‚çš„å¹½çµåƒµå°¸ï¼ æ±ªæ±ªé˜Ÿç‹—ç‹—ä»¬ å˜èº«è¯¡å¼‚çš„å¹½çµåƒµå°¸ï¼#æ±ªæ±ªé˜Ÿ #åƒµå°¸ #å¹½çµ,2025-04-05 18:00:00,101313969702,çœ‹ä¸–ç•Œ,,299,20,210,https://p3-pc-sign.douyinpic.com/tos-cn-p-0015/osFjCPYdBAzzinBATuiT5vIkeBNIPL7g6xeSNA~tplv-dy-360p.jpeg?lk3s=138a59ce&x-expires=1745722800&x-signature=6PB7q7jMe0bdvA7wrc0X9xVXNyo%3D&from=327834062&s=PackSourceEnum_AWEME_DETAIL&se=false&sc=origin_cover&biz_tag=pcweb_cover&l=20250413113615965326326C85DA381AD3
7486028237747785023,æ±ªæ±ªé˜Ÿæˆå‘˜å˜èº«é£é©¬ï¼ #ç‹¬è§’å…½å˜èº« #æˆ‘åœ¨æŠ–éŸ³çœ‹åŠ¨æ¼« #æ±ªæ±ªé˜Ÿ #ç‹— æ±ªæ±ªé˜Ÿæˆå‘˜å˜èº«é£é©¬ï¼,2025-03-26 19:20:00,101313969702,çœ‹ä¸–ç•Œ,,66,1,34,https://p3-pc-sign.douyinpic.com/tos-cn-p-0015/ocpVINki6DA2tKZvS7FmA9nBnAfgTBq4I3fqjE~tplv-dy-360p.jpeg?lk3s=138a59ce&x-expires=1745722800&x-signature=Pxxq%2BUhSq2BQvIU8Ca2RNbnGb%2Fw%3D&from=327834062&s=PackSourceEnum_AWEME_DETAIL&se=false&sc=origin_cover&biz_tag=pcweb_cover&l=2025041311362681D74106C872E7388FAE
7483463873924713769,æ±ªæ±ªé˜Ÿå˜èº«å¯æ€•çš„åƒµå°¸ç‹—ï¼ #å„¿ç«¥åŠ¨ç”» #åŠ¨ç”»çŸ­ç‰‡ #æ±ªæ±ªé˜Ÿ æ±ªæ±ªé˜Ÿå˜èº«å¯æ€•çš„åƒµå°¸ç‹—ï¼,2025-03-19 20:25:00,101313969702,çœ‹ä¸–ç•Œ,,1008,8,446,https://p9-pc-sign.douyinpic.com/tos-cn-p-0015/osLaq3g7fAI1N1rABBezI2BrmiACiASQlUQIP9~tplv-dy-360p.jpeg?lk3s=138a59ce&x-expires=1745722800&x-signature=AGEtZwpTKCE51ZaK6ScZuL3%2Fa8k%3D&from=327834062&s=PackSourceEnum_AWEME_DETAIL&se=false&sc=origin_cover&biz_tag=pcweb_cover&l=20250413113637687780617751DE38D51A
7483123535829929243,æ±ªæ±ªé˜Ÿç«‹å¤§åŠŸçš„å°ç‹—ä»¬å˜æˆäº†å¸è¡€é¬¼ï¼ #æˆ‘åœ¨æŠ–éŸ³çœ‹åŠ¨æ¼« #æ±ªæ±ªé˜Ÿ #åŠ¨ç”»å‰ªè¾‘ #å„¿ç«¥åŠ¨ç”» æ±ªæ±ªé˜Ÿç«‹å¤§åŠŸçš„å°ç‹—ä»¬å˜æˆäº†å¸è¡€é¬¼ï¼è§‚çœ‹é˜¿å¥‡ã€æ¯›æ¯›ã€å¤©å¤©å’Œå…¶ä»–è§’è‰²å¦‚ä½•é•¿å‡ºå°–ç‰™ã€æŠ«ä¸Šæ–—ç¯·ï¼ŒåŒ–èº«ä¸ºå¤œè¡Œç”Ÿç‰©ã€‚,2025-03-18 20:26:14,101313969702,çœ‹ä¸–ç•Œ,,614,4,259,https://p3-pc-sign.douyinpic.com/tos-cn-p-0015/oIJmc9QAA7yIZAPinhLZibzP8kiXIzAlZBIDT~tplv-dy-360p.jpeg?lk3s=138a59ce&x-expires=1745722800&x-signature=kBshZ%2BY5EKWY1bQAnRP7vU7AVhI%3D&from=327834062&s=PackSourceEnum_AWEME_DETAIL&se=false&sc=origin_cover&biz_tag=pcweb_cover&l=202504131136494F6742B82D757337C38B
7477868008619183379,æ±ªæ±ªé˜Ÿç‹—ç‹—ä»¬å˜æˆäº†å°è€Œå¯æ€•çš„æ€ªç‰©ï¼Œä¼šæ€ä¹ˆæ ·ï¼Ÿ #æ±ªæ±ªé˜Ÿ #å„¿ç«¥åŠ¨ç”» #åŠ¨ç”» å¦‚æœæ‚¨æœ€å–œæ¬¢çš„æ±ªæ±ªé˜Ÿå°ç‹—å˜æˆäº†å°è€Œå¯æ€•çš„æ€ªç‰©ï¼Œä¼šæ€ä¹ˆæ ·ï¼ŸğŸ¶ğŸ‘¹ çœ‹ç€è¿™äº›å°åŠ¨ç‰©åœ¨å„ç§ç¾å‘³çš„èœè‚´ä¸Šæ­å»ºæ¢¯å­â€”â€”ä»å¥¶é…ªæŠ«è¨åˆ°ç²˜ç¨ çš„å·§å…‹åŠ›è›‹ç³•ï¼ğŸ•ğŸ°ğŸ”§ è¿™äº›æ€ªç‰©å°ç‹—æ‹¥æœ‰å°å·§çš„å·¥å…·å’Œæ€ªå¼‚å¯çˆ±çš„å¤–è¡¨ï¼Œæ­£åœ¨æ‰§è¡Œä¸€é¡¹ä¸ä¼—ä¸åŒçš„ä»»åŠ¡ï¼å‡†å¤‡å¥½åœ¨è¿™ä¸ªç‹¬ç‰¹çš„è½¬å˜ä¸­ä½“éªŒåˆ›é€ åŠ›ã€ä¹è¶£å’Œä¸€ä¸ææ€–å§ï¼ä¸è¦å¿˜è®°ç‚¹èµã€è¯„è®ºå’Œè®¢é˜…æ›´å¤šç²¾å½©çš„æ±ªæ±ªé˜Ÿç‹—ç‹—é‡å¡‘ï¼,2025-03-04 18:28:00,101313969702,çœ‹ä¸–ç•Œ,,570,11,257,https://p3-pc-sign.douyinpic.com/tos-cn-p-0015/ow8T1f9ABPCQYBAGHfMkGPA1jBU96y7eWWRBYn~tplv-dy-360p.jpeg?lk3s=138a59ce&x-expires=1745722800&x-signature=H7XGei15xkUx0E9klZFhKE7q9TI%3D&from=327834062&s=PackSourceEnum_AWEME_DETAIL&se=false&sc=origin_cover&biz_tag=pcweb_cover&l=20250413113700A007AED821364039CDCE
7470409832823082280,#äºŒæ¬¡å…ƒ #åŠ¨ç”»å°æ•…äº‹ #å„¿ç«¥åŠ¨ç”»ç‰‡å°è§†é¢‘ #å¯è’™æ—©æ•™,2025-02-12 14:05:50,4457893008529483,å®¹å®¹åŠ¨æ¼«,,5667,49,2903,https://p3-pc-sign.douyinpic.com/tos-cn-p-0015/oEKBiB9HhA7iOqxsIBakifwiCO1LzIAR2AdegI~tplv-dy-360p.jpeg?lk3s=138a59ce&x-expires=1745722800&x-signature=90OFafi%2B9ug21KsA2%2B5Ia3LiRDg%3D&from=327834062&s=PackSourceEnum_AWEME_DETAIL&se=false&sc=origin_cover&biz_tag=pcweb_cover&l=202504131137124F6742B82D757337CF87
7460657806849445120,å±é™©æ¸¸æˆ #åŠ¨ç”» #ç”»ç”» #ç®€ç¬”ç”» @æŠ–éŸ³é’å°‘å¹´ @æŠ–éŸ³åˆ›ä½œå°åŠ©æ‰‹ @æŠ–éŸ³å°åŠ©æ‰‹,2025-01-17 07:24:20,93460461776,ç‚¯ç‚¯ç®€ç¬”ç”»,,4677,127,2383,https://p9-pc-sign.douyinpic.com/tos-cn-p-0015/okV2BeVFGBGPLaeBjJIlyhISECEIfgnA2a74oA~tplv-dy-360p.jpeg?lk3s=138a59ce&x-expires=1745722800&x-signature=DQR3gAG52D3dfyJxEBMpmys%2FQpo%3D&from=327834062&s=PackSourceEnum_AWEME_DETAIL&se=false&sc=origin_cover&biz_tag=pcweb_cover&l=2025041311372434A4AC7A832F2C38F456
7467858817045368064,èµ›ç½—å¥¥ç‰¹æ›¼åˆ†æ‰‹äº†#èµ›ç½—å¥¥ç‰¹æ›¼ #èµ›ç½—å¥¥ç‰¹æ›¼ #äºŒæ¬¡å…ƒ #å¥¥ç‰¹æ›¼å„¿ç«¥åŠ¨ç”»ç‰‡,2025-02-05 17:07:01,1291289211972259,å¥¥ç‰¹å®å®,,117,0,51,https://p3-pc-sign.douyinpic.com/tos-cn-p-0015/o4IBjziA0BZXQgegwCIAqiiATKBik0BjOf0YjN~tplv-dy-360p.jpeg?lk3s=138a59ce&x-expires=1745722800&x-signature=x1XnMozvYs74CfcWOrWGJ3PRd3E%3D&from=327834062&s=PackSourceEnum_AWEME_DETAIL&se=false&sc=origin_cover&biz_tag=pcweb_cover&l=20250413113736E653E45E5A5C2836EA72
7463046146127170835,å·¥ç¨‹è½¦å„¿ç«¥æ±½è½¦åŠ¨ç”»ç‰‡ï¼Œè¶…çº§å·¨å¤§æ‹–è½¦#å„¿ç«¥åŠ¨ç”»#å°‘å„¿åŠ¨ç”»ç‰‡æ¨è#åŠ¨ç”»ç‰‡å„¿ç«¥è§†é¢‘3-6å²#å„¿ç«¥åŠ¨ç”»ç‰‡#å·¥ç¨‹è½¦,2025-01-23 17:51:22,1682672134402156,å“†å•¦Aæ¢¦,,3711,40,1356,https://p3-pc-sign.douyinpic.com/tos-cn-p-0015/oU5k5PPQqaZAiSKEXIQCZARPTS2IIPwBiE3AI~tplv-dy-360p.jpeg?lk3s=138a59ce&x-expires=1745722800&x-signature=8ASviso1gwBG4HCr%2FCU71PlTfMk%3D&from=327834062&s=PackSourceEnum_AWEME_DETAIL&se=false&sc=origin_cover&biz_tag=pcweb_cover&l=202504131138245A16EB309E686D3A30EE
7487428445039906058,#å„¿ç«¥å·¥ç¨‹è½¦åŠ¨ç”»ç‰‡å¤§å…¨ #å„¿ç«¥å¯è’™æ—©æ•™ç›Šæ™ºåŠ¨ç”»ç‰‡ #å°‘å„¿ç›Šæ™ºåŠ¨æ¼«æ¨è #æŒ–åœŸæœºæŒ–æ²™å­è§†é¢‘ #å„¿ç«¥ç›Šæ™º,2025-03-30 10:46:37,2980145787058155,ä¹ˆä¹ˆå½,,118,1,34,https://p3-pc-sign.douyinpic.com/tos-cn-p-0015/ocoz6iBeNBzPe1AwsgarA8JrIvLFOVAii8IoiB~tplv-dy-360p.jpeg?lk3s=138a59ce&x-expires=1745722800&x-signature=6okFDeibqQ5kS9OeGpAdVvItxtE%3D&from=327834062&s=PackSourceEnum_AWEME_DETAIL&se=false&sc=origin_cover&biz_tag=pcweb_cover&l=202504131139239EEF34EFF9585B390C4B
7490533266311679247,"å‰ç±³ç¡å‰æ•…äº‹ã€Šåƒæœå†»åƒä¸‡ä¸å¯ä»¥ä¸€å£åã€‹#å„¿ç«¥ç¡å‰æ•…äº‹ #åŠ¨ç”»å°æ•…äº‹ #åŠ¨ç”» #å®‰å…¨æ•™è‚² #å“„ç¡ 
6å²å„¿ç«¥ç¡å‰ç«¥è¯æ•…äº‹å¤§å…¨ç»˜æœ¬ä¹¦æ¨è6åˆ°12å²æœ‰å£°ç‰ˆæ–‡å­—ç‰ˆæœ‰è¶£çš„å¹¼ç¨šçš„æ•…äº‹å„¿ç«¥
æ—©æ•™ç›Šæ™ºåŠ¨ç”» 7-12å²åŸåˆ›å„¿ç«¥ç›Šæ™ºæ—©æ•™
æ•…äº‹åŠ¨ç”» 4-6å²å¹¼å°‘å„¿ç«¥æœ‰è¶£çš„æ™šå®‰ç»˜æœ¬
å°æ•…äº‹è¯»ç‰© ç¡å‰æ•…äº‹ å°æ•…äº‹å¤§é“ç†ç»˜æœ¬
æ•…äº‹ç«¥è¯æ•…äº‹ äº²å­é˜…è¯»ä¼´è¯»æ€§æ ¼åŸ¹å…»è¯­è¨€
è¡¨è¾¾èƒ½åŠ› å®¶åº­æ•™è‚² å­©å­æ•™è‚² è‚²å„¿ å®¶é•¿å¿…è¯» å­©å­è¯»ç‰©",2025-04-07 19:34:59,2476545909457596,å‰ç±³ç¡å‰æ•…äº‹,,951,38,542,https://p3-pc-sign.douyinpic.com/tos-cn-p-0015/o0P5PHK4gT3YC7yBgbuOeBAeH7LZ8aea1A2GBI~tplv-dy-360p.jpeg?lk3s=138a59ce&x-expires=1745722800&x-signature=hc1taG1pE2Km4WmBosd7iGpkubo%3D&from=327834062&s=PackSourceEnum_AWEME_DETAIL&se=false&sc=origin_cover&biz_tag=pcweb_cover&l=202504131139367AB193972D7D7A388DEB
7486676250036063499,#å„¿ç«¥è§†é¢‘3-8å²ç›Šæ™ºåŠ¨ç”» #äº²å­äº’åŠ¨#èŒå¨ƒ #å„¿ç«¥ä¹è¶£,2025-03-28 10:07:55,3283620524466931,æˆ‘æ˜¯å°èˆ,,2555,15,919,https://p3-pc-sign.douyinpic.com/tos-cn-p-0015/osW1BnfzfABWCiDJAIlmQzQg5F9Fg51VoDEQAW~tplv-dy-360p.jpeg?lk3s=138a59ce&x-expires=1745722800&x-signature=yrLkMiGun6pUqLmgbu%2BNKF0mecw%3D&from=327834062&s=PackSourceEnum_AWEME_DETAIL&se=false&sc=origin_cover&biz_tag=pcweb_cover&l=20250413113948CC3204BA727F9D3872DA
7487885132871814437, #å„¿ç«¥åŠ¨ç”» #3åˆ°6å²å„¿ç«¥ç›Šæ™ºæ—©æ•™åŠ¨ç”» #å„¿ç«¥è§†é¢‘ #ç›Šæ™ºåŠ¨ç”» #3-6å²å„¿ç«¥ç›Šæ™ºåŠ¨ç”»ç‰‡,2025-03-31 16:20:20,7456627830921053244,æ‹‰å§†å¿«ä¹,,5029,17,1215,https://p3-pc-sign.douyinpic.com/tos-cn-p-0015/ognNCfUclBCQlAF9lA2Q8IyD06AAgtfPhAoDEG~tplv-dy-360p.jpeg?lk3s=138a59ce&x-expires=1745722800&x-signature=zfwSOqUVfgMTSIgF11cPy3GZDrk%3D&from=327834062&s=PackSourceEnum_AWEME_DETAIL&se=false&sc=origin_cover&biz_tag=pcweb_cover&l=2025041311400063E3D5B487987E3991F4
7489692361069513984, #å„¿ç«¥åŠ¨ç”» #0-6å²ç›Šæ™ºåŠ¨ç”»è§†é¢‘ #å„¿ç«¥åŠ¨ç”»ç‰‡0-3å²ç›Šæ™º #å„¿ç«¥åŠ¨ç”»å°è§†é¢‘ #å¯è’™ç›Šæ™ºåŠ¨ç”»,2025-04-05 13:16:31,3833346852920387,å°æ–°ä¸å°ç™½,,15037,205,4520,https://p3-pc-sign.douyinpic.com/tos-cn-p-0015/oYYCUwAgQbMA4GaWXeCPvPekFHvB7BF4ghWA8f~tplv-dy-360p.jpeg?lk3s=138a59ce&x-expires=1745722800&x-signature=ZPqptCU1%2Fba5punUKFifMQ5HhDM%3D&from=327834062&s=PackSourceEnum_AWEME_DETAIL&se=false&sc=origin_cover&biz_tag=pcweb_cover&l=2025041311402237CE30E92DD4FE391D7A
7487164188666744118,#å°çŒªä½©å¥‡#ä½©å¥‡çªç„¶å‘ç°çŒªçˆ¸å˜å¼‚äº† #èŠ’æœå½±è§†æ¨å¹¿è®¡åˆ’#,2025-03-29 17:41:17,94564206999,åŠ¨ç”»ç‰‡,,201,0,85,https://p3-pc-sign.douyinpic.com/tos-cn-p-0015/ocrAxjF5hQDOP2BAAMegfPEFnnQ69Q9AD5D8wB~tplv-dy-360p.jpeg?lk3s=138a59ce&x-expires=1745722800&x-signature=%2FXGVwb24ira9w0FZbWOcyDG4Bw4%3D&from=327834062&s=PackSourceEnum_AWEME_DETAIL&se=false&sc=origin_cover&biz_tag=pcweb_cover&l=202504131140347860F41021D33D39C108
7482967376942746940,#ä¸Šçƒ­é—¨ #ä½©å¥‡ä¹”æ²»,2025-03-18 10:15:22,2856974175452841,ä¹…ç»Š,,27042,10433,6334,https://p3-pc-sign.douyinpic.com/tos-cn-p-0015c000-ce/oQwst0DpIFAcIVC2UAEe21ASEeNpf9OYnWz7w4~tplv-dy-360p.jpeg?lk3s=138a59ce&x-expires=1745722800&x-signature=Uw293SXr8S42SzwAiesaoGmJSeQ%3D&from=327834062&s=PackSourceEnum_AWEME_DETAIL&se=false&sc=origin_cover&biz_tag=pcweb_cover&l=20250413114047AA7524C8EA3AE13A374C
7473075397228301577,è›‹ä»”æƒŠç°å°çŒªä½©å¥‡-è§„åˆ™æ€ªè°ˆï¼#è›‹ä»”æ´¾å¯¹ #è›‹ä»”æ´¾å¯¹åœ°å›¾æ¨è #å°çŒªä½©å¥‡ #å„¿ç«¥åŠ¨ç”»  #è›‹ä»”è›‡å¹´å·³ä¸å¯æŒ¡,2025-02-19 18:32:16,3107646643635728,çˆ†ç‚¸è èå’©,,513,34,267,https://p3-pc-sign.douyinpic.com/tos-cn-p-0015/oU571S1iMIwQZAbNzYACWBb7IgkY1IPyABvis~tplv-dy-360p.jpeg?lk3s=138a59ce&x-expires=1745722800&x-signature=2YSX3lOlybohiy9sTCEeZ1JU%2Fcs%3D&from=327834062&s=PackSourceEnum_AWEME_DETAIL&se=false&sc=origin_cover&biz_tag=pcweb_cover&l=20250413114058C45AC9E53470823A19AC
7477852246571568410,#å°çŒªä½©å¥‡,2025-03-04 15:26:16,110277629492,ç²‰è‰²å°çŒªå®,,905,25,355,https://p3-pc-sign.douyinpic.com/tos-cn-p-0015/oUf1GrDAAABiZigy4ABKNzIx4IzWCqe91isAjK~tplv-dy-360p.jpeg?lk3s=138a59ce&x-expires=1745722800&x-signature=lDeN8jcFhj0fZs2MWa0WST6z558%3D&from=327834062&s=PackSourceEnum_AWEME_DETAIL&se=false&sc=origin_cover&biz_tag=pcweb_cover&l=202504131141119AB11B19A12745397DAA
7490725821976497465,#å†…å®¹å¯å‘æœç´¢ #å°çŒªä½©å¥‡,2025-04-08 08:12:12,110277629492,ç²‰è‰²å°çŒªå®,,156,3,61,https://p3-pc-sign.douyinpic.com/tos-cn-p-0015c000-ce/ogwEpdn4BZ94ElEAFGA79QQD0wSe9fYCIQfY48~tplv-dy-360p.jpeg?lk3s=138a59ce&x-expires=1745722800&x-signature=LxkIRSg%2FCLLKw7odZbOfyVFnT%2Bc%3D&from=327834062&s=PackSourceEnum_AWEME_DETAIL&se=false&sc=origin_cover&biz_tag=pcweb_cover&l=20250413114123318434D7FDD16F3962DA
7490483926629092646,æˆ‘å±…ç„¶å˜æˆå¤©çº¿å®å®äº†ï¼Ÿ #æ‰“å¡ä¸€ç™¾å¼ è›‹ä»”åœ°å›¾#è›‹ä»”æ´¾å¯¹#è›‹ä»”æ¥åˆ°ä¸‰æ¬¡å…ƒ#çš®è›‹èŠ‚æ˜¥æ—¥æ¢¦æ¸¸ #å†…å®¹å¯å‘æœç´¢,2025-04-07 16:23:40,88422551655619,ç³–ç³–è¶…çˆ±ç©,,3357,186,2142,https://p3-pc-sign.douyinpic.com/tos-cn-p-0015/oIKsPCNDnBFrC2WFEyB4fAQNAAsnf81g69QxnM~tplv-dy-360p.jpeg?lk3s=138a59ce&x-expires=1745722800&x-signature=huEbieLVVxIMFH0lCMazVh0BX%2Fk%3D&from=327834062&s=PackSourceEnum_AWEME_DETAIL&se=false&sc=origin_cover&biz_tag=pcweb_cover&l=202504131141350CE832D82818163B335C
7465935284329319699,å°çŒªä½©å¥‡ï¼šæ¯’æ¶²å·åœŸé‡æ¥ #å°çŒªä½©å¥‡ #é‡çŒªä½©å¥‡ #ä½©å¥‡ä¹”æ²»,2025-01-31 12:46:23,2986731411879832,ç¨ç±³åŠ¨æ¼«åŸ,,5410,189,3909,https://p3-pc-sign.douyinpic.com/tos-cn-p-0015/ogshjJEQQAgnW6nfFqFC4AMC40VleAAUDBF9B4~tplv-dy-360p.jpeg?lk3s=138a59ce&x-expires=1745722800&x-signature=XPBLrxGTLe921ZBV4%2FoRCeXnBac%3D&from=327834062&s=PackSourceEnum_AWEME_DETAIL&se=false&sc=origin_cover&biz_tag=pcweb_cover&l=2025041311414796B9338C7632A9390908
7481113007611759881,æ±ªæ±ªé˜Ÿç«‹å¤§åŠŸï¼šå°ç ¾åŒ–èº«åƒµå°¸ï¼Œæ±ªæ±ªé˜Ÿå›¢ç»“ä¸€å¿ƒèƒ½å¦æ‰¾åˆ°ç ´è§£ä¹‹æ³•ï¼Ÿ #æ±ªæ±ªé˜Ÿç«‹å¤§åŠŸ #åŠ¨æ¼«æ¨è #è½»æ¼«è®¡åˆ’ #æç¬‘è§†é¢‘ #3åˆ°6å²å„¿ç«¥ç›Šæ™ºæ—©æ•™åŠ¨ç”»,2025-03-13 10:21:54,2289657558337432,æ±ªæ±ªé˜ŸåŠ¨ç”»ç‰‡,,1609,22,737,https://p3-pc-sign.douyinpic.com/tos-cn-p-0015/o8eAgcIQQEAffgSekQLYSdbHKUIf3HAJGIPsCi~tplv-dy-360p.jpeg?lk3s=138a59ce&x-expires=1745722800&x-signature=uhZP1yIbL5lXd0OxncmVHRj3kXQ%3D&from=327834062&s=PackSourceEnum_AWEME_DETAIL&se=false&sc=origin_cover&biz_tag=pcweb_cover&l=202504131141598E39BB9999B73E378151
7478984625856072960,æˆ‘é€šè¿‡çœ‹ç¾è…¿æ‰¾å¥³æœ‹å‹ #åŠ¨ç”» #åŠ¨æ¼« #ä¼ªäºº #å†…å®¹å¯å‘æœç´¢,2025-03-07 16:42:02,64870507214,èœ‚èˆæ¼«æ¸¸è®°,,6845,294,3766,https://p3-pc-sign.douyinpic.com/tos-cn-p-0015/o81sVBJzzTAQymGKB8iighBwA5AeWsFIIAfFCV~tplv-dy-360p.jpeg?lk3s=138a59ce&x-expires=1745722800&x-signature=p3EAZQ97oquWD7djLhl6Y2nut%2FA%3D&from=327834062&s=PackSourceEnum_AWEME_DETAIL&se=false&sc=origin_cover&biz_tag=pcweb_cover&l=202504131142118DDE11A8BE19B1386D34
7485388309892435237,çˆ¶æ¯ç¦»å©šåï¼Œå¦ˆå¦ˆåšå†³ä¸æ”¾å¼ƒè‡ªå·±çš„å­©å­ï¼ #åŠ¨æ¼« #äºŒæ¬¡å…ƒ #ç¥å¥‡æ•°å­—é©¬æˆå›¢,2025-03-24 22:55:06,1319038436256763,å—¨é€—åŠ¨ç”»,,2224,34,1158,https://p3-pc-sign.douyinpic.com/tos-cn-p-0015/owCzA5hwWLfLdBuHgPIGJJe0gyofAMoOBaCln7~tplv-dy-360p.jpeg?lk3s=138a59ce&x-expires=1745722800&x-signature=pQ7Z7%2Bt2PrgG02RVRCZNNU9nshE%3D&from=327834062&s=PackSourceEnum_AWEME_DETAIL&se=false&sc=origin_cover&biz_tag=pcweb_cover&l=202504131142223CEAD7C872A67E377256
7490172451347909888,å°å¥³å­©å¤§æˆ˜å“¥æ–¯æ‹‰ï¼Œè°æ›´å¼ºå‘¢ #å“¥æ–¯æ‹‰ #å„¿ç«¥åŠ¨ç”» #åŠ¨æ¼«æ¨è #äºŒæ¬¡å…ƒ #åŠ¨ç”»ç‰‡å„¿ç«¥è§†é¢‘3-6å²,2025-04-06 20:21:39,475420024907789,å“¥æ–¯æ‹‰äº‰éœ¸,,944,39,602,https://p3-pc-sign.douyinpic.com/tos-cn-p-0015/oAIBneBzKg9TABtpZbhARBCAirNdyB1I7gfi9c~tplv-dy-360p.jpeg?lk3s=138a59ce&x-expires=1745722800&x-signature=CP922p%2FOpY0lMb5HPJMbtW0BQFk%3D&from=327834062&s=PackSourceEnum_AWEME_DETAIL&se=false&sc=origin_cover&biz_tag=pcweb_cover&l=20250413114234DA2F960946DDA4392785
7478462155361209640,å§å§ç‹ å¿ƒçš„å°†æˆ‘æ°¸è¿œé”åœ¨äº†å®éªŒå®¤ #ä¼ªäºº #åŠ¨æ¼« #çŒå¥‡,2025-03-06 07:19:54,3846554228892283,ç‹¸ãã‚“,,3488,131,2752,https://p3-pc-sign.douyinpic.com/tos-cn-p-0015/o4AAILBVakUBG3707eeCb0BeAGIEBXmIaPcHIc~tplv-dy-360p.jpeg?lk3s=138a59ce&x-expires=1745722800&x-signature=LqXeh3bZfG%2FdCGAfD6EnMGf%2BXEg%3D&from=327834062&s=PackSourceEnum_AWEME_DETAIL&se=false&sc=origin_cover&biz_tag=pcweb_cover&l=20250413114258229DB91D57971B3A5189
7490892183319465266,#æç¬‘åŠ¨ç”» #æç¬‘,2025-04-08 18:47:52,668145756154992,è¶…çº§é›¶é£Ÿçˆ±å¥½è€…,,1250,9,557,https://p3-pc-sign.douyinpic.com/tos-cn-p-0015/oEb5sT2QfPBd0jbfAcGAsfaX98ffndHQEMZIAm~tplv-dy-360p.jpeg?lk3s=138a59ce&x-expires=1745722800&x-signature=2%2F8Jh97PLX%2Brfmcq6laT9SlPABg%3D&from=327834062&s=PackSourceEnum_AWEME_DETAIL&se=false&sc=origin_cover&biz_tag=pcweb_cover&l=202504131143101E52583AF148A23AD3EC
7484255763439897916,Â  #æ¼«å¨Â Â #æ¸¸æˆæ—¥å¸¸  #åŠ¨æ¼« #çƒ­é—¨,2025-03-22 09:01:00,3026294955051067,æ—ºä»”æ¸¸æˆ,,337,3,149,https://p3-pc-sign.douyinpic.com/tos-cn-p-0015c000-ce/owimIPeelA7rZrBvE1wiM7vdIfaazxiCUBS6dA~tplv-dy-360p.jpeg?lk3s=138a59ce&x-expires=1745722800&x-signature=9sZEhufC1eNeKQDYqnshjKODmuU%3D&from=327834062&s=PackSourceEnum_AWEME_DETAIL&se=false&sc=origin_cover&biz_tag=pcweb_cover&l=20250413114321A696B7A080970C3B90A7
7487796088099949860,ç”·äººæŠŠæ€€å­•çš„å¦»å­èµ¶äº†å‡ºå» #åŠ¨æ¼« #çŒå¥‡ #äºŒæ¬¡å…ƒ,2025-03-31 10:35:42,97846715464,ä¹å®åŠ¨ç”»,,1407,135,863,https://p3-pc-sign.douyinpic.com/tos-cn-p-0015/okQ20sIf1pTfzL8IAevG4ABHQKEeARGTDQbhIe~tplv-dy-360p.jpeg?lk3s=138a59ce&x-expires=1745722800&x-signature=f34ye3%2BawRVHgAxPzwNH8t9Xqt8%3D&from=327834062&s=PackSourceEnum_AWEME_DETAIL&se=false&sc=origin_cover&biz_tag=pcweb_cover&l=20250413114333A33E083EC8783F3AEEF7
7485703644784954683,#åŠ¨ç”»#åŠ¨æ¼«#äºŒæ¬¡å…ƒ,2025-03-25 19:13:27,1385839139232366,æœ€å°HP,,1560,106,1001,https://p3-pc-sign.douyinpic.com/tos-cn-p-0015c000-ce/oA3EVPzIid6B1CXjwxe9KPiFiAAeTBe82nW29I~tplv-dy-360p.jpeg?lk3s=138a59ce&x-expires=1745722800&x-signature=9sj3ILLWervf8GnYcsFnV6wtROc%3D&from=327834062&s=PackSourceEnum_AWEME_DETAIL&se=false&sc=origin_cover&biz_tag=pcweb_cover&l=20250413114345FC2A1BFBA7A4CB39FB71
7490191113580580154,#å‰§æƒ…åŠ¨ç”»Â  #æ¼«å¨Â Â  #æç¬‘ #çƒ­é—¨,2025-04-07 08:30:00,3026294955051067,æ—ºä»”æ¸¸æˆ,,646,25,371,https://p3-pc-sign.douyinpic.com/tos-cn-p-0015c000-ce/o4OyAOBiNteHCIzItCizAgTBw7eBNEgSvKfA6z~tplv-dy-360p.jpeg?lk3s=138a59ce&x-expires=1745722800&x-signature=wMCr80PhZLqhr5yIrvmGpDkXKPA%3D&from=327834062&s=PackSourceEnum_AWEME_DETAIL&se=false&sc=origin_cover&biz_tag=pcweb_cover&l=20250413114357EBC652EED5B741371336
7466382479549582619,å²è±å§†æŠŠå°‘å¥³åå™¬äº†#äºŒæ¬¡å…ƒå°‘å¥³ #äºŒæ¬¡å…ƒåŠ¨æ¼« #åŠ¨æ¼«è§£è¯´ #æ¸¸æˆè§£è¯´ #åŠ¨æ¼«,2025-02-01 17:37:51,3534246110576352,é“é”¤å¦¹å¦¹æ¸¸æˆè§£è¯´,,10694,663,11859,https://p3-pc-sign.douyinpic.com/tos-cn-p-0015/oYDdGEeJQCQOuQEj3f76BDiBpt8YeATvBKASFP~tplv-dy-360p.jpeg?lk3s=138a59ce&x-expires=1745722800&x-signature=trBsnzCLLGQlhxIFZgk0zJ2J4WA%3D&from=327834062&s=PackSourceEnum_AWEME_DETAIL&se=false&sc=origin_cover&biz_tag=pcweb_cover&l=20250413114408708BB5107576D1396D1D
7488972657636035875,å¤©é‚£ï¼Œææ€–çš„æµ·æ˜Ÿæ€ªå…¥ä¾µåŸå¸‚ï¼ #å½±è§†è§£è¯´ #äºŒæ¬¡å…ƒ #åŠ¨ç”» #å¥‡å¹»ç‰‡ #å¥‡å¹»ç”µå½±,2025-04-03 14:39:30,166735604880232,æ¸…å´½å½±è§†,,2943,69,1761,https://p3-pc-sign.douyinpic.com/tos-cn-p-0015/o4Ku7FUhPgGeBZBpLC3WhfmQgeMC3WAidA8WSv~tplv-dy-360p.jpeg?lk3s=138a59ce&x-expires=1745722800&x-signature=HT03YyPKLAfUvO%2B3b2FD%2FNvLxlg%3D&from=327834062&s=PackSourceEnum_AWEME_DETAIL&se=false&sc=origin_cover&biz_tag=pcweb_cover&l=2025041311442041F95DC70C63253B1B3C
7478899729624010041,å˜å¼‚å—ç“œäºº#åŠ¨ç”» #æç¬‘ #å„¿ç«¥åŠ¨ç”» #å³æ¢¦ai,2025-03-07 11:10:47,2894367300522352,AIé­”ç›’,,361,7,162,https://p9-pc-sign.douyinpic.com/tos-cn-p-0015c000-ce/oUQLO9CneyUxOFDqx6GD3wEAegEfASGvPQAJEm~tplv-dy-360p.jpeg?lk3s=138a59ce&x-expires=1745722800&x-signature=DO4m3tacShiNurbuo397Xyvr2n8%3D&from=327834062&s=PackSourceEnum_AWEME_DETAIL&se=false&sc=origin_cover&biz_tag=pcweb_cover&l=20250413114432D52AA82F1127E139CC5F
7474565786204376370,å½“è”¬èœé‡ä¸Šç”ŸåŒ–å±æœº#äºŒæ¬¡å…ƒ#å„¿ç«¥åŠ¨ç”» #åŸåˆ›åŠ¨ç”»#ç”ŸåŒ–å±æœº,2025-02-23 18:52:55,1640895185959880,å°æ»•æ½®ä¼šç©,,256,6,127,https://p3-pc-sign.douyinpic.com/tos-cn-p-0015/okJxfvrFDQtgy1g3A4FFD69jZBfznPAQEQg0Au~tplv-dy-360p.jpeg?lk3s=138a59ce&x-expires=1745722800&x-signature=A0VJI%2FezrgxfigAZcY2EqHaox58%3D&from=327834062&s=PackSourceEnum_AWEME_DETAIL&se=false&sc=origin_cover&biz_tag=pcweb_cover&l=202504131145239F34D7ABBE60DD3A6D98
7480690458381864232,å°å…”å…”è¿™å›ç©å„¿å¤§äº† #äºŒæ¬¡å…ƒ #åŠ¨æ¼«ååœºé¢ #åŠ¨æ¼«æ‚è°ˆ,2025-03-12 07:00:21,2955106104125532,77ã€åŠ¨æ¼«è§£è¯´ã€‘,,3963,133,2325,https://p9-pc-sign.douyinpic.com/tos-cn-p-0015/owhokLC7aGPeoQBDgA13AuROgez3QTBIflgdYD~tplv-dy-360p.jpeg?lk3s=138a59ce&x-expires=1745722800&x-signature=EUNMYUlektb0QhgL2azwkrAnssA%3D&from=327834062&s=PackSourceEnum_AWEME_DETAIL&se=false&sc=origin_cover&biz_tag=pcweb_cover&l=2025041311453582E1468C92827739616E
7482063039588502820,éº¦æ˜†è¢«æ”¹é€ æˆæ€ªç‰©ï¼Œæ•°ç™¾æ¶å¦å…‹æ”»å‡»å®ƒï¼Œåè¢«éº¦æ˜†ä¸€ç‚®è½°ç¢ #äºŒæ¬¡å…ƒ #æ€ªç‰©,2025-03-15 23:46:34,103596505226,æ°æ°è¯´åŠ¨æ¼«,,5156,74,2509,https://p3-pc-sign.douyinpic.com/tos-cn-p-0015/okSVetqPzQDIAgAIoB69gfBsQj4E4uAIjgqHNN~tplv-dy-360p.jpeg?lk3s=138a59ce&x-expires=1745722800&x-signature=GYgkZB3ag%2BctMmEX5eLW3IPXLNs%3D&from=327834062&s=PackSourceEnum_AWEME_DETAIL&se=false&sc=origin_cover&biz_tag=pcweb_cover&l=202504131145471E5711A7636F0E3BED29
7482056490900065588,å°é»„äººåªæ˜¯åƒäº†ä¸ªæ£’æ£’ç³–ï¼Œèº«ä½“å°±å‘ç”Ÿäº†å¥‡æ€ªçš„å˜åŒ– #å¥‡é—»å¥‡äº‹ #å°é»„äºº,2025-03-16 08:00:00,96337832307,èœœèœ‚æŠ½å­ğŸ,,3063,41,1492,https://p9-pc-sign.douyinpic.com/tos-cn-p-0015/oU1tk0CsgIXpUBeBzOPBrGnCqgfrESyeAASLW7~tplv-dy-360p.jpeg?lk3s=138a59ce&x-expires=1745722800&x-signature=DctAbdFZQZxuWYnzYJ83Iy6keIk%3D&from=327834062&s=PackSourceEnum_AWEME_DETAIL&se=false&sc=origin_cover&biz_tag=pcweb_cover&l=202504131145588D57B042F6B6AD39A9BF
7471618350104202547,å‡è£…æ€€å­•çš„è‚šå­ #åŠ¨æ¼« #äºŒæ¬¡å…ƒ #çŒå¥‡,2025-02-15 20:19:15,97846715464,ä¹å®åŠ¨ç”»,,399,25,300,https://p9-pc-sign.douyinpic.com/tos-cn-p-0015/os2ohIvvDIukew5WAxFANE975BfTn2AIE0glAs~tplv-dy-360p.jpeg?lk3s=138a59ce&x-expires=1745722800&x-signature=8By5VNe5Dks4RGM7PoffwrTjKrc%3D&from=327834062&s=PackSourceEnum_AWEME_DETAIL&se=false&sc=origin_cover&biz_tag=pcweb_cover&l=20250413114611B85068C83F4ED539B03C
7485934536832847131,ä½ ç»å¯¹æƒ³ä¸åˆ°ï¼Œå°é»„äººçš„æœ€ç»ˆç»“å±€ç«Ÿç„¶æ˜¯ç”Ÿå­©å­ï¼ #åŠ¨æ¼« #åŠ¨æ¼«è§£è¯´ #åŠ¨æ¼«æ¨è #äºŒæ¬¡å…ƒ #å†…å®¹å¯å‘æœç´¢,2025-03-26 10:11:07,87805059694,æœªç„¶è¯´åŠ¨æ¼«,,13909,1297,4795,https://p9-pc-sign.douyinpic.com/tos-cn-p-0015/o8nE9YejIN0BEoxC8j9DfBH7GeAFBuqAsDuPIn~tplv-dy-360p.jpeg?lk3s=138a59ce&x-expires=1745722800&x-signature=eJ%2FaWGcs9wvsOT6tJRKQVF9eO3c%3D&from=327834062&s=PackSourceEnum_AWEME_DETAIL&se=false&sc=origin_cover&biz_tag=pcweb_cover&l=202504131146216DB5F304CAA86D3C8021
7484029421737757961,ç¾å¥³é­å—é³„é±¼è¢­å‡»,2025-03-21 06:57:08,111640887494,è¶£å‘³åŠ¨æ¼«è§£è¯´,,1465,61,827,https://p3-pc-sign.douyinpic.com/tos-cn-p-0015/oM7flBXeAqBQvBUP6TGLIptuQCteA9YcZAGnBS~tplv-dy-360p.jpeg?lk3s=138a59ce&x-expires=1745722800&x-signature=yQIK5qCgo7EozLrdRcD2W%2BFUwoU%3D&from=327834062&s=PackSourceEnum_AWEME_DETAIL&se=false&sc=origin_cover&biz_tag=pcweb_cover&l=20250413114632349EF29C100550399560
7478321801672559899,å°çŒ«è¯¯æŠ“é²¨é±¼çš„å®å®ï¼Œå˜æˆé²¨é±¼æ€ªç‰© ğŸ¦ˆğŸ˜º #çŸ­ç‰‡#é²¨é±¼#å°çŒ« #çƒ­é—¨,2025-03-05 21:48:07,1578526235430260,å–µå–µcat,,1239,8,570,https://p3-pc-sign.douyinpic.com/tos-cn-p-0015/oAreuvDsQE79rKPBKVPBIDhCkQyyamefAAwFL7~tplv-dy-360p.jpeg?lk3s=138a59ce&x-expires=1745722800&x-signature=utgpsAE%2Fgx2WODXRLCCGf7KvMPY%3D&from=327834062&s=PackSourceEnum_AWEME_DETAIL&se=false&sc=origin_cover&biz_tag=pcweb_cover&l=20250413114654B33212845A80C938A983
7472300000681282854,æˆ‘åœ¨è€å…¬çš„å†…è£¤é‡Œæ”¾è§å…‰å‰‚#åŠ¨æ¼« #åŠ¨ç”» #çŒå¥‡ #ä¼ªäºº #äºŒæ¬¡å…ƒ,2025-02-17 16:22:28,2720629924309476,å°é±¼åŠ¨æ¼«ç¤¾,,2806,121,1597,https://p3-pc-sign.douyinpic.com/tos-cn-p-0015/osf8yadAABBEsbgIeMDWDnIcsIGFs89CvFbACr~tplv-dy-360p.jpeg?lk3s=138a59ce&x-expires=1745722800&x-signature=ideJ9w2FpOCV3poHBTgGfEcZ0g4%3D&from=327834062&s=PackSourceEnum_AWEME_DETAIL&se=false&sc=origin_cover&biz_tag=pcweb_cover&l=20250413114705DB602AC1B002283A3A16
7479008340492815631,æˆ‘æŠŠè›”è™«æ”¾è¿›äº†å¥³ä¸»äººå˜´é‡Œï¼Œè¯•å›¾å–ä»£å¥¹æˆä¸ºå¥³ä¸»äºº#çŒå¥‡ #äºŒæ¬¡å…ƒ #åŠ¨æ¼«è§£è¯´ #å†…å®¹å¯å‘æœç´¢,2025-03-07 18:12:26,2357829715637707,é±¼é±¼è¯´åŠ¨æ¼«å–,,3574,222,2056,https://p3-pc-sign.douyinpic.com/tos-cn-p-0015/ogExfn9AIAAfoIXKAnagmruLCBFY5xyDs9p8ys~tplv-dy-360p.jpeg?lk3s=138a59ce&x-expires=1745722800&x-signature=b1LmE7oe3BKeYT02qlRt6T8fxZU%3D&from=327834062&s=PackSourceEnum_AWEME_DETAIL&se=false&sc=origin_cover&biz_tag=pcweb_cover&l=20250413114716D829DC2B97F779397EEF
7486412402666556706,æˆ‘è¢«è€å…¬æ‹½ç€å‡ºå»è·‘æ­¥ï¼Œç»“æœé‡åˆ°äº†é‡äºº#ä¸‡ä¸‡æ²¡æƒ³åˆ° #äºŒæ¬¡å…ƒ #æç¬‘ #åŠ¨æ¼«æ¨è,2025-03-27 17:03:50,2357829715637707,é±¼é±¼è¯´åŠ¨æ¼«å–,,739,32,510,https://p3-pc-sign.douyinpic.com/tos-cn-p-0015/o4GmlHeiBseiPLkBSkoCAXEIIyQBFQWA7zfcrq~tplv-dy-360p.jpeg?lk3s=138a59ce&x-expires=1745722800&x-signature=vi20PZ7Tj7XeQzt4cBK0MykLNRg%3D&from=327834062&s=PackSourceEnum_AWEME_DETAIL&se=false&sc=origin_cover&biz_tag=pcweb_cover&l=20250413114728014C52E8FDEB1A3B0FA9
7482732161737444642,é—ºèœœæŠŠæˆ‘ç»¿äº†ï¼Œæˆ‘å†³å®šæŠŠå¥¹ç»¿äº†#åŠ¨ç”» #æç¬‘ #ä¸‡ä¸‡æ²¡æƒ³åˆ° #ç¾çš„æ²¹çƒŸæœºæ”¯æŒä½ çš„æ¯ä¸€é¢,2025-03-17 19:02:39,2357829715637707,é±¼é±¼è¯´åŠ¨æ¼«å–,,416,18,378,https://p9-pc-sign.douyinpic.com/tos-cn-p-0015/oYBPIQnmfGAVAHgOSALfEsfAXHGAKIXYIee0YI~tplv-dy-360p.jpeg?lk3s=138a59ce&x-expires=1745722800&x-signature=MY2CXMRnSRVIf%2FWO0iNdECT86ug%3D&from=327834062&s=PackSourceEnum_AWEME_DETAIL&se=false&sc=origin_cover&biz_tag=pcweb_cover&l=20250413114739BC6AE69B724E6739C4C0
7479372430599818530,ç”·äººç”¨èš‚èŸ¥å¸®åŠ©è€å©†å‡è‚¥#çŒå¥‡ #åŠ¨æ¼«è§£è¯´ #äºŒæ¬¡å…ƒ #å†…å®¹å¯å‘æœç´¢,2025-03-08 17:45:13,2357829715637707,é±¼é±¼è¯´åŠ¨æ¼«å–,,402,10,309,https://p3-pc-sign.douyinpic.com/tos-cn-p-0015/o0pCIBYMDQW14YnFAqFBCn92uBfmnZAQEeg2Az~tplv-dy-360p.jpeg?lk3s=138a59ce&x-expires=1745722800&x-signature=c0CTcR8LFyfbGLa2SKmowhLejDE%3D&from=327834062&s=PackSourceEnum_AWEME_DETAIL&se=false&sc=origin_cover&biz_tag=pcweb_cover&l=202504131147510D316A16C10F393A90B8
7480520381183348022,ä¸è¦åƒé™Œç”Ÿäººçš„ç³–æœ ä¸è¦åƒé™Œç”Ÿäººçš„ç³–æœ@3-6å²å„¿ç«¥ç¡å‰æ•…äº‹3å²åˆ°6å²å„¿ç«¥ç¡å‰ç«¥è¯æ•…äº‹å¤§å…¨ç»˜æœ¬ä¹¦æ¨è6åˆ°12å²æœ‰å£°ç‰ˆæ–‡å­—ç‰ˆæœ‰è¶£çš„å¹¼ç¨šçš„æ•…äº‹å„¿ç«¥æ—©æ•™ç›Šæ™ºåŠ¨ç”»7-12å²åŸåˆ›å„¿ç«¥ç›Šæ™ºæ—©æ•™æ•…äº‹åŠ¨ç”»4-6å²å¹¼å°‘å„¿ç«¥æœ‰è¶£çš„æ™šå®‰ç»˜æœ¬å°æ•…äº‹è¯»ç‰© ç¡å‰æ•…äº‹å°æ•…äº‹å¤§é“ç†ç»˜æœ¬æ•…äº‹ç«¥è¯æ•…äº‹äº²å­é˜…è¯»ä¼´è¯»æ€§æ ¼åŸ¹å…»è¯­è¨€è¡¨è¾¾èƒ½åŠ›å®¶åº­æ•™è‚²å­©å­æ•™è‚²è‚²å„¿è‚²å„¿è‚²å·±å®¶é•¿å¿…è¯»å­©å­è¯»ç‰©#å„¿ç«¥ç¡å‰æ•…äº‹#å„¿ç«¥åŠ¨ç”» @DOU+ä¸Šçƒ­é—¨@DOU+å°åŠ©æ‰‹@æŠ–éŸ³å°åŠ©æ‰‹,2025-03-11 20:04:16,7469008342061712444,æ£’æ£’ç³–å„¿ç«¥æ•…äº‹,,18529,1265,9601,https://p3-pc-sign.douyinpic.com/tos-cn-p-0015/o4zIAIPAPXJQ2h6UAZ6HbPUTRCQmii9LI8Bsl~tplv-dy-360p.jpeg?lk3s=138a59ce&x-expires=1745722800&x-signature=Jd1BYnW8svF40WkuFdWZI2V%2FZCo%3D&from=327834062&s=PackSourceEnum_AWEME_DETAIL&se=false&sc=origin_cover&biz_tag=pcweb_cover&l=20250413114802ACC52B95A3BB5C3A732F
7489062619828047139,è´ªåƒç³–æœçš„ä¸¥é‡åæœ @3-6å²å„¿ç«¥ç¡å‰æ•…äº‹3å²åˆ°6å²å„¿ç«¥ç¡å‰ç«¥è¯æ•…äº‹å¤§å…¨ç»˜æœ¬ä¹¦æ¨è6åˆ°12å²æœ‰å£°ç‰ˆæ–‡å­—ç‰ˆæœ‰è¶£çš„å¹¼ç¨šçš„æ•…äº‹å„¿ç«¥æ—©æ•™ç›Šæ™ºåŠ¨ç”»7-12å²åŸåˆ›å„¿ç«¥ç›Šæ™ºæ—©æ•™æ•…äº‹åŠ¨ç”»4-6å²å¹¼å°‘å„¿ç«¥æœ‰è¶£çš„æ™šå®‰ç»˜æœ¬å°æ•…äº‹è¯»ç‰© ç¡å‰æ•…äº‹å°æ•…äº‹å¤§é“ç†ç»˜æœ¬æ•…äº‹ç«¥è¯æ•…äº‹äº²å­é˜…è¯»ä¼´è¯»æ€§æ ¼åŸ¹å…»è¯­è¨€è¡¨è¾¾èƒ½åŠ›å®¶åº­æ•™è‚²å­©å­æ•™è‚²è‚²å„¿è‚²å„¿è‚²å·±å®¶é•¿å¿…è¯»å­©å­è¯»ç‰©#å„¿ç«¥ç¡å‰æ•…äº‹#å„¿ç«¥åŠ¨ç”» #æ¯å©´è‚²å„¿#æ—©æ•™ç›Šæ™º@DOU+ä¸Šçƒ­é—¨@DOU+å°åŠ©æ‰‹@æŠ–éŸ³å°åŠ©æ‰‹,2025-04-03 20:34:55,7469008342061712444,æ£’æ£’ç³–å„¿ç«¥æ•…äº‹,,300,30,164,https://p3-pc-sign.douyinpic.com/tos-cn-p-0015/o4n3GQPQG5nAQCgAAIeHAIFexLenAPBBirg7au~tplv-dy-360p.jpeg?lk3s=138a59ce&x-expires=1745722800&x-signature=EuC1hMzgXpEuUH22UrDFDxJ%2BwNc%3D&from=327834062&s=PackSourceEnum_AWEME_DETAIL&se=false&sc=origin_cover&biz_tag=pcweb_cover&l=20250413114814014C52E8FDEB1A3B2BEC
7468885214849256756,å¼€å¿ƒè¶…äººå°å‰§åœºï¼šæå‰é¢„è­¦ #æç¬‘åŠ¨ç”» #ç«¥å¹´åŠ¨ç”» #ç«¥å¹´å›å¿† #å¼€å¿ƒè¶…äºº @DOU+å°åŠ©æ‰‹ @å„¿ç«¥å°‘å„¿åŠ¨ç”»ç‰‡å¤§å…¨,2025-02-09 17:00:00,493058580022135,å¼€å¿ƒè¶…äººå°å‰§åœº,,170,3,52,https://p3-pc-sign.douyinpic.com/tos-cn-p-0015/okaP02VJBIuGTmxgAgiBC2eTyBf6zyAIijgiA0~tplv-dy-360p.jpeg?lk3s=138a59ce&x-expires=1745722800&x-signature=wOmIypekgVrT2H6sxOlrab7Ty%2Bk%3D&from=327834062&s=PackSourceEnum_AWEME_DETAIL&se=false&sc=origin_cover&biz_tag=pcweb_cover&l=202504131148258D57B042F6B6AD39FFB7
7474326218758688012,ï¼ˆå°çŒªä½©å¥‡è¿·ä½ å‰§15ï¼‰#å°çŒªä½©å¥‡ #åŸæ¥ä½©å¥‡æ•™äº†æˆ‘ä»¬è¿™ä¹ˆå¤š #åŠ¨ç”»å°æ•…äº‹ #å¹¼å„¿å¯è’™æ•™è‚² #çœ‹æœ€å¹¼ç¨šçš„åŠ¨ç”»æ˜ç™½æœ€æ·±çš„é“ç†,2025-02-23 03:26:44,3368551136898589,å°çŒªä½©å¥‡*,,1466,66,574,https://p3-pc-sign.douyinpic.com/tos-cn-p-0015/okPiWDuNQADO4uBApAJEbBT0ZQS9gfF3n6BZuf~tplv-dy-360p.jpeg?lk3s=138a59ce&x-expires=1745722800&x-signature=4LpasRqIzXpOuLXk%2FwaWt6tHjAY%3D&from=327834062&s=PackSourceEnum_AWEME_DETAIL&se=false&sc=origin_cover&biz_tag=pcweb_cover&l=202504131148368D57B042F6B6AD3A05C8
7462544153256135963,#è‰¾èå…¬ä¸»è§†é¢‘åŠ¨ç”»ç‰‡ #å„¿ç«¥åŠ¨ç”» #åŸåˆ›åŠ¨ç”» #ç«¥è¯æ•…äº‹,2025-01-22 09:23:31,4361112142226474,é±¼å®,,3381,147,1447,https://p3-pc-sign.douyinpic.com/tos-cn-p-0015/o04JQABCECBZNEInCkFfABgdCSgch7If9tDmA0~tplv-dy-360p.jpeg?lk3s=138a59ce&x-expires=1745722800&x-signature=KmKpcEpsuc1E%2BkbAyZkpmYNVOf4%3D&from=327834062&s=PackSourceEnum_AWEME_DETAIL&se=false&sc=origin_cover&biz_tag=pcweb_cover&l=20250413114849B7A582FF4C9AAF3A8A20
7455144264461323571,#æ±ªæ±ªé˜Ÿ#å„¿ç«¥åŠ¨ç”» #åŠ¨æ¼« #ç‹—ç‹—,2025-01-02 10:48:17,2669256996042813,å¥½ç‰©ç”„é€‰,,782,48,358,https://p3-pc-sign.douyinpic.com/tos-cn-p-0015/oAarydqVILVfAL1z3D0gCACflBe1EsGcDgne25~tplv-dy-360p.jpeg?lk3s=138a59ce&x-expires=1745722800&x-signature=xtxE1mO672dSAGDKCfnmgxEGYek%3D&from=327834062&s=PackSourceEnum_AWEME_DETAIL&se=false&sc=origin_cover&biz_tag=pcweb_cover&l=20250413114900A254F471B0527B3A4B89
7460106817675267386,æ±ªæ±ªé˜Ÿç«‹å¤§åŠŸ ç¬¬åå­£é£ä¸Šå¤©çš„æ¯é¸¡3#æ±ªæ±ªé˜Ÿç«‹å¤§åŠŸ #ç©å…·æ¨è #æ±ªæ±ªé˜Ÿ #æ±ªæ±ªé˜Ÿç«‹å¤§åŠŸç©å…· #æ±ªæ±ªé˜Ÿç©å…·,2025-01-15 19:44:43,93699930193,æ±ªæ±ªé˜Ÿç«‹å¤§åŠŸå®˜æ–¹æ——èˆ°åº—,åº—é“ºè´¦å·,74342,1801,28107,https://p3-pc-sign.douyinpic.com/tos-cn-p-0015c000-ce/o4UPePNVEuPzAFfUTA8QIgJPgjnDCQDpBQ1f7S~tplv-dy-360p.jpeg?lk3s=138a59ce&x-expires=1745722800&x-signature=O0d099wTTwSBimc2d2WkBSujQo8%3D&from=327834062&s=PackSourceEnum_AWEME_DETAIL&se=false&sc=origin_cover&biz_tag=pcweb_cover&l=202504131149250B900BECF79E07399C4B
7458629673673706787,#æ‰‹å·¥diy #ç²˜åœŸ #äº²å­æ‰‹å·¥ #åˆ¶ä½œè¿‡ç¨‹ #åŸåˆ›ä½œå“,2025-01-11 20:13:04,1957592841336860,åˆ›æ„ä¹å›­,,143,7,66,https://p3-pc-sign.douyinpic.com/tos-cn-p-0015/o0QCdAfE3ggFnhmNoQBA9pAtfDQKF1AZDqimYC~tplv-dy-360p.jpeg?lk3s=138a59ce&x-expires=1745722800&x-signature=QWQWuE1%2BfbuQcGFKPOXJknV8Zcw%3D&from=327834062&s=PackSourceEnum_AWEME_DETAIL&se=false&sc=origin_cover&biz_tag=pcweb_cover&l=20250413114936ACC52B95A3BB5C3AAB5D
7485324966406278458,å¤ªä¹™çœŸäºº#å“ªå’2 #ç²˜åœŸæ‰‹å·¥ #å¤ªä¹™çœŸäººçš„çŒª #å“ªå’æ•–ä¸™ #å¥¥ç‰¹æ›¼è¶£å‘³åŠ¨ç”»,2025-03-24 18:44:00,649180607947369,å°ç¦çŒª,,28320,743,15694,https://p3-pc-sign.douyinpic.com/tos-cn-p-0015c000-ce/ocCPgwMFygPMXfc7J88C7RNeuWIJbmBfAQJcOg~tplv-dy-360p.jpeg?lk3s=138a59ce&x-expires=1745722800&x-signature=29hrfoqk9eLBt0mJHuqynctWJoI%3D&from=327834062&s=PackSourceEnum_AWEME_DETAIL&se=false&sc=origin_cover&biz_tag=pcweb_cover&l=20250413114946512D6D14C6D9E43D2D2B
7421314671514357004,#åŠ¨ç”» #3åˆ°6å²å„¿ç«¥ç›Šæ™ºæ—©æ•™åŠ¨ç”» #å„¿ç«¥ç›Šæ™º #åŠ¨ç”»ç‰‡æ¯å¤©æ›´æ–°,2024-10-03 06:51:48,1482579757776174,S çš„åŠ¨ç”»åº“ .,,9778,774,3190,https://p3-pc-sign.douyinpic.com/tos-cn-p-0015/o4fXzu6NfBAiKLKIBIc94vA8mlYgpmnpBA99ib~tplv-dy-360p.jpeg?lk3s=138a59ce&x-expires=1745722800&x-signature=Y1sWurOWysM%2F9s6RhhBNnXY5HAY%3D&from=327834062&s=PackSourceEnum_AWEME_DETAIL&se=false&sc=origin_cover&biz_tag=pcweb_cover&l=202504131149577ACF9596A820BB39A724
7477887050876800295,é²¨é±¼ä¸€å®¶ #å®å®å„¿æ­Œ #å®å®å·´å£«å„¿æ­Œ3dç‰ˆ #å„¿æ­Œä¸²çƒ§,2025-03-04 17:41:16,2743979968564372,å®å®è‚²å„¿å›¾ä¹¦,,8014,366,3011,https://p3-pc-sign.douyinpic.com/tos-cn-p-0015/oMje74i7sqSKEGDyA0TAyJgIBfAAiABYyBwz2I~tplv-dy-360p.jpeg?lk3s=138a59ce&x-expires=1745722800&x-signature=T6SZFcOPBRAQYI%2F%2BtC9GuvPAvB8%3D&from=327834062&s=PackSourceEnum_AWEME_DETAIL&se=false&sc=origin_cover&biz_tag=pcweb_cover&l=202504131150074FAE0B3C0E51A938B284
7448144497512385849,å®å®å·´å£«å„¿æ­Œ#å®å®å„¿æ­Œ0-3å²100é¦– #å¹¼å„¿å¯è’™å„¿æ­Œ #å®å®å·´å£«,2024-12-14 14:04:49,3171404489692779,æ˜Ÿæ˜Ÿä¹‹ç«â­,,19182,1580,7466,https://p3-pc-sign.douyinpic.com/tos-cn-p-0015c000-ce/o4gGIRUVBItAMdyfAgiBeQ9sICfnnIEIiywNAX~tplv-dy-360p.jpeg?lk3s=138a59ce&x-expires=1745722800&x-signature=vetKJOA0aVx20BUM%2FalBveIgISI%3D&from=327834062&s=PackSourceEnum_AWEME_DETAIL&se=false&sc=origin_cover&biz_tag=pcweb_cover&l=202504131150556C99463726D6E93A97DE
7474604654664371495,æ˜¥å¤©åœ¨å“ªé‡Œ #å®å®å„¿æ­Œ #å®å®å·´å£«å„¿æ­Œ3dç‰ˆ #å„¿æ­Œä¸²çƒ§,2025-02-23 21:33:00,2743979968564372,å®å®è‚²å„¿å›¾ä¹¦,,2460,97,760,https://p3-pc-sign.douyinpic.com/tos-cn-p-0015/o8g2OEyxnACuImNkADB2enQuFDIQNQf96AFK7i~tplv-dy-360p.jpeg?lk3s=138a59ce&x-expires=1745722800&x-signature=tCYZwA7zPEpyXfhzbcEB7A56cO8%3D&from=327834062&s=PackSourceEnum_AWEME_DETAIL&se=false&sc=origin_cover&biz_tag=pcweb_cover&l=20250413115106A0A3C8EA6BD19B3CB85C
7452407505570811146,å®å®å·´å£«å„¿æ­Œï¼Œè§†é¢‘æœ‰ç‚¹é•¿ç‚¹ä¸ªå…³æ³¨æ…¢æ…¢çœ‹è°¢è°¢ï¼Œå®å®æœ€å–œæ¬¢çœ‹çš„å‡ ä¸ªåŠ¨ç”»ï¼Œå°ç™½å…”ç™½åˆç™½ï¼Œæ‹”èåœï¼Œä¸¤åªè€è™ï¼Œå°æ¯›é©´ï¼Œæ´—æ‰‹æ­Œï¼Œå°å…”å­ä¹–ä¹–ï¼Œæ•°é¸­å­ï¼Œæ˜¥å¤©åœ¨å“ªé‡Œ#å¯è’™æ—©æ•™ #å®å®å„¿æ­Œ #ç›Šæ™ºåŠ¨ç”» #3åˆ°6å²å„¿ç«¥ç›Šæ™ºæ—©æ•™åŠ¨ç”» #0åˆ°3å²æ—©æ•™å„¿æ­Œ,2024-12-26 01:49:26,66869308226,å˜‰å˜‰å°å®è´,,51650,4916,20982,https://p3-pc-sign.douyinpic.com/tos-cn-p-0015/o8FN5AvDCtIBxReZAfgCIjiiFkj4JzscBWAiBN~tplv-dy-360p.jpeg?lk3s=138a59ce&x-expires=1745722800&x-signature=eejsIpgtRhq62sfmgLmRGDngoi0%3D&from=327834062&s=PackSourceEnum_AWEME_DETAIL&se=false&sc=origin_cover&biz_tag=pcweb_cover&l=20250413115119D2622A5D2CDB9F3EA5F6
7471561658687606075,#å®å®å·´å£« #0åˆ°3å²æ—©æ•™å„¿æ­Œ #å®å®å„¿æ­Œ #å„¿ç«¥åŠ¨ç”» #å„¿æ­Œ,2025-02-15 16:35:22,4212927669483678,å¿«ä¹çš„åŒ—åŒ—,,33107,2363,14115,https://p3-pc-sign.douyinpic.com/tos-cn-p-0015c000-ce/ocCseITIDjOFFCUfwEfcA6BGgFmTcnEAwgU9Dw~tplv-dy-360p.jpeg?lk3s=138a59ce&x-expires=1745722800&x-signature=WZgLdmG13cEAQkeWwltEX1W%2BXfc%3D&from=327834062&s=PackSourceEnum_AWEME_DETAIL&se=false&sc=origin_cover&biz_tag=pcweb_cover&l=202504131151308E782B750681C3399139
7484028570264767771,å®å®å·´å£«å„¿æ­Œåˆé›†100é¦–ã€‚ #ç«¥å¹´åŠ¨ç”» #åŠ¨ç”»çŸ­ç‰‡ #æˆ‘åœ¨æŠ–éŸ³çœ‹åŠ¨ç”»ç‰‡ #åŠ¨ç”»ç‰‡æ¯å¤©æ›´æ–° #å°‘å„¿åŠ¨ç”» ,2025-03-21 06:53:33,4119232506766243,ç‘¶å°å¦¹,,1680,68,686,https://p3-pc-sign.douyinpic.com/tos-cn-p-694b40/oEt6bvi7hIBGnzAH0BsQfQijzcIdkCsAhLHknA~tplv-dy-360p.jpeg?lk3s=138a59ce&x-expires=1745722800&x-signature=cSkZkP9HGW%2BVMozIfqAcHeTsbuQ%3D&from=327834062&s=PackSourceEnum_AWEME_DETAIL&se=false&sc=origin_cover&biz_tag=pcweb_cover&l=20250413115145CE8DAEA26001483AF584
7471921913657314617,#å¯è’™æ—©æ•™ #å®å®å·´å£« #0åˆ°3å²æ—©æ•™å„¿æ­Œ #å„¿ç«¥åŠ¨ç”» #åŠ¨ç”»,2025-02-16 15:53:16,4212927669483678,å¿«ä¹çš„åŒ—åŒ—,,11154,754,4145,https://p3-pc-sign.douyinpic.com/tos-cn-p-0015c000-ce/oALxeEgYfAQpWCS7CD7PCaC6mEJ8FBRMPzeQkq~tplv-dy-360p.jpeg?lk3s=138a59ce&x-expires=1745722800&x-signature=hqBAHACKSjo44hHfFR0A8Wmf%2FGI%3D&from=327834062&s=PackSourceEnum_AWEME_DETAIL&se=false&sc=origin_cover&biz_tag=pcweb_cover&l=20250413115155DFCEB38D1581B43A4ED1
7443790679140044072,#å¯è’™æ—©æ•™ #0åˆ°3å²æ—©æ•™å„¿æ­Œ #å„¿æ­Œ100é¦–æœ€ç« #å®å®å·´å£« #å„¿ç«¥åŠ¨ç”»,2024-12-02 20:29:47,477605706073614,å¾$å°½æ¬¢,,10087,649,3962,https://p3-pc-sign.douyinpic.com/tos-cn-p-0015/o4gybOmBfC0eOA72jXgAqLIBkUG0dmFoTe8pHE~tplv-dy-360p.jpeg?lk3s=138a59ce&x-expires=1745722800&x-signature=VDkSdTqTWXRJUAJ2l9sxewTamMA%3D&from=327834062&s=PackSourceEnum_AWEME_DETAIL&se=false&sc=origin_cover&biz_tag=pcweb_cover&l=202504131152071969B0C4AC41BB3B5FCA
7433978339779546428,#å®å®å·´å£« #å„¿ç«¥å¯è’™æ—©æ•™ç›Šæ™ºåŠ¨ç”»ç‰‡ #å¯è’™æ—©æ•™ #å®è´èµ³èµ³ #3åˆ°6å²å„¿ç«¥ç›Šæ™ºæ—©æ•™åŠ¨ç”»ç‰‡,2024-11-06 09:52:54,1959771745557961,æ½®æµé£å‘æ ‡,,45131,2245,14246,https://p3-pc-sign.douyinpic.com/tos-cn-p-0015c000-ce/oMEQwE2D9vLQnAmfVDGKhsAe4yrDACFAeB4EQl~tplv-dy-360p.jpeg?lk3s=138a59ce&x-expires=1745722800&x-signature=tFkJBAKHwD6OQWhDuJXvfzwePF0%3D&from=327834062&s=PackSourceEnum_AWEME_DETAIL&se=false&sc=origin_cover&biz_tag=pcweb_cover&l=202504131152198EFCBFC9B2162838F2A5
7471555143796903228,#å®å®å„¿æ­Œ #å®å®å·´å£« #å„¿ç«¥åŠ¨ç”» #å¹¼å„¿åŠ¨ç”»#0åˆ°3å²æ—©æ•™å„¿æ­Œ,2025-02-15 16:10:02,4212927669483678,å¿«ä¹çš„åŒ—åŒ—,,10750,992,3968,https://p3-pc-sign.douyinpic.com/tos-cn-p-0015c000-ce/oQF7GIgyQfPC0eB7QCgaN8LZJYWQlJeJUwAnZh~tplv-dy-360p.jpeg?lk3s=138a59ce&x-expires=1745722800&x-signature=ElhZ7PNrNyVP8VLZOe7Vvi5Enp4%3D&from=327834062&s=PackSourceEnum_AWEME_DETAIL&se=false&sc=origin_cover&biz_tag=pcweb_cover&l=20250413115232458FFD5096E2ED3BF8F7
7434370735092567356,#å¯è’™æ—©æ•™ #å®å®å·´å£« #å®è´èµ³èµ³ #0-3å²å„¿ç«¥å¯è’™æ—©æ•™jojo #æ—©æ•™,2024-11-07 11:15:32,4449044506871099,æ²ˆé‚±å¿æ™¯å±•æ‹¾ç™¾è´§åº—,æ²ˆä¸˜å¿æ™¯å±•æ‹¾ç™¾è´§åº—ï¼ˆä¸ªä½“å·¥å•†æˆ·ï¼‰,6835,282,2495,https://p3-pc-sign.douyinpic.com/tos-cn-p-0015c000-ce/oMADsLo1CWhUGMPF7eHCGhBgg8IVJEfQfO2JQy~tplv-dy-360p.jpeg?lk3s=138a59ce&x-expires=1745722800&x-signature=d1mxrNBNCsN1o2O56x19leWIY9Y%3D&from=327834062&s=PackSourceEnum_AWEME_DETAIL&se=false&sc=origin_cover&biz_tag=pcweb_cover&l=20250413115303149CDA723F92F13A231A
7490888490855566649,#äº²å­äº’åŠ¨ #å¯è’™æ—©æ•™ #å„¿ç«¥åŠ¨ç”» #3åˆ°6å²å„¿ç«¥ç›Šæ™ºæ—©æ•™åŠ¨ç”» #å¥¥ç‰¹æ›¼,2025-04-08 18:33:17,4501830478337428,ç”¨æˆ·8415891321394,,8578,213,3718,https://p3-pc-sign.douyinpic.com/tos-cn-p-0015c000-ce/oE39eQ0QDqfrPC9xwEftA4EJhF0G6nEAVui91p~tplv-dy-360p.jpeg?lk3s=138a59ce&x-expires=1745722800&x-signature=%2BRjcn%2FxY%2FB%2BiHL0cMguf5GjL69Q%3D&from=327834062&s=PackSourceEnum_AWEME_DETAIL&se=false&sc=origin_cover&biz_tag=pcweb_cover&l=202504131153138E837D625668B43B3AD5
7477765465050418467,#3åˆ°6å²ç›Šæ™ºå¯è’™ç©å…· #æ‹¼ä¹é«˜ç§¯æœ¨ç©å…·æ–¹æ³• #0-3å²å„¿ç«¥å¯è’™æ—©æ•™åŠ¨ç”»ç‰‡ #é€‚åˆä¸‰å››å²å„¿ç«¥çœ‹çš„æ—©æ•™åŠ¨ç”»ç‰‡æ¨èè§†é¢‘ #å„¿ç«¥åŠ¨ç”»,2025-03-04 09:49:31,209356512574233,è‚¥è‚¥åŠ¨ç”»,,13,0,4,https://p9-pc-sign.douyinpic.com/tos-cn-p-0015/o8CGjxbIe07CDQaQJCLPAXbGAcEYDBuDeLjBe2~tplv-dy-360p.jpeg?lk3s=138a59ce&x-expires=1745722800&x-signature=IHrTxMp3LIc%2FbmUkgT1Frji%2FwA0%3D&from=327834062&s=PackSourceEnum_AWEME_DETAIL&se=false&sc=origin_cover&biz_tag=pcweb_cover&l=202504131153261ECC6AB066842A3CCDD4
7486070854862769459,#å„¿ç«¥ç›Šæ™º #0åˆ°3å²å¹¼å„¿æ—©æ•™ç›Šæ™ºåŠ¨ç”»å¤§å…¨ #å„¿ç«¥ç›Šæ™ºç±»ç©å…·ä¹é«˜ç§¯æœ¨ #äº²å­äº’åŠ¨ #ç›Šæ™ºç©å…·,2025-03-28 10:48:00,1863024128302185,å°å¥¥ç‰¹æ›¼æ‰“å°æ€ªå…½,,18,0,5,https://p9-pc-sign.douyinpic.com/tos-cn-p-0015/osmzTnb6CAk3Ce84gIipe3NBPPJNUdPiAABbjI~tplv-dy-360p.jpeg?lk3s=138a59ce&x-expires=1745722800&x-signature=BUWDk2YcGFOypM5VW%2BmPLODVPYk%3D&from=327834062&s=PackSourceEnum_AWEME_DETAIL&se=false&sc=origin_cover&biz_tag=pcweb_cover&l=20250413115338897CC5455DDBFD3A79E3
7489654700950736140,#å„¿ç«¥ç›Šæ™º #0åˆ°3å²å¹¼å„¿æ—©æ•™ç›Šæ™ºåŠ¨ç”»å¤§å…¨ #å„¿ç«¥ç›Šæ™ºç±»ç©å…·ä¹é«˜ç§¯æœ¨ #äº²å­äº’åŠ¨ #ç›Šæ™ºç©å…·,2025-04-06 16:50:00,1880624555908122,å°å¥¥ç‰¹æ›¼æ‰“å°æ€ªå…½,,14,0,5,https://p3-pc-sign.douyinpic.com/tos-cn-p-0015/oAPgEhhUNCOBTAW7GBbA1AfMe4BzAX8fbMNMQB~tplv-dy-360p.jpeg?lk3s=138a59ce&x-expires=1745722800&x-signature=4G%2BgNJfmSgtO6hR26CQAEgIOnuA%3D&from=327834062&s=PackSourceEnum_AWEME_DETAIL&se=false&sc=origin_cover&biz_tag=pcweb_cover&l=2025041311535358974B12B11AEF3B9E52
7462216463743536447,é—²æš‡ä¹‹ä½™å¿…é¡»è¦çœ‹ä¸€é›†è„‘æ´å¤§å¼€çš„åŠ¨ç”»ç‰‡ #åŠ¨æ¼«è§£è¯´ #ç«¥å¹´åŠ¨ç”» #æç¬‘åŠ¨ç”» #ç«¥å¹´å›å¿† #è„‘æ´å¤§å¼€çš„åŠ¨æ¼«,2025-01-21 12:12:09,2025780728313581,æ°ç‘çœ‹åŠ¨æ¼«,,8191,837,3062,https://p3-pc-sign.douyinpic.com/tos-cn-p-0015/oIqP9nU1jeoEAHrOAAQM285fR5mglFQDCWCBsx~tplv-dy-360p.jpeg?lk3s=138a59ce&x-expires=1745722800&x-signature=bAcNRq7byqyzarooK710dWs9wA0%3D&from=327834062&s=PackSourceEnum_AWEME_DETAIL&se=false&sc=origin_cover&biz_tag=pcweb_cover&l=202504131154047D195290A9A4393C5C20
7458881987311422720,#å¥¥ç‰¹æ›¼å„¿ç«¥åŠ¨ç”»ç‰‡ #äº²å­äº’åŠ¨ #å„¿ç«¥ç›Šæ™º #å¥½åƒåˆ°åœä¸ä¸‹æ¥ #3åˆ°6å²å„¿ç«¥ç›Šæ™ºæ—©æ•™åŠ¨ç”»,2025-01-12 12:32:26,2843789333642633,è¿ªè¿ªä¹å›­,,289,6,102,https://p3-pc-sign.douyinpic.com/tos-cn-p-0015/og7DeaR3zICOATA9RBwiSaLiIjBB85AokgfldW~tplv-dy-360p.jpeg?lk3s=138a59ce&x-expires=1745722800&x-signature=ZN3SKmynWz2O%2FUYmWjjWtOIj9W8%3D&from=327834062&s=PackSourceEnum_AWEME_DETAIL&se=false&sc=origin_cover&biz_tag=pcweb_cover&l=20250413115416A4F0CEC3A5DD903B0F42
7491060615478283554,#ä¸€ä»£æ¢—ç‹,2025-04-09 05:42:42,86242982285,å¥¥ç‰¹æ›¼ã€Šå°æ¸¸æˆè¾¾äººã€‹,,404,19,314,https://p3-pc-sign.douyinpic.com/tos-cn-p-0015/ooFBEez1hAh7GJfgJQjIA7CamB6LgVVBP9ANof~tplv-dy-360p.jpeg?lk3s=138a59ce&x-expires=1745722800&x-signature=KiXavAQho4oE9aqpijeieHz2Gok%3D&from=327834062&s=PackSourceEnum_AWEME_DETAIL&se=false&sc=origin_cover&biz_tag=pcweb_cover&l=20250413115440744E6DFDBBDFFA3A02BA
7490021829000678707,#å„¿ç«¥ç›Šæ™ºæ—©æ•™åŠ¨ç”» #å¯è’™åŠ¨ç”»,2025-04-06 10:30:24,361112525605997,æ²æ²çŸ­å‰§æ”¾æ˜ å…,,13,0,8,https://p3-pc-sign.douyinpic.com/tos-cn-p-0015/oUAETR5HkdfA4INhcfY5xCzfQxnsgwtAfecHix~tplv-dy-360p.jpeg?lk3s=138a59ce&x-expires=1745722800&x-signature=U8Gky1j3VxieOv0L6cb2TY45bwk%3D&from=327834062&s=PackSourceEnum_AWEME_DETAIL&se=false&sc=origin_cover&biz_tag=pcweb_cover&l=20250413115452234F34A8BD6FD73CCCE5
7484593390567410994,å°å§å§å¤ªå¯æ€œäº† #çœ‹ä¸€éç¬‘ä¸€é #æ²™é›•åŠ¨ç”»,2025-03-22 19:48:08,87532392643,ï¼ˆæ±Ÿæ°ï¼‰å¿˜åƒè¯,,11239,146,5433,https://p3-pc-sign.douyinpic.com/tos-cn-p-0015/oAQeCKIggBAPt4vexnLaeEWYoivWNBAzGCT7Ga~tplv-dy-360p.jpeg?lk3s=138a59ce&x-expires=1745722800&x-signature=mtJ1ntydJTEDySQP0J4AhuoRR90%3D&from=327834062&s=PackSourceEnum_AWEME_DETAIL&se=false&sc=origin_cover&biz_tag=pcweb_cover&l=20250413115506B7CD24E048C19239A4F4
7490821062771477775,å¯æ€œçš„å°é»„äººå› ä¸ºå‘ç”Ÿå˜å¼‚ï¼Œè¢«é€å¾€å¦ä¸€ä¸ªä¸–ç•Œï¼ #å½±è§†è§£è¯´ #äºŒæ¬¡å…ƒ #åŠ¨ç”» #å¥‡å¹»ç”µå½± #å¥‡å¹»ç‰‡,2025-04-08 14:11:57,166735604880232,æ¸…å´½å½±è§†,,427,8,241,https://p3-pc-sign.douyinpic.com/tos-cn-p-0015/oYGLIQG7SB9Xf7MxBxAWk6iGI8vsPNQCeBuf0A~tplv-dy-360p.jpeg?lk3s=138a59ce&x-expires=1745722800&x-signature=y93bO%2BoBjfSHdIinkCcyfdlhA5Y%3D&from=327834062&s=PackSourceEnum_AWEME_DETAIL&se=false&sc=origin_cover&biz_tag=pcweb_cover&l=20250413115518F027BFC305756A3AC9C3
7488559947844685071,è°ƒçš®å°çŒ«åœ°ä¸‹æ¢é™©ï¼Œå˜èº«åçŒ«çˆ¸çˆ¸è¿˜èƒ½å¦å°†å®ƒè®¤å‡ºå—ï¼Ÿ #æç¬‘è§†é¢‘ #æç¬‘åŠ¨ç”» #è§£å‹åŠ¨ç”» #çŒ«å’ª,2025-04-02 11:59:51,2661249438196109,èŒè¶£åŠ¨ç”»,,40044,973,21483,https://p3-pc-sign.douyinpic.com/tos-cn-p-0015/oUI9VDnALXE9osDsDAItf7FTGgBBZgf8EtAYpj~tplv-dy-360p.jpeg?lk3s=138a59ce&x-expires=1745722800&x-signature=J4cGS4YZTdReqmhimv7l%2F05gYMY%3D&from=327834062&s=PackSourceEnum_AWEME_DETAIL&se=false&sc=origin_cover&biz_tag=pcweb_cover&l=20250413115529F2AA68C6D4E1DE39A686
7483023265598934272,ğŸ˜±ğŸšŒå°çŒ«åœ¨ä¸Šå­¦çš„è·¯ä¸Šé‡åˆ°äº†ä¸€ä¸ªå˜å¼‚çš„æ ¡è½¦æ€ªç‰©ï¼ #å°çŒ« #çŒ«å’ª #æ€ªç‰© #å†…å®¹å¯å‘æœç´¢,2025-03-28 15:55:00,88383394821,æˆ‘æƒ³è¦ä¸ªå§¨å§¨,,629,18,262,https://p3-pc-sign.douyinpic.com/tos-cn-p-0015/oEXA1bHTICAQK7uPZ9iIBEIbiPkGiAZgCNaHB~tplv-dy-360p.jpeg?lk3s=138a59ce&x-expires=1745722800&x-signature=R5EEzG9LBP89wlG2GWrVVTbTcb0%3D&from=327834062&s=PackSourceEnum_AWEME_DETAIL&se=false&sc=origin_cover&biz_tag=pcweb_cover&l=202504131155408E837D625668B43B96BE
7483468934025366793,å°çŒ«åƒä¸‹æ”¾å°„æ€§æ£’æ£’ç³–åå˜æˆè™«å­æ€ªç‰© ğŸ˜ºğŸ­ #çŸ­è§†é¢‘ #çŒ«å¥´ #åŠ¨ç”»#çƒ­é—¨,2025-03-19 18:42:01,1578526235430260,å–µå–µcat,,2013,11,924,https://p3-pc-sign.douyinpic.com/tos-cn-p-0015/o49KAfQiBADniFmA2ainp2I32BNIqpIg7u9leA~tplv-dy-360p.jpeg?lk3s=138a59ce&x-expires=1745722800&x-signature=3BxQ8p3Y97DvExC7j54Lbf8vNSI%3D&from=327834062&s=PackSourceEnum_AWEME_DETAIL&se=false&sc=origin_cover&biz_tag=pcweb_cover&l=20250413115551A5B59CA366E4003B6B33
7479241736418594106,å˜å¼‚é›ªç³•äºº#å˜å¼‚ #æ ¸æ±¡æ°´ #é›ªç³•#å„¿ç«¥åŠ¨ç”» #å³æ¢¦ai,2025-03-08 09:18:00,2894367300522352,AIé­”ç›’,,6232,129,3059,https://p3-pc-sign.douyinpic.com/tos-cn-p-0015c000-ce/oU6F4ACPQ09ePpCOifl9LQ5ansemoDnMyFEwAE~tplv-dy-360p.jpeg?lk3s=138a59ce&x-expires=1745722800&x-signature=k%2BDMIBeR9IWplX2x3wC%2FrrzOUpw%3D&from=327834062&s=PackSourceEnum_AWEME_DETAIL&se=false&sc=origin_cover&biz_tag=pcweb_cover&l=202504131156427AA62ABA5D92D139C4B9
7480055379557240123,å˜å¼‚å«ç”Ÿçº¸äºº#æ ¸æ±¡æŸ“ #åŠ¨ç”» #å«ç”Ÿçº¸ #å„¿ç«¥åŠ¨ç”»#å³æ¢¦ai,2025-03-10 13:55:23,2894367300522352,AIé­”ç›’,,504,17,217,https://p3-pc-sign.douyinpic.com/tos-cn-p-0015c000-ce/oofLQPX5QyZhWnjf2eMncQfves8fWG3McDIAAM~tplv-dy-360p.jpeg?lk3s=138a59ce&x-expires=1745722800&x-signature=MRGp1IXRGipl5Ay4p9Ik3Nlfv7c%3D&from=327834062&s=PackSourceEnum_AWEME_DETAIL&se=false&sc=origin_cover&biz_tag=pcweb_cover&l=20250413115653EC12855E38D5423B09CD
7486323606520073487,#å¤§é•¿è…¿ #æ¯”æ¯”ä¸œ #æ¸…æ¼ª #å®Œç¾ä¸–ç•Œ #ç¾å°‘å¥³,2025-03-27 17:25:00,2340236793493885,è”¬èœç«¹å¶æ²¹,,5501,582,3599,https://p3-pc-sign.douyinpic.com/tos-cn-p-0015/oEQzJPHBPCYydA7IReQAPLIBbiGfAyDPNeGnKa~tplv-dy-360p.jpeg?lk3s=138a59ce&x-expires=1745722800&x-signature=9qx2xh6dGj6D%2FJiy4%2BoAqkEnOnE%3D&from=327834062&s=PackSourceEnum_AWEME_DETAIL&se=false&sc=origin_cover&biz_tag=pcweb_cover&l=202504131157049EA7D96A0FB0213AB18F
7468517460518423834,ç‘¶å¦¹æ‹¿ä¸Šå‰‘è¿™ä¹ˆå¼ºçš„å˜› ç›´æ¥æ–©æ€å°èˆ  #ç‘¶ #å®Œç¾èº«æ #äºŒæ¬¡å…ƒå°‘å¥³ #å¤§é•¿è…¿ #å›½æ¼«å¥³ç¥,2025-02-07 11:44:34,4117032661422184,ç»ç¾æœµæœµ,,425,27,331,https://p3-pc-sign.douyinpic.com/tos-cn-p-0015/oMuPleFQvAt1C7zzAQFGSAGDffqtw0wEBBCFLQ~tplv-dy-360p.jpeg?lk3s=138a59ce&x-expires=1745722800&x-signature=Zdm1D4tp0IVbgyJou%2BNaRV%2BPAKM%3D&from=327834062&s=PackSourceEnum_AWEME_DETAIL&se=false&sc=origin_cover&biz_tag=pcweb_cover&l=20250413115715A4369919F6DC583BC584
7486393811640274216,å°çŒ«è·³è¿›ä¸‹æ°´é“ï¼Œè€å¥¶å¥¶ä¸é¡¾ä¸€åˆ‡æ•‘å®ƒ #çŒ«å’ª #å°çŒ«aiè§†é¢‘ #èŒå® çŒ«å’ª #æ²»æ„ˆç³» #å†…å®¹å¯å‘æœç´¢,2025-03-27 17:55:14,88383394821,æˆ‘æƒ³è¦ä¸ªå§¨å§¨,,375,9,194,https://p3-pc-sign.douyinpic.com/tos-cn-p-0015/owFM5iTn5AEkAIaBEvYQ39ABNMlfIRelAX7gID~tplv-dy-360p.jpeg?lk3s=138a59ce&x-expires=1745722800&x-signature=Z9Dg%2FtKj5ZtQtlKsMj2o%2BkAB1Yg%3D&from=327834062&s=PackSourceEnum_AWEME_DETAIL&se=false&sc=origin_cover&biz_tag=pcweb_cover&l=20250413115726A1ACD536EE99F43C12BB
7488684786207280422,#èŒå¨ƒæç¬‘æ—¥å¸¸ #äº²å­äº’åŠ¨ #ç›Šæ™ºç©å…· #èŒå¨ƒæç¬‘æ—¥å¸¸ #3åˆ°6å²å„¿ç«¥ç›Šæ™ºæ—©æ•™åŠ¨ç”»,2025-04-02 20:01:58,7486079958815032378,æ˜¯æˆ‘èµ›ç½—å¤§ç‹,,11864,257,6337,https://p3-pc-sign.douyinpic.com/tos-cn-p-0015/okElUv9AIAAfzIrtBnwg10fUNBFbaJ7DSClX88~tplv-dy-360p.jpeg?lk3s=138a59ce&x-expires=1745722800&x-signature=lJS3HpZ4GA7IaZRtnmDpzPmGF5M%3D&from=327834062&s=PackSourceEnum_AWEME_DETAIL&se=false&sc=origin_cover&biz_tag=pcweb_cover&l=2025041311573869CBBF3DBF697F3B564F
7477954075091406099,å°æœ‹å‹å®å®çˆ±çœ‹çš„æç¬‘è§†é¢‘ å°æœ‹å‹éƒ½çˆ±çœ‹ #å¯è’™æ—©æ•™ #0åˆ°3å²æ—©æ•™å„¿æ­Œ #äº²å­æ¸¸æˆ #å„¿ç«¥ç©å…· #3åˆ°6å²å„¿ç«¥ç›Šæ™ºæ—©æ•™åŠ¨ç”» æç¬‘å°æœ‹å‹çš„æ—¥å¸¸è§†é¢‘,2025-03-04 22:01:25,367700517859028,å°æå¥½ç‰©,,7517,89,3006,https://p3-pc-sign.douyinpic.com/tos-cn-p-0015/oQJQ29fnBMDjBaROceWmA8QQ7AZeD8R8BBCPwg~tplv-dy-360p.jpeg?lk3s=138a59ce&x-expires=1745722800&x-signature=CWZOpmw90Int52nQALX%2F2RvjGmQ%3D&from=327834062&s=PackSourceEnum_AWEME_DETAIL&se=false&sc=origin_cover&biz_tag=pcweb_cover&l=2025041311580465E7CCA618BDB93C6A9E
7367177744939044130,æç¬‘èŒå¨ƒï¼šç©·å­©å­VSå¯Œå­©å­ï¼Œä¸Šæ¼”çˆ†ç¬‘ç”Ÿæ´»æ—¥å¸¸PKï¼Œä½ æœŸå¾…å—ï¼Ÿ #èŒå¨ƒ #å„¿ç«¥åŠ¨ç”» #æç¬‘ #èŒå¨ƒæ—¥å¸¸ #æ¸¸æˆ,2024-05-10 09:32:33,4046630329789512,ç›Šæ™ºå„¿ç«¥ä¹å›­.,,106,3,32,https://p3-pc-sign.douyinpic.com/tos-cn-p-0015/oUqdQC0kMnAm8fBhGX8GA9mDxAUgQBzPQDbf6D~tplv-dy-360p.jpeg?lk3s=138a59ce&x-expires=1745722800&x-signature=XVL3b0%2FsjGyJbGf2Td0sywEek6g%3D&from=327834062&s=PackSourceEnum_AWEME_DETAIL&se=false&sc=origin_cover&biz_tag=pcweb_cover&l=2025041311581546FB33B791A8783C7982
7485227090984422714,#èŒå¨ƒæç¬‘æ—¥å¸¸#å„¿ç«¥ç›Šæ™º #äº²å­äº’åŠ¨ #3åˆ°6å²å„¿ç«¥ç›Šæ™ºæ—©æ•™åŠ¨ç”» #å„¿ç«¥å¯è’™æ—©æ•™ç›Šæ™ºåŠ¨ç”»ç‰‡,2025-03-25 08:23:00,1176937860957764,å°å¿ƒç–¼,,4360,21,1690,https://p3-pc-sign.douyinpic.com/tos-cn-p-0015c000-ce/oAGbccIIIJgPbJweu3L8gOXxWnwe7BAfGCb7B6~tplv-dy-360p.jpeg?lk3s=138a59ce&x-expires=1745722800&x-signature=FGiFzkIkvJ9FOz8001WsGNRAsF0%3D&from=327834062&s=PackSourceEnum_AWEME_DETAIL&se=false&sc=origin_cover&biz_tag=pcweb_cover&l=20250413115826B30EF0DFCC24C03A6663
7487912347886013747,å°æœ‹å‹å®å®éƒ½çˆ±çœ‹çš„æç¬‘è§†é¢‘ å°æœ‹å‹éƒ½çˆ±çœ‹ #èŒå¨ƒæç¬‘æ—¥å¸¸ #äº²å­äº’åŠ¨ #å„¿ç«¥åŠ¨ç”» #3åˆ°6å²å„¿ç«¥ç›Šæ™ºæ—©æ•™åŠ¨ç”» #å¯è’™æ—©æ•™  ç”¨é­”æœ¯æŠŠçˆ¸çˆ¸çš„é›ªç³•æ¢æˆäº†é’ç“œå“ˆå“ˆå“ˆ,2025-03-31 18:06:10,1000969245820314,ç¥ˆç¦,,797,12,298,https://p3-pc-sign.douyinpic.com/tos-cn-p-0015/oc4qj9g6fAQvihfJCD9n3SBYaEACFATnkmXQNs~tplv-dy-360p.jpeg?lk3s=138a59ce&x-expires=1745722800&x-signature=JAEyetkSrEudni47mz6fppEQ20g%3D&from=327834062&s=PackSourceEnum_AWEME_DETAIL&se=false&sc=origin_cover&biz_tag=pcweb_cover&l=202504131158380DDACC611F6FF23CA9ED
7485937451807132955,å°æœ‹å‹éƒ½çˆ±çœ‹çš„æç¬‘è§†é¢‘ #æç¬‘èŒå¨ƒ  #äº²å­äº’åŠ¨ #è‚²å„¿æ—©æ•™ #0åˆ°3å²å„¿ç«¥æ—©æ•™å„¿æ­Œ  å°å˜šç‘Ÿå„¿,2025-03-26 10:22:52,490843622616347,ç¾ä½ ç¾ä½“,,21296,196,8376,https://p3-pc-sign.douyinpic.com/tos-cn-p-0015/o4PAYfbjLg0eBqmIBMyiAUBDZA8iIkFczVJkIv~tplv-dy-360p.jpeg?lk3s=138a59ce&x-expires=1745722800&x-signature=IGkXyuceeSL6x9%2FiRthqcsDqLW4%3D&from=327834062&s=PackSourceEnum_AWEME_DETAIL&se=false&sc=origin_cover&biz_tag=pcweb_cover&l=202504131159025A460F547289443C1F42
7491596915239357696,#3åˆ°6å²å„¿ç«¥ç›Šæ™ºæ—©æ•™åŠ¨ç”» #äº²å­ #å„¿ç«¥æç¬‘è§†é¢‘ #ä¸‡ä¸‡æ²¡æƒ³åˆ° #å­©å­çš„å¿«ä¹å¾ˆç®€å•,2025-04-10 16:22:51,1229721518754139,ç³¯ç±³é¥­å›¢,,218,6,85,https://p3-pc-sign.douyinpic.com/tos-cn-p-0015/o0ePZ4fdwAiZYwhAP2mgALTQfIuvBgsxfHqe8f~tplv-dy-360p.jpeg?lk3s=138a59ce&x-expires=1745722800&x-signature=F0AsTkXFs%2F6kboI52IzZEMjAe7A%3D&from=327834062&s=PackSourceEnum_AWEME_DETAIL&se=false&sc=origin_cover&biz_tag=pcweb_cover&l=20250413115914A26C1FCD766AD73C6055
7460296440619814202,#åˆ†äº«æœ‰è¶£çš„è§†é¢‘ #å¥¥ç‰¹æ›¼å„¿ç«¥åŠ¨ç”»ç‰‡ #3åˆ°6å²å„¿ç«¥ç›Šæ™ºæ—©æ•™åŠ¨ç”» #å„¿ç«¥åŠ¨ç”» #æç¬‘è§†é¢‘,2025-01-16 08:00:37,1524375895148528,ç”¨æˆ·1490743346229,,10344,119,4319,https://p3-pc-sign.douyinpic.com/tos-cn-p-0015c000-ce/oENTDCs0neEj0nPIC7FEwdDqAiA9sZQQQlf1eE~tplv-dy-360p.jpeg?lk3s=138a59ce&x-expires=1745726400&x-signature=M%2F7MvAm1XBdtFrRukOOPUTUJ7z4%3D&from=327834062&s=PackSourceEnum_AWEME_DETAIL&se=false&sc=origin_cover&biz_tag=pcweb_cover&l=20250413120006F68C3F9B9CDB1F3AF353
7418625880781606183,#å„¿ç«¥åŠ¨ç”» #å¡é€šåŠ¨æ¼« #å„¿ç«¥åŠ¨æ¼«ä¹å›­ #åŠ¨ç”»è§†é¢‘,2024-09-26 00:57:34,3382572573528676,å°èˆå”ä¸‰ç©æ¸¸æˆ,,4395,180,2286,https://p3-pc-sign.douyinpic.com/tos-cn-p-0015/oIQMhhPoiIxvAzaWPJ7AiCZ2T0QRAIcIQZBO4~tplv-dy-360p.jpeg?lk3s=138a59ce&x-expires=1745726400&x-signature=ohAn%2Bg9iqKUn2Y96PmBxonpz%2Fvo%3D&from=327834062&s=PackSourceEnum_AWEME_DETAIL&se=false&sc=origin_cover&biz_tag=pcweb_cover&l=20250413120017047C17893643183BBA98
7420470259221581119,#å„¿ç«¥å¯è’™æ—©æ•™ç›Šæ™ºåŠ¨ç”»ç‰‡ #å¡é€šåŠ¨æ¼« #å„¿ç«¥åŠ¨æ¼«ä¹å›­ #åŠ¨ç”»è§†é¢‘,2024-10-01 00:14:47,3382572573528676,å°èˆå”ä¸‰ç©æ¸¸æˆ,,3033,94,1530,https://p3-pc-sign.douyinpic.com/tos-cn-p-0015/oMvBsnDxFfP0ez6Fc7FqACAB73yQQaDfANsJ3E~tplv-dy-360p.jpeg?lk3s=138a59ce&x-expires=1745726400&x-signature=ssYggy7zIW1JUYQEx4MUV9e5j8g%3D&from=327834062&s=PackSourceEnum_AWEME_DETAIL&se=false&sc=origin_cover&biz_tag=pcweb_cover&l=20250413120110D000E3FA21B5DF3D7FEF
7314893435696172351,#ç½‘çº¢å°ç«è½¦ #å°ç«è½¦ #å¡é€šåŠ¨ç”» #å¯è’™æ—©æ•™ #ç›Šæ™ºåŠ¨ç”» #äº²å­æ¸¸ç©å¥½å»å¤„ #æ¸¸ä¹åœºå„¿ç«¥ä¹å›­,2023-12-21 12:03:32,1997178360834128,æ—ºä»”ğŸ¬ç³–ç³–,,20454,1112,5774,https://p3-pc-sign.douyinpic.com/tos-cn-i-0813c001/oMGDyyuFhJFdAfICsACEAgAuWJAwCUzKAIRNeP~noop.jpeg?lk3s=138a59ce&x-expires=1745726400&x-signature=7AcEEMYCrcOdhoAwsi4XMck84UQ%3D&from=327834062&s=PackSourceEnum_AWEME_DETAIL&se=false&biz_tag=pcweb_cover&l=2025041312012257CCD51C1784303BDC4A
7416540480869059881,#å¥¥ç‰¹æ›¼å„¿ç«¥åŠ¨ç”»ç‰‡ #å„¿ç«¥ä¹å›­æ¸¸ä¹åœº #å„¿ç«¥è§†é¢‘ #å„¿ç«¥ç›Šæ™º #ä¸»é¢˜ä¹å›­,2024-09-20 10:05:08,2452359575512874,å°å°æ‚Ÿç©º,,1351,31,577,https://p3-pc-sign.douyinpic.com/tos-cn-p-0015/oQUNIHEBIPCsAiuQCI2PzAbAZQPryFYlGiTCW~tplv-dy-360p.jpeg?lk3s=138a59ce&x-expires=1745726400&x-signature=RoqweaGjip2Q3%2Fw7V8C0TUOGzBg%3D&from=327834062&s=PackSourceEnum_AWEME_DETAIL&se=false&sc=origin_cover&biz_tag=pcweb_cover&l=20250413120137DA940D9A53D47D3D1345
7434714392932912438,#äº²å­äº’åŠ¨ #å¯è’™æ—©æ•™ #3åˆ°6å²å„¿ç«¥ç›Šæ™ºæ—©æ•™åŠ¨ç”» #ç›Šæ™ºåŠ¨ç”» #å„¿ç«¥åŠ¨ç”»,2024-11-08 09:29:36,2443528886041657,å’¿å’¿å‘€å‘€,,1772,23,794,https://p3-pc-sign.douyinpic.com/tos-cn-p-0015/o8AJ1XargiIYY49txZB1IQvotP2yC1vqAiVId~tplv-dy-360p.jpeg?lk3s=138a59ce&x-expires=1745726400&x-signature=xNIgI9T5OwXoY8bY7NB0SAh9oPA%3D&from=327834062&s=PackSourceEnum_AWEME_DETAIL&se=false&sc=origin_cover&biz_tag=pcweb_cover&l=20250413120148185753BB5AF8D33D1ED5
7458471598333414665,å„¿ç«¥è§†é¢‘ï¼šå°å¦¹æ°´ä¸Šä¹å›­å—æ¬ºï¼ŒäºŒå“¥èƒ½å¦é€Ÿæ¥æŠ¤èˆªï¼Ÿ #å„¿ç«¥è§†é¢‘  #æç¬‘  #3åˆ°6å²å„¿ç«¥ç›Šæ™ºæ—©æ•™åŠ¨ç”»  #äº²å­  #åŸåˆ›åŠ¨ç”»,2025-01-11 10:01:19,95710867565,æ˜Ÿæ˜ŸåŠ¨ç”»,,1275,18,610,https://p3-pc-sign.douyinpic.com/tos-cn-p-0015/oYngO0K0Ild1BzhAIQ0BkAAMB9FPQDff4g3DBE~tplv-dy-360p.jpeg?lk3s=138a59ce&x-expires=1745726400&x-signature=2FN5AuOMSQieSkBt0ETiStYCTJI%3D&from=327834062&s=PackSourceEnum_AWEME_DETAIL&se=false&sc=origin_cover&biz_tag=pcweb_cover&l=20250413120235422BFD4F2614923D4DE5
7491595535569161481,å°å¥¥ç‰¹æ›¼ä»¬ç¡è§‰è¡¥å……ç”µé‡ #åŠ¨ç”»çŸ­ç‰‡ #å„¿ç«¥åŠ¨ç”» #å¥¥ç‰¹æ›¼,2025-04-11 11:20:00,104796029083,ç¦¾ç¦¾ç›Šæ™ºå¯è’™ä¹å›­ğŸŒ±,,1,0,0,https://p3-pc-sign.douyinpic.com/tos-cn-p-0015/oc9PUF0u0AbnH7VBAgLI7fEGPeTzBsvIBBCfug~tplv-dy-360p.jpeg?lk3s=138a59ce&x-expires=1745726400&x-signature=tsqCLgWePWCBtOcufRxFMROmPDU%3D&from=327834062&s=PackSourceEnum_AWEME_DETAIL&se=false&sc=origin_cover&biz_tag=pcweb_cover&l=202504131202461DF735DA7BCFF93B994B
7453049084421721396,#0-3å²å¹¼å„¿æ—©æ•™ç›Šæ™ºåŠ¨ç”»å¤§å…¨ #å„¿ç«¥ç©å…·ä¹å›­,2024-12-27 19:18:09,7436726141362242617,ç”¨æˆ·838915344768,,6590,32,2607,https://p3-pc-sign.douyinpic.com/tos-cn-p-0015/oIonBuMeExPFMhjAlg9Qbc5O9yUCDAGqAfNQ2C~tplv-dy-360p.jpeg?lk3s=138a59ce&x-expires=1745726400&x-signature=iLuZluDDyfiu2UyJ%2B9jV1U2eB%2FQ%3D&from=327834062&s=PackSourceEnum_AWEME_DETAIL&se=false&sc=origin_cover&biz_tag=pcweb_cover&l=2025041312025986A43F1DF2894C3BEFFF
7473781890244250940,#æ¸¸ä¹å›­ #å„¿ç«¥ä¹å›­ #å„¿ç«¥åŠ¨ç”»#3åˆ°6å²å„¿ç«¥ç›Šæ™ºæ—©æ•™åŠ¨ç”»,2025-02-21 16:10:58,860256554977929,å¯çˆ±å¤šä¸–ç•Œ,,1943,12,778,https://p3-pc-sign.douyinpic.com/tos-cn-p-0015c000-ce/oExCNDUaDIaRn4jSAiFBeh9XCCfgnTEIEdwfAu~tplv-dy-360p.jpeg?lk3s=138a59ce&x-expires=1745726400&x-signature=oahmDajLEL2xuKece%2B5sgzZWAMA%3D&from=327834062&s=PackSourceEnum_AWEME_DETAIL&se=false&sc=origin_cover&biz_tag=pcweb_cover&l=20250413120311011B81D8781E063D1685
7483692143979138338,å„¿ç«¥è§†é¢‘ï¼šå“¥å“¥æ¸¸ä¹å›­éœ¸é“ï¼Œå¦¹å¦¹æ˜¯åå‡»è¿˜æ˜¯å¦æœ‰é€‰æ‹©ï¼Ÿ #3åˆ°6å²å„¿ç«¥ç›Šæ™ºæ—©æ•™åŠ¨ç”»  #å„¿ç«¥è§†é¢‘  #äº²å­äº’åŠ¨  #å„¿ç«¥æ—©æ•™ç›Šæ™ºå°æ¸¸æˆ  #æ¬¢ä¹æ—¶åˆ»,2025-03-20 09:10:45,99501819696,è€ƒæ‹‰çœ‹åŠ¨ç”»,,374,6,162,https://p9-pc-sign.douyinpic.com/tos-cn-p-0015/oQenhRpyxAxzB9KxgIFW2aND8fKsvx2EAABvbI~tplv-dy-360p.jpeg?lk3s=138a59ce&x-expires=1745726400&x-signature=g3AK9NP1IFDSMU9RtKdGizr1QX0%3D&from=327834062&s=PackSourceEnum_AWEME_DETAIL&se=false&sc=origin_cover&biz_tag=pcweb_cover&l=20250413120323DDA5EE1555D98B3F2369
7491239227900824866,@å¥¥ç‰¹æ›¼ä¹å›­001 #å¥¥ç‰¹æ›¼å„¿ç«¥åŠ¨ç”»ç‰‡ #å„¿ç«¥åŠ¨ç”» #äº²å­äº’åŠ¨ #å¥¥ç‰¹æ›¼ #å¥¥ç‰¹æ›¼åŠ¨ç”»ç‰‡å„¿ç«¥3-6å²,2025-04-09 17:14:33,2927314106584544,å¥¥ç‰¹æ›¼ä¹å›­001,,488,2,325,https://p3-pc-sign.douyinpic.com/tos-cn-p-0015/ocyOnA8pn3Alall2B8iig0BxAeA9R6cII2fKDx~tplv-dy-360p.jpeg?lk3s=138a59ce&x-expires=1745726400&x-signature=P49j1Cou5dGAYCQs5vcOSUwBO2I%3D&from=327834062&s=PackSourceEnum_AWEME_DETAIL&se=false&sc=origin_cover&biz_tag=pcweb_cover&l=20250413120335592FC43212D38D3DD592
7490752661512277274,"ç¬¬ä¸€è§†è§’ï¼šå°ä¸‘å±…ç„¶æ²¦è½åˆ°æ¡ç“¶å­ä¸ºç”Ÿï¼Œèœ˜è››ä¾ ä¼šå¸®åŠ©ä»–å¦ˆï¼Ÿ #ç¬¬ä¸€è§†è§’ #å„¿ç«¥ #æç¬‘ 
äº²å­#äº²å­ #èœ˜è››ä¾ ",2025-04-10 11:50:00,2474361311993696,å„¿ç«¥æç¬‘è§†é¢‘,,540,7,227,https://p3-pc-sign.douyinpic.com/tos-cn-p-0015/owQe0fvPFTfHAAZDf3QAvLIIegGbFoESpeIPGQ~tplv-dy-360p.jpeg?lk3s=138a59ce&x-expires=1745726400&x-signature=3AkychST9O1rMNV6Ss2%2FT5hs7yE%3D&from=327834062&s=PackSourceEnum_AWEME_DETAIL&se=false&sc=origin_cover&biz_tag=pcweb_cover&l=202504131203464C4D1D99A96C483DEF9E
7484735724932058377,3åˆ°6å²å„¿ç«¥ç›Šæ™ºæ—©æ•™åŠ¨ç”»#å­©å­çš„ä¸–ç•Œå¾ˆç®€å• #3åˆ°6å²å„¿ç«¥ç›Šæ™ºæ—©æ•™åŠ¨ç”» #0åˆ°3å²æ—©æ•™å¯è’™åŠ¨ç”»ç‰‡æ¨è #3åˆ°6å²å¯è’™ç›Šæ™ºäºŒæ¬¡å…ƒäº²å­è§†é¢‘ #0åˆ°3å²å¹¼å„¿æ—©æ•™ç›Šæ™ºåŠ¨ç”»å¤§å…¨,2025-03-23 04:51:20,7428119167523800124,ä¹ç‚¹åŠåº¦,,4017,18,1584,https://p3-pc-sign.douyinpic.com/tos-cn-p-0015/ocAJeWVlTvYZMR5P788CkkBgAGQCBdfAmPfPBx~tplv-dy-360p.jpeg?lk3s=138a59ce&x-expires=1745726400&x-signature=qvdk%2FEOrCbAtxdF5%2Blx6SzQ4i%2Fk%3D&from=327834062&s=PackSourceEnum_AWEME_DETAIL&se=false&sc=origin_cover&biz_tag=pcweb_cover&l=202504131203583A74A0E9AF8EE23B04B9
7490447007597759779,#å„¿ç«¥å¯è’™ç›Šæ™ºåŠ¨ç”»0åˆ°3å²æ—©æ•™è¶…çº§å®è´jojo #3åˆ°6å²å„¿ç«¥ç›Šæ™ºæ—©æ•™åŠ¨ç”» #å¥¥ç‰¹æ›¼å„¿ç«¥åŠ¨ç”»ç‰‡ #èŒå¨ƒ #å„¿ç«¥æ‰‹å·¥ç©å…·,2025-04-09 13:02:00,3200013697287866,ç–å„¿å¯è’™æ—©æ•™jojo,,35,0,14,https://p3-pc-sign.douyinpic.com/tos-cn-p-0015/ogEOiU9AQAAfYQHmDnmgDk9EDBFmL18D26eEbs~tplv-dy-360p.jpeg?lk3s=138a59ce&x-expires=1745726400&x-signature=5kiSyqHErCxTbBLQ9KFKCGiIsi4%3D&from=327834062&s=PackSourceEnum_AWEME_DETAIL&se=false&sc=origin_cover&biz_tag=pcweb_cover&l=202504131204092CC0E9449490FA3E2F20
7477472239269547304,#å„¿ç«¥åŠ¨ç”» #å„¿ç«¥å¯è’™æ—©æ•™ç›Šæ™ºåŠ¨ç”»ç‰‡ #å¯è’™æ—©æ•™ #3åˆ°6å²å„¿ç«¥ç›Šæ™ºæ—©æ•™åŠ¨ç”» #äº²å­äº’åŠ¨,2025-03-03 14:51:43,72317845655,å±±æœˆç¦¾-å¾®è¦Œé€ ç‰©,,63020,1402,24980,https://p3-pc-sign.douyinpic.com/tos-cn-p-0015/oM2f8AMiMoeBwW74PwczKGEBAgXKC55gCQeqQp~tplv-dy-360p.jpeg?lk3s=138a59ce&x-expires=1745726400&x-signature=gEMY%2FY2%2FEGewkuIG8tWiM4w%2B7t4%3D&from=327834062&s=PackSourceEnum_AWEME_DETAIL&se=false&sc=origin_cover&biz_tag=pcweb_cover&l=2025041312042053F6F8FB947ABA3C6BF5
7491233457885056295,#äº²å­äº’åŠ¨ #0åˆ°3å²æ—©æ•™å¯è’™åŠ¨ç”»ç‰‡æ¨è #å¯è’™æ—©æ•™ #å„¿ç«¥å¯è’™æ—©æ•™ç›Šæ™ºåŠ¨ç”»ç‰‡ #å„¿ç«¥ç›Šæ™º,2025-04-09 16:52:16,112576348300752,å®å®æ—©æ•™å°è¯¾å ‚,,510,1,201,https://p3-pc-sign.douyinpic.com/tos-cn-p-0015/oQToeAfDN9IBLN97AxgUIPFEAWvign2UDlAjB6~tplv-dy-360p.jpeg?lk3s=138a59ce&x-expires=1745726400&x-signature=toOHb4kd0qLb0e9iFD8KTN1W6bo%3D&from=327834062&s=PackSourceEnum_AWEME_DETAIL&se=false&sc=origin_cover&biz_tag=pcweb_cover&l=20250413120431B47A199D76873A3BD9FD
7483364083106991420,æ—©æ•™#3åˆ°7å²å¹¼å„¿å¯è’™æ—©æ•™è§†é¢‘ #1-5å²å¹¼å„¿å¯è’™æ—©æ•™ #0-6å²å¹¼å„¿æ—©æ•™å¯è’™æ•™è‚² #1-4å²å¹¼å„¿æ—©æ•™ç›Šæ™ºå¯è’™ #å®å®å‡ å²å¼€å§‹æ—©æ•™åˆé€‚,2025-03-21 07:14:00,7420747573243446330,èè”“è‰è,,1567,11,593,https://p3-pc-sign.douyinpic.com/tos-cn-p-0015c000-ce/oQogIfGFJGAt78ppLYLNg5gI7AQgFebeBJCPSH~tplv-dy-360p.jpeg?lk3s=138a59ce&x-expires=1745726400&x-signature=gt6OvUrvKd1BdiE2rNlwWAWM%2FbE%3D&from=327834062&s=PackSourceEnum_AWEME_DETAIL&se=false&sc=origin_cover&biz_tag=pcweb_cover&l=202504131205244CC2FEAC7719463CB3A3
7461443847894158619,#å„¿ç«¥å¯è’™æ—©æ•™ç›Šæ™ºåŠ¨ç”»ç‰‡ #3åˆ°6å²å„¿ç«¥ç›Šæ™ºæ—©æ•™åŠ¨ç”» #å°‘å„¿ç›Šæ™ºåŠ¨æ¼«æ¨è #äº²å­äº’åŠ¨ #ç©å…·è§†é¢‘åŠç©å…·å°æ•…äº‹,2025-01-19 10:14:06,1878389037472727,çš®ä¸å¡å•¾å•¾,,2586,20,1100,https://p3-pc-sign.douyinpic.com/tos-cn-p-0015/oUeCQfihDIDBXAusYEKAB8OPhMHeAe4xP9fYgh~tplv-dy-360p.jpeg?lk3s=138a59ce&x-expires=1745726400&x-signature=68XtrGEjRTeOKjOIx2whLuW5HCA%3D&from=327834062&s=PackSourceEnum_AWEME_DETAIL&se=false&sc=origin_cover&biz_tag=pcweb_cover&l=20250413120536DA8D17764407713BFA7F
