vd_id,vd_title,create_time,author_uid,author,enterprise_verify,likes,shares,collects,img_url
7486359547817315593,#3åˆ°6å²å„¿ç«¥ç›Šæ™ºæ—©æ•™åŠ¨ç”» #å°‘å„¿ç›Šæ™ºåŠ¨æ¼«æ¨è #å„¿ç«¥åŠ¨ç”» #ç©å…·è§†é¢‘åŠç©å…·å°æ•…äº‹ #äº²å­äº’åŠ¨,2025-03-27 13:39:05,3406721284839603,æ™ºæ…§å°å–‡å­,,4489,23,1649,https://p3-pc-sign.douyinpic.com/tos-cn-p-0015/oIfj5OsC5BAFedWIBIuRuPAHwtQgInsmDA9kET~tplv-dy-360p.jpeg?lk3s=138a59ce&x-expires=1745305200&x-signature=R4F1rZs6vAGitpcuPE4Bj46ttiE%3D&from=327834062&s=PackSourceEnum_AWEME_DETAIL&se=false&sc=origin_cover&biz_tag=pcweb_cover&l=20250408150221E4CC71C8DBAA0100D690
7436282819061632313,#å¿«æ¥å’Œæˆ‘ä¸€èµ·ç©å§ #3åˆ°6å²å„¿ç«¥ç›Šæ™ºæ—©æ•™åŠ¨ç”» #è¿™ä¸ªæ¸¸æˆå¾ˆå¥½ç© #è§£å‹å°æ¸¸æˆ #è¿™ä¸ªå¤ªå¥½ç©äº†,2024-11-12 14:55:31,849278995018580,é˜¿é£æ¸¸æˆé˜Ÿé•¿,,13281,430,6274,https://p3-pc-sign.douyinpic.com/tos-cn-p-0015c000-ce/oQeDQ0O6EpECQeFwnQ8AL9vfyvk9CbAMlQEFRQ~tplv-dy-360p.jpeg?lk3s=138a59ce&x-expires=1745305200&x-signature=kG64LORmR4%2FEE%2FM3bwtw4TniUh4%3D&from=327834062&s=PackSourceEnum_AWEME_DETAIL&se=false&sc=origin_cover&biz_tag=pcweb_cover&l=20250408150240DEE24EDCB58E61012ABC
7483919764037963066,#3åˆ°6å²å„¿ç«¥ç›Šæ™ºæ—©æ•™åŠ¨ç”» #äº²å­äº’åŠ¨ #å„¿ç«¥å¯è’™æ—©æ•™ç›Šæ™ºåŠ¨ç”»ç‰‡ #æç¬‘è§†é¢‘ #ç›Šæ™ºç©å…·,2025-03-20 23:51:17,7478922480154936379,æˆåŠŸ,,26286,185,10145,https://p3-pc-sign.douyinpic.com/tos-cn-p-0015c000-ce/oQLLuymPuAT3JfLBIbwHW7cC8f4eQsMLBsCgQG~tplv-dy-360p.jpeg?lk3s=138a59ce&x-expires=1745305200&x-signature=KrLkjrh67Or8Z%2Fmcvh0ARIUdF%2FU%3D&from=327834062&s=PackSourceEnum_AWEME_DETAIL&se=false&sc=origin_cover&biz_tag=pcweb_cover&l=20250408150250327FCBD2A130EB011CEE
7449389257363393827,#åŠ¨ç”»ç‰‡ #è‰¾è #ç™½é›ªå…¬ä¸» #0åˆ°3å²æ—©æ•™å¯è’™åŠ¨ç”»ç‰‡æ¨è #å¥³å­©çˆ±çœ‹çš„å…¬ä¸»è§†é¢‘,2024-12-18 07:00:00,4251138162690620,èèå°å…¬ä¸»,,59,2,34,https://p3-pc-sign.douyinpic.com/tos-cn-p-0015/oosOfTcQUAzzE7YDAQFYwGaDefVQcDxEBBCbDQ~tplv-dy-360p.jpeg?lk3s=138a59ce&x-expires=1745305200&x-signature=kPHNZ1eWokXZ0vQqFH7jFlu2CV0%3D&from=327834062&s=PackSourceEnum_AWEME_DETAIL&se=false&sc=origin_cover&biz_tag=pcweb_cover&l=20250408150326ADF64119D5E63300F678
7484774667836853543,#ç›Šæ™ºåŠ¨ç”» #0åˆ°3å²æ—©æ•™å¯è’™åŠ¨ç”»ç‰‡æ¨è #å¯è’™æ—©æ•™ #äº²å­äº’åŠ¨ #å„¿ç«¥åŠ¨ç”»,2025-03-23 07:09:08,1660684085501504,é¥é¥ç›Šæ™ºåŠ¨ç”»,,822,18,317,https://p3-pc-sign.douyinpic.com/tos-cn-p-0015/o4ufO9LEdm9HCQyQABFnAQmDgONi6ATxf03Aan~tplv-dy-360p.jpeg?lk3s=138a59ce&x-expires=1745305200&x-signature=B7zdePRWAtuVeOmBs0a1X0NeAe0%3D&from=327834062&s=PackSourceEnum_AWEME_DETAIL&se=false&sc=origin_cover&biz_tag=pcweb_cover&l=20250408150344F57E3B2730351E01007A
7445650954000616719,çˆ±æ²™å…¬ä¸»é€ç¤¼ç‰©#å„¿ç«¥å¯è’™æ—©æ•™ç›Šæ™ºåŠ¨ç”»ç‰‡ #0åˆ°3å²æ—©æ•™å¯è’™åŠ¨ç”»ç‰‡æ¨è #å†…å®¹å¯å‘æœç´¢ #æ—©æ•™å¯è’™ç›Šæ™ºåŠ¨ç”» #åŸåˆ›åŠ¨ç”»,2024-12-07 20:48:38,1948802595173583,å½¤å½¤åŠ¨æ¼«,,74,0,36,https://p9-pc-sign.douyinpic.com/tos-cn-p-0015/owSARJgwIOCQQ4CPU1iIBhIF0PRDiAZwRAATB~tplv-dy-360p.jpeg?lk3s=138a59ce&x-expires=1745305200&x-signature=nClgpUomLuV07k35NdZQ%2BlOwSSc%3D&from=327834062&s=PackSourceEnum_AWEME_DETAIL&se=false&sc=origin_cover&biz_tag=pcweb_cover&l=20250408150357EB133C52FDB5B8011FE1
7444499825825008935,#3åˆ°6å²å„¿ç«¥åŠ¨ç”»ç‰‡ #çˆ±èå…¬ä¸» #å„¿ç«¥åŠ¨ç”»,2024-12-04 18:21:36,3446288429097785,èè,,6366,216,3549,https://p3-pc-sign.douyinpic.com/tos-cn-p-0015/oUFRA4OxA1AiP2LGtPPDAQVPBZIKIOIwTCViQ~noop.jpeg?lk3s=138a59ce&x-expires=1745305200&x-signature=feGCtQqhxPzHssVtUi4njYTcho0%3D&from=327834062&s=PackSourceEnum_AWEME_DETAIL&se=false&biz_tag=pcweb_cover&l=2025040815041007952B9455011200ED15
7453869444289334537,å°è‰¾èè¿˜æ˜¯ä¸ªå°å­©å­ï¼Œè€Œä¸”å¼Ÿå¼Ÿæ¯”è¾ƒæ¬ ï¼Œä½†æ˜¯å°è‰¾èå†³å®šå°½é‡è®©ç€å¼Ÿå¼Ÿ ï¼ŒåŠ æ²¹å“¦#å„¿ç«¥åŠ¨ç”» #è‰¾è #çˆ±èå…¬ä¸»,2024-12-30 16:20:00,1036169496507995,ç‹‚å¾’,,15,0,11,https://p3-pc-sign.douyinpic.com/tos-cn-p-0015/osefxZNABBCIBfAbUoGLEOIt4IL15d7JuL2BNE~tplv-dy-360p.jpeg?lk3s=138a59ce&x-expires=1745305200&x-signature=l2hEioWYWtmRfdpmvmD64NcAaAg%3D&from=327834062&s=PackSourceEnum_AWEME_DETAIL&se=false&sc=origin_cover&biz_tag=pcweb_cover&l=20250408150429E66B543A12FD570165D1
7401329038603685155,è‰¾èå…¬ä¸»æœ‰å±é™©è°èƒ½å¸®å¸®å¥¹#è‰¾è #å„¿ç«¥åŠ¨ç”» #æ²»æ„ˆç³»,2024-08-10 10:16:57,1060359903123916,å„¿æ­Œæ—©æ•™0â€”3å²,,17720,1107,7568,https://p3-pc-sign.douyinpic.com/tos-cn-p-0015/ocq2KeAQgzYA20rvzpEziazNdefC2DBWQzZe42~tplv-dy-360p.jpeg?lk3s=138a59ce&x-expires=1745305200&x-signature=8Bx4jha76NdsRM%2Fg6kPEdCfBDlw%3D&from=327834062&s=PackSourceEnum_AWEME_DETAIL&se=false&sc=origin_cover&biz_tag=pcweb_cover&l=20250408150442BDB8BDA54CCD25012E34
7292565953718553883,å‰ªçº¸åŠ¨ç”»ï¼šè‰¾èåœ¨å…¬ä¸»èšä¼šçªç„¶æ™•å€’ï¼Œå…¬ä¸»ä»¬èƒ½æ‰¾åˆ°åŸå› æ•‘é†’å¥¹å—ï¼Ÿ #åŠ¨ç”» #å‰ªçº¸åŠ¨ç”» #æ¢è£… #å„¿ç«¥ #æ‰‹å·¥   ,2023-10-22 08:00:00,4473240619325182,å’•å’šåŠ¨ç”»,,16579,806,7334,https://p3-pc-sign.douyinpic.com/tos-cn-p-0004/260f4e2bf6bc4cab964e202762e4ea18_1697849959~tplv-dy-360p.jpeg?lk3s=138a59ce&x-expires=1745305200&x-signature=ukWMbX5F%2Bxy1qtgiO6QXMdJkPNo%3D&from=327834062&s=PackSourceEnum_AWEME_DETAIL&se=false&sc=origin_cover&biz_tag=pcweb_cover&l=202504081504579DDA9D3D2965CA00CD96
7439166840217144603,è‰¾èå…¬ä¸»æ¸¸æ³³ğŸ˜ƒğŸ˜ƒã€‚#è‰¾èå…¬ä¸» #å„¿ç«¥åŠ¨ç”»ç‰‡0-3å²ç›Šæ™º #å„¿ç«¥å¯è’™æ—©æ•™ç›Šæ™ºåŠ¨ç”»ç‰‡ #3-6å²å„¿ç«¥åŠ¨ç”»è§†é¢‘ #å¯è’™æ—©æ•™,2024-11-20 09:27:03,3191260467963995,æŸšç”œç™¾è´§,åº—é“ºè´¦å·,1246,32,520,https://p3-pc-sign.douyinpic.com/tos-cn-i-0813c001/o4pAunAAQiUEACDAzzxheWgA1iEsfAmBI9OsMN~noop.jpeg?lk3s=138a59ce&x-expires=1745305200&x-signature=21y4WupuiN4bsQclpRsDfIC32pw%3D&from=327834062&s=PackSourceEnum_AWEME_DETAIL&se=false&biz_tag=pcweb_cover&l=202504081505111840D11CE117A301038E
7425549280758304015,å°è‰¾èå…¬ä¸»ä¸å–œæ¬¢æ´—è„šï¼Œè¿™æ˜¯ä¸å¯¹çš„å“¦#è‰¾è #å„¿ç«¥ç›Šæ™ºæ—©æ•™ #åŠ¨ç”»å°æ•…äº‹ #å„¿ç«¥åŠ¨ç”»ç‰‡0-3å²ç›Šæ™º #ç¡å‰æ•…äº‹,2024-10-14 16:43:50,2980137276292304,æ…•é›ªç™¾è´§,åº—é“ºè´¦å·,11668,205,4189,https://p3-pc-sign.douyinpic.com/tos-cn-i-0813c001/oMmCAcufAMCziAAwEyVKe2bBgigAC0AMLBhtIA~noop.jpeg?lk3s=138a59ce&x-expires=1745305200&x-signature=ayPRMFzzBy3ZnufaQ3XFLg82fGU%3D&from=327834062&s=PackSourceEnum_AWEME_DETAIL&se=false&biz_tag=pcweb_cover&l=20250408150528C3860F21104D8F012317
7455141386585722149,#å¯è’™ç›Šæ™ºç©å…· #åŠ¨ç”»è§†é¢‘ #å„¿ç«¥åŠ¨æ¼« #æ—©æ•™å¯è’™ç›Šæ™ºåŠ¨ç”» #3åˆ°6å²å„¿ç«¥ç›Šæ™ºæ—©æ•™åŠ¨ç”»,2025-01-02 10:36:49,4062022357757593,å°ç«è…¿ç‹,,3959,21,1623,https://p3-pc-sign.douyinpic.com/tos-cn-p-0015/o4ir10uEvi7tCQMQQCFOAejDASGOkB98ff6Bzr~tplv-dy-360p.jpeg?lk3s=138a59ce&x-expires=1745305200&x-signature=6piGdSvokPTvG0Y6r27irJeNHTs%3D&from=327834062&s=PackSourceEnum_AWEME_DETAIL&se=false&sc=origin_cover&biz_tag=pcweb_cover&l=202504081505403961802DE77875012C45
7479706735452687676,#å°çŒªä½©å¥‡,2025-03-09 15:22:21,110277629492,ç²‰è‰²å°çŒªå®,,962,25,448,https://p3-pc-sign.douyinpic.com/tos-cn-p-0015c000-ce/o4nIaue8EDQzIe6NVIFHwGIE9A24AYYfAqCnWU~tplv-dy-360p.jpeg?lk3s=138a59ce&x-expires=1745305200&x-signature=nAg6aNIjvHfsQytDa6YaXPPF50E%3D&from=327834062&s=PackSourceEnum_AWEME_DETAIL&se=false&sc=origin_cover&biz_tag=pcweb_cover&l=202504081505538C16BEC1988355014885
7457441839398833418,#åŠ¨ç”»è§†é¢‘ #ç«¥å¹´åŠ¨ç”»#å„¿ç«¥åŠ¨ç”»ç‰‡å°è§†é¢‘ #åŠ¨ç”»å°çŸ­ç‰‡0-3å²å„¿ç«¥ #3-6å²å„¿ç«¥åŠ¨ç”»ç‰‡å¤§å…¨ #å°å®å®çœ‹çš„åŠ¨ç”»ç‰‡,2025-01-08 15:23:18,82384810231,äº‘é†‰æœˆ,,251,15,119,https://p3-pc-sign.douyinpic.com/tos-cn-p-0015/oELEqTo9Q2zBaHfCt8ADfB67a4AFD3iA8xeOQI~tplv-dy-360p.jpeg?lk3s=138a59ce&x-expires=1745305200&x-signature=XotlUWKFrwnb1yGEOmOjR%2FQJhx0%3D&from=327834062&s=PackSourceEnum_AWEME_DETAIL&se=false&sc=origin_cover&biz_tag=pcweb_cover&l=20250408150606F874C8B3A9812F00EDC1
7462162232344988988,#å¯è’™ #å„¿ç«¥å¯è’™æ—©æ•™ç›Šæ™ºåŠ¨ç”»ç‰‡ #æ—©æ•™å¯è’™ç›Šæ™ºåŠ¨ç”» #å¯è’™åŠ¨ç”» #å¯è’™æ—©æ•™,2025-01-21 08:41:12,3982877637743216,å°å°æ–°,,2337,26,1003,https://p3-pc-sign.douyinpic.com/tos-cn-p-0015c000-ce/o0UyBf7TDEanF14A1OE7unISjCeIALfw649SzA~tplv-dy-360p.jpeg?lk3s=138a59ce&x-expires=1745305200&x-signature=lS0L1C6INt%2Ffc3WtDkqv3ybaf5E%3D&from=327834062&s=PackSourceEnum_AWEME_DETAIL&se=false&sc=origin_cover&biz_tag=pcweb_cover&l=20250408150617ABEEC92972735A01439B
7467766669218254121,#å„¿ç«¥æ—©æ•™åŠ¨ç”»ç‰‡æ¨è #3åˆ°6å²å„¿ç«¥ç›Šæ™ºæ—©æ•™åŠ¨ç”» #å„¿ç«¥å¯è’™æ—©æ•™ç›Šæ™ºåŠ¨ç”»ç‰‡ #æ—©æ•™å¯è’™ç›Šæ™ºåŠ¨ç”» #äº²å­äº’åŠ¨,2025-02-05 11:09:22,2091718406839771,å°æ–°å–èœ¡ç¬”,,10205,99,3843,https://p3-pc-sign.douyinpic.com/tos-cn-p-0015/oEBAIlMmgwiL7GCLsAx14iAQidZvBJINWi6IP~tplv-dy-360p.jpeg?lk3s=138a59ce&x-expires=1745305200&x-signature=%2B%2BFGuo90XK18RjbFDj7MHnWz40M%3D&from=327834062&s=PackSourceEnum_AWEME_DETAIL&se=false&sc=origin_cover&biz_tag=pcweb_cover&l=20250408150629249A0F1E9254A3012E6F
7482661874861870394,#å°çŒªä½©å¥‡,2025-03-17 14:29:55,110277629492,ç²‰è‰²å°çŒªå®,,1911,35,908,https://p3-pc-sign.douyinpic.com/tos-cn-p-0015c000-ce/oQY4UkBWIiABIOC67AieTwALE6fqveRXz6WrwS~tplv-dy-360p.jpeg?lk3s=138a59ce&x-expires=1745305200&x-signature=u%2BIr4bQWelyzonFwODqNWDrxq8Q%3D&from=327834062&s=PackSourceEnum_AWEME_DETAIL&se=false&sc=origin_cover&biz_tag=pcweb_cover&l=20250408150649BFFB5832F24ABB018542
7461636746078457126,æ©±çª—å–å†›ç«#åŠ¨ç”» #ç«¥å¹´åŠ¨ç”» #åŠ¨ç”»ç‰‡ #å„¿ç«¥åŠ¨ç”» #åŠ¨ç”»çŸ­ç‰‡,2025-01-19 22:41:59,1432034365944688,é¥ºå­å’Œå¸ƒè±æ©ï¼ˆæ©±çª—æœ‰å†›ç«ï¼‰,,141566,38630,3146,https://p3-pc-sign.douyinpic.com/tos-cn-p-0015/okm9BigUIknBSxAzIBNU6NiJ7jmHDAfQ1yAgeQ~tplv-dy-360p.jpeg?lk3s=138a59ce&x-expires=1745305200&x-signature=J1AODXqZeh%2B9utvomRcuNZ7WsV0%3D&from=327834062&s=PackSourceEnum_AWEME_DETAIL&se=false&sc=origin_cover&biz_tag=pcweb_cover&l=20250408150700F5FA03446C6F34018553
7466360089520131355,#å°çŒªä½©å¥‡ #å†…å®¹å¯å‘æœç´¢,2025-02-01 16:10:55,110277629492,ç²‰è‰²å°çŒªå®,,3325,61,1441,https://p3-pc-sign.douyinpic.com/tos-cn-p-0015/owvAIiWIAQAdio7Fa1PxWZI1o2B5IJWT2B33o~tplv-dy-360p.jpeg?lk3s=138a59ce&x-expires=1745305200&x-signature=B8xEM07Qp8EoANlKdzF1vs%2B1G%2Bo%3D&from=327834062&s=PackSourceEnum_AWEME_DETAIL&se=false&sc=origin_cover&biz_tag=pcweb_cover&l=20250408150714F2E1567FFEC5A2011ECA
7485463744651300108,#æ—©æ•™åŠ¨ç”» #åŠ¨ç”»çŸ­ç‰‡0-6å² #å°å­©å­åŠ¨ç”»ç‰‡0-3å² #ä»Šå¤©ä½ ç¬‘äº†å— #åŠ¨ç”»ç‰‡0-6å²å„¿ç«¥åŠ¨ç”»ç‰‡,2025-03-25 03:47:04,473256433037913,å°ç¾å¥½ç‰©åˆ†äº«,,2603,47,1255,https://p3-pc-sign.douyinpic.com/tos-cn-p-0015/oEenZAdGA1II3Bsz1GCii1zeIB5vwNDhogBtAi~tplv-dy-360p.jpeg?lk3s=138a59ce&x-expires=1745305200&x-signature=TmKZ5X%2BcLDKgmkAIK6r0oT5aFO4%3D&from=327834062&s=PackSourceEnum_AWEME_DETAIL&se=false&sc=origin_cover&biz_tag=pcweb_cover&l=202504081507250EEC71F9454DEB012735
7485302055922437435,#åŠ¨ç”»#å„¿ç«¥åŠ¨ç”» #åŸåˆ›åŠ¨ç”» #è¶…çº§å®è´jojo,2025-03-24 17:15:07,978987599015436,å°æ´‹æ´‹åŠ¨è¯,,6223,50,2618,https://p3-pc-sign.douyinpic.com/tos-cn-p-0015c000-ce/oUCZeZBIeLEPidv8hwjWewhiBk8iIAzpEIwApU~tplv-dy-360p.jpeg?lk3s=138a59ce&x-expires=1745305200&x-signature=u%2FpnU2kkKss0bVpA3pb%2BKM21Hp8%3D&from=327834062&s=PackSourceEnum_AWEME_DETAIL&se=false&sc=origin_cover&biz_tag=pcweb_cover&l=202504081507372B18546AEA9A9A0183AE
7487172926249143592,å“ªå’ #å„¿ç«¥åŠ¨ç”» #äºŒæ¬¡å…ƒ #åŠ¨ç”» #å“ªå’,2025-03-30 11:20:00,2491914161750499,å¥¥ç‰¹æ›¼å¤§ç©å®¶,,17719,290,8633,https://p3-pc-sign.douyinpic.com/tos-cn-p-0015/oIkAeE4DgtnBUhlFfqn9ADAqQzP7h5Q78SY3tC~tplv-dy-360p.jpeg?lk3s=138a59ce&x-expires=1745305200&x-signature=DCH6L%2BWpVCpHOeSzwraARgvyr%2Fw%3D&from=327834062&s=PackSourceEnum_AWEME_DETAIL&se=false&sc=origin_cover&biz_tag=pcweb_cover&l=20250408150750447E905BAF75F6019C60
7470815462964890931,#å°‘å„¿ç›Šæ™ºåŠ¨æ¼«æ¨è #å¥¥ç‰¹æ›¼å„¿ç«¥åŠ¨ç”»ç‰‡ #3åˆ°6å²å„¿ç«¥ç›Šæ™ºæ—©æ•™åŠ¨ç”»ç‰‡ #å„¿ç«¥å¯è’™æ—©æ•™ç›Šæ™ºåŠ¨ç”»ç‰‡ #å°‘å„¿åŠ¨ç”»ç‰‡æ¨è,2025-02-13 16:19:47,2980145787058155,ä¹ˆä¹ˆå½,,39359,526,15207,https://p3-pc-sign.douyinpic.com/tos-cn-p-0015/ogmb71OfPQaLBqBOVCWLOlWIQjGFfaAODAerlX~tplv-dy-360p.jpeg?lk3s=138a59ce&x-expires=1745305200&x-signature=Wuaaqkkv1xcN16xd8POZ4uYNHKk%3D&from=327834062&s=PackSourceEnum_AWEME_DETAIL&se=false&sc=origin_cover&biz_tag=pcweb_cover&l=2025040815080304B78534168C1801B4A1
7487180923650215203,å®å®è¡Œä¸ºä¹ æƒ¯åŸ¹å…»â€”â€”ã€Šç»å¸¸æŒ–é¼»å­”çš„å±å®³ã€‹#å„¿ç«¥ç¡å‰æ•…äº‹ #ç»˜æœ¬æ•…äº‹ #ç¡å‰æ•…äº‹ #å„¿ç«¥åŠ¨ç”»  #3-6å²å„¿ç«¥ç¡å‰æ•…äº‹æ¨è,2025-03-29 18:46:15,4273171992421884,å›¾å›¾å„¿ç«¥ç¡å‰æ•…äº‹ï¼ˆå¯æ•™ï¼‰,,5021,1158,3268,https://p3-pc-sign.douyinpic.com/tos-cn-p-0015/owhfAtnE9NcfL6LWzgB8RIb5IAlnbjDMUY4AFB~tplv-dy-360p.jpeg?lk3s=138a59ce&x-expires=1745305200&x-signature=%2FMsPcARL3rwa2Xo1zC7XdyFoB54%3D&from=327834062&s=PackSourceEnum_AWEME_DETAIL&se=false&sc=origin_cover&biz_tag=pcweb_cover&l=2025040815081408D4B90C10BA61015F8C
7471954077539192124,å„¿ç«¥å°æœ‹å‹çˆ±çœ‹çš„è§†é¢‘ #3åˆ°6å²å„¿ç«¥ç›Šæ™ºæ—©æ•™åŠ¨ç”» #æç¬‘#å„¿ç«¥åŠ¨ç”» #äºŒæ¬¡å…ƒ #ç«¥å¹´åŠ¨ç”»,2025-02-16 17:58:07,1106544301997643,å²³å²³,,62553,352,23720,https://p3-pc-sign.douyinpic.com/tos-cn-p-0015c000-ce/ocBZEKfBeIwsevzAvtyF62ENxCrAkisWiAn7Iw~tplv-dy-360p.jpeg?lk3s=138a59ce&x-expires=1745305200&x-signature=yZrvg5%2F7%2BybMp5T%2FL8w2njdqTa0%3D&from=327834062&s=PackSourceEnum_AWEME_DETAIL&se=false&sc=origin_cover&biz_tag=pcweb_cover&l=202504081508267BCFF0D11451840144D5
7455229895766215945,#æç¬‘ #æ²™é›• #3åˆ°6å²å„¿ç«¥ç›Šæ™ºæ—©æ•™åŠ¨ç”» #çœ‹ä¸€éç¬‘ä¸€éç¬‘å¾—è‚šå­ç–¼ #å„¿ç«¥çˆ±çœ‹çš„å°è§†é¢‘,2025-01-02 16:20:25,1709065627501565,@èˆèˆå§,,59112,667,24887,https://p3-pc-sign.douyinpic.com/tos-cn-p-0015/oshxNqEQZPDVTI6zArAXi6NIEABiv3k2TLgZI~tplv-dy-360p.jpeg?lk3s=138a59ce&x-expires=1745305200&x-signature=6y5oKaY81fcxnWwrnOl%2BIEcES9E%3D&from=327834062&s=PackSourceEnum_AWEME_DETAIL&se=false&sc=origin_cover&biz_tag=pcweb_cover&l=202504081508382B18546AEA9A9A01A309
7485619130263932219,#å„¿ç«¥åŠ¨ç”» #è¶…çº§å®è´jojo #3åˆ°6å²å„¿ç«¥ç›Šæ™ºæ—©æ•™åŠ¨ç”»  #æç¬‘ #å­¦ç”Ÿå…š,2025-03-25 13:45:27,1141757455632800,42å·,,240915,830,40495,https://p3-pc-sign.douyinpic.com/tos-cn-p-0015c000-ce/osvAEeseXIAJQJq5PaQCiPCrPwiwuCBTzILe3i~tplv-dy-360p.jpeg?lk3s=138a59ce&x-expires=1745305200&x-signature=XnK4jkQZqwSAOFcUc7J1Zrw2x%2F4%3D&from=327834062&s=PackSourceEnum_AWEME_DETAIL&se=false&sc=origin_cover&biz_tag=pcweb_cover&l=2025040815090152AC3AE5D59D8C01EA36
7484509817449532691,#å„¿ç«¥å·¥ç¨‹è½¦åŠ¨ç”»ç‰‡å¤§å…¨ #å„¿ç«¥æŒ–æ˜æœºæŒ–åœŸè§†é¢‘ #3åˆ°6å²å„¿ç«¥ç›Šæ™ºæ—©æ•™åŠ¨ç”» #å„¿ç«¥ç›Šæ™ºæ—©æ•™ #å„¿ç«¥æŒ–æ˜æœºæŒ–åœŸè§†é¢‘,2025-03-22 14:01:01,772277910908604,å€©å€©,,13655,56,5266,https://p3-pc-sign.douyinpic.com/tos-cn-p-0015/owoQ4EaGPCUaH0OLIxvK3AgzBBSeev8Ax7gheV~tplv-dy-360p.jpeg?lk3s=138a59ce&x-expires=1745305200&x-signature=apn2Bt5XunEN6honrMM2hLub5bg%3D&from=327834062&s=PackSourceEnum_AWEME_DETAIL&se=false&sc=origin_cover&biz_tag=pcweb_cover&l=202504081509124BD0434CFC20F5016EB8
7477835862131166518,#å„¿ç«¥æŒ–æ˜æœºæŒ–åœŸè§†é¢‘ #3åˆ°6å²å„¿ç«¥ç›Šæ™ºæ—©æ•™åŠ¨ç”» #å¥¥ç‰¹æ›¼å„¿ç«¥åŠ¨ç”»ç‰‡ #å°‘å„¿ç›Šæ™ºåŠ¨æ¼«æ¨è #å„¿ç«¥å·¥ç¨‹è½¦åŠ¨ç”»ç‰‡å¤§å…¨,2025-03-04 14:22:48,772277910908604,å€©å€©,,280,2,121,https://p3-pc-sign.douyinpic.com/tos-cn-p-0015/oAFfgYWcf1oLLL0GEFMAgfGdsMfAnJfHxmQn8U~tplv-dy-360p.jpeg?lk3s=138a59ce&x-expires=1745305200&x-signature=bt1p3iflvOca2SKGPP05bDitBF0%3D&from=327834062&s=PackSourceEnum_AWEME_DETAIL&se=false&sc=origin_cover&biz_tag=pcweb_cover&l=202504081509230C98164B126B9A019924
7476226030898793766,#å„¿ç«¥åŠ¨ç”» #åŠ¨ç”» #ç®€ç¬”ç”» #å„¿ç«¥ç®€ç¬”ç”»,2025-02-28 06:15:35,369060550287360,å¤§ä¾,,5834,369,3235,https://p3-pc-sign.douyinpic.com/tos-cn-p-0015/o4MAnVyZApfH44YfsfeIEHFnBIQlQCLBkuiAeG~tplv-dy-360p.jpeg?lk3s=138a59ce&x-expires=1745305200&x-signature=rLGR6Nlrxk8pXizT5%2B0n6Ll4564%3D&from=327834062&s=PackSourceEnum_AWEME_DETAIL&se=false&sc=origin_cover&biz_tag=pcweb_cover&l=202504081509347094E3A0F77DA7018E77
7455864301056724261,#å„¿ç«¥åŠ¨ç”» #åŠ¨ç”»ç‰‡å„¿ç«¥è§†é¢‘3-6å² #å°‘å„¿ç›Šæ™ºåŠ¨æ¼«æ¨è #ç›Šæ™ºå°‘å„¿åŠ¨ç”»ç‰‡æ¨è,2025-01-04 09:21:54,2681055921842427,é£å¹è‰åŠ¨,,7082,69,3062,https://p3-pc-sign.douyinpic.com/tos-cn-p-0015/ooCpAjlenFJblBICIOED0TfHIOvqA0ceBG4PF7~tplv-dy-360p.jpeg?lk3s=138a59ce&x-expires=1745305200&x-signature=GqciQjEJiqdPOfAPbVlPFncYl%2FM%3D&from=327834062&s=PackSourceEnum_AWEME_DETAIL&se=false&sc=origin_cover&biz_tag=pcweb_cover&l=20250408150946D89C7A92EA194701BAE9
7475276406361050425,å˜æˆå–œæ¬¢çš„æ ·å­åƒç³–æœ#å„¿ç«¥åŠ¨ç”» #äºŒæ¬¡å…ƒ #ç›Šæ™ºåŠ¨ç”» #ç›Šæ™ºå¯è’™åŠ¨ç”» #ç›Šæ™ºæ—©æ•™åŠ¨ç”»,2025-02-25 16:50:31,855847574450388,èŒèŒå°‘å„¿åŠ¨ç”»,,2761,31,1193,https://p3-pc-sign.douyinpic.com/tos-cn-p-0015c000-ce/o4ZnnJQQmA1jB9WWwIFLvheDZfMeqFYEEACW9I~tplv-dy-360p.jpeg?lk3s=138a59ce&x-expires=1745305200&x-signature=dz0kzjOYGMb0E7uE6kFiUAGnvSc%3D&from=327834062&s=PackSourceEnum_AWEME_DETAIL&se=false&sc=origin_cover&biz_tag=pcweb_cover&l=2025040815095662843E5279E1C6017CAA
7458549541965417787,#æƒ³ç”»å°±ç”» #è·Ÿç€æŠ–éŸ³å­¦ç”»ç”» #ä¸€å­¦å°±ä¼šç³»åˆ— #çˆ±ç”»ç”»çš„å­©å­ #åœ¨å®¶ç”»ç”» @æŠ–éŸ³å°åŠ©æ‰‹,2025-01-11 15:01:56,223925445857662,é˜³å…‰äººç”Ÿç™¾è´§,,312,14,159,https://p3-pc-sign.douyinpic.com/tos-cn-p-0015c000-ce/oALuRFdBEQEQg9BtCEf52rfA7OjuPD8kJBesCK~tplv-dy-360p.jpeg?lk3s=138a59ce&x-expires=1745305200&x-signature=kIjxoZhxAp%2FFgWX%2F2XSSF08pnjo%3D&from=327834062&s=PackSourceEnum_AWEME_DETAIL&se=false&sc=origin_cover&biz_tag=pcweb_cover&l=20250408151006FD19357D571FA40186A3
7480151541773651257,ã€Šç”ŸåŒ–å±æœºã€‹#å’Œå¹³ç²¾è‹±åœ°é“é€ƒç”Ÿ#å’Œå¹³ç©å®¶è¿‡å¹´æ–¹å¼#æ–°æ˜¥æ‘¸é‡‘ç‹‚æ¬¢å­£,2025-03-10 20:08:30,202760115729639,åœ°é“åŠ¨ç”» å¤œæ˜Ÿ,,8156,333,6151,https://p3-pc-sign.douyinpic.com/tos-cn-p-0015c000-ce/oAA5IisdB8MmA1BhQXVZOyPBBOy7vKBtvIiPn~tplv-dy-360p.jpeg?lk3s=138a59ce&x-expires=1745305200&x-signature=DAKY11jescZhu1uRu%2FjvfEqvk50%3D&from=327834062&s=PackSourceEnum_AWEME_DETAIL&se=false&sc=origin_cover&biz_tag=pcweb_cover&l=20250408151016728ABB1BEFA1B701596C
7464466357053148470,"#å•æœºæ¸¸æˆ #ææ€–æ¸¸æˆ #æ´—æ¾¡  
åœ¨æµ´å®¤é‡åˆ°ä¼ªäººæˆ‘å¯ä¸ä¼šæ”¾è¿‡ä»–ğŸ˜ğŸ˜",2025-01-27 13:42:36,1764035932994030,æ˜Ÿå®‡æ¸¸æˆç›´æ’­,,259,12,179,https://p3-pc-sign.douyinpic.com/tos-cn-p-0015/oseAxMD5FLPVlHX279FWAB8Amu7QQDCfgnxy0E~tplv-dy-360p.jpeg?lk3s=138a59ce&x-expires=1745305200&x-signature=yTSpQz1%2BbvBa4EP7rHCW3oCdmHE%3D&from=327834062&s=PackSourceEnum_AWEME_DETAIL&se=false&sc=origin_cover&biz_tag=pcweb_cover&l=20250408151028001A25CBEF761701B970
7462288981745519908,è¯¡å¼‚çš„é¥¼å¹²å°é•‡ï¼Œå˜æˆé¥¼å¹²äººä¸è¦å’Œå¤§é»‘ç‹—åšæœ‹å‹ä¸ç„¶å°±ä¼š... #æ¸¸æˆè§£è¯´ #æ¸¸æˆæ€ªè°ˆ #ä¸»æœºæ¸¸æˆæ¨è,2025-01-21 17:08:43,61720286216,å¥¶æ˜”ç©æ¸¸æˆ,,2989,163,1973,https://p3-pc-sign.douyinpic.com/tos-cn-p-0015/oMHreDBAogAtxgYgYFsezP4KeEYEEJnArPeev9~tplv-dy-360p.jpeg?lk3s=138a59ce&x-expires=1745305200&x-signature=AgVmPg%2BDhyfBH2NQ0B%2FqnNmNU2M%3D&from=327834062&s=PackSourceEnum_AWEME_DETAIL&se=false&sc=origin_cover&biz_tag=pcweb_cover&l=2025040815103973EDE782A6C12701BFFB
7488116741587914042,ä½©å¥‡æœ«æ—¥é€ƒç”Ÿï¼ˆä¸Šï¼‰#åŠ¨ç”»ç‰‡,2025-04-01 07:17:41,110277629492,ç²‰è‰²å°çŒªå®,,559,19,220,https://p3-pc-sign.douyinpic.com/tos-cn-p-0015c000-ce/ooegAARnAePBkc8P7YaCJptKTIQQQBLWgXV1eG~tplv-dy-360p.jpeg?lk3s=138a59ce&x-expires=1745305200&x-signature=hcGHvRR3AEIw%2BGc9VmhSr8nHn3s%3D&from=327834062&s=PackSourceEnum_AWEME_DETAIL&se=false&sc=origin_cover&biz_tag=pcweb_cover&l=2025040815105000BE6CFF2CDD9101A585
7486877267927256371,é¡½çš®çš„å°çŒ«å’ªæ‰è¿›äº†é©¬æ¡¶ #èŒå® å‡ºé“è®¡åˆ’ #çŒ«å’ª #çŒ«å’ªçš„è¿·æƒ‘è¡Œä¸º #äºŒæ¬¡å…ƒ,2025-03-28 23:07:49,1660684679257001,aiçŒ«å’ªå‰§æƒ…,,10735,265,6429,https://p3-pc-sign.douyinpic.com/tos-cn-p-0015/oUPFIXDeqAc15jBYAjgia80NIfuMzpiBGB15mA~tplv-dy-360p.jpeg?lk3s=138a59ce&x-expires=1745305200&x-signature=nASQa%2Bek2hHTMWhZySpQMsN%2FBgo%3D&from=327834062&s=PackSourceEnum_AWEME_DETAIL&se=false&sc=origin_cover&biz_tag=pcweb_cover&l=2025040815110100BE6CFF2CDD9101AAFC
7468833872277540096,çŒ«å’ªæ•‘ä¸‹å¡çš®å·´æ‹‰ã€‚ã€‚ã€‚#èŒå® å‡ºé“è®¡åˆ’ #å†…å®¹å¯å‘æœç´¢ #äºŒæ¬¡å…ƒ #çŒ«å’ª #æ²»æ„ˆä¸–ç•Œæ²»æ„ˆä½ ,2025-02-08 08:10:55,96125663758,Aiå–µå–µç»˜,,1498,35,869,https://p9-pc-sign.douyinpic.com/tos-cn-p-0015/ocV9fpEy0Q1lImNRAZ9uokgIDfALFABsBBlnpI~tplv-dy-360p.jpeg?lk3s=138a59ce&x-expires=1745305200&x-signature=92Gn3Hpgv7%2FGJXCK6HyiYVttsJ0%3D&from=327834062&s=PackSourceEnum_AWEME_DETAIL&se=false&sc=origin_cover&biz_tag=pcweb_cover&l=202504081511128C71989B7882BC01ED63
7477106477019303220,çŒ«çˆ¸å‡ºè½¨é­æŠ¥åº”ï¼ŒçŒ«å¦ˆå¸¦å´½é€†è¢­å¤ä»‡ï¼ğŸ±ğŸ”¥ #ä¸Šçƒ­é—¨ #ä¸‡ç²‰æ‰¶æŒè®¡åˆ’ #æŠ–éŸ³æ•…äº‹ #å°çŒ«AIè§†é¢‘ #èŒå® å‡ºé“è®¡åˆ’,2025-03-02 15:18:07,97144755006,è¯¥æ­»çš„å¿ƒåŠ¨,,1464,81,643,https://p3-pc-sign.douyinpic.com/tos-cn-p-0015/ogII7PyxiWIIBDRjBAgeWEiedY6AeLgGHlaCYA~tplv-dy-360p.jpeg?lk3s=138a59ce&x-expires=1745305200&x-signature=CuKNbBvClm9GFhQE51npVaKp2wA%3D&from=327834062&s=PackSourceEnum_AWEME_DETAIL&se=false&sc=origin_cover&biz_tag=pcweb_cover&l=202504081511243ADD76073AA2F401B8A5
7460280150874148106,é‚ªæ¶çš„è€çˆ·çˆ·æŠŠå°çŒ«å’ªæ‰”è¿›æµ·é‡Œï¼Œç»“æœç«Ÿç„¶.. #aiè§†é¢‘ #äºŒæ¬¡å…ƒ #çŒ«å’ª #èŒå® å‡ºé“è®¡åˆ’ #å†…å®¹å¯å‘æœç´¢,2025-01-16 07:04:17,1660684679257001,aiçŒ«å’ªå‰§æƒ…,,11423,218,5969,https://p3-pc-sign.douyinpic.com/tos-cn-p-0015/o0jeeneS4xIXfq1BTItgAQYfPgAZGljACb4jQf~tplv-dy-360p.jpeg?lk3s=138a59ce&x-expires=1745305200&x-signature=rbxIQLI%2B2N1aEz%2BySXVw7xwz6co%3D&from=327834062&s=PackSourceEnum_AWEME_DETAIL&se=false&sc=origin_cover&biz_tag=pcweb_cover&l=20250408151135422DF76B99F25101E0FB
7462892986574130466,"çŒ«å’ªä¼šæ€æ ·æ•‘æ²»ç”Ÿç—…ä½é™¢çš„å°çŒ´å­...
#AIç»˜ç”» #èŒå® å‡ºé“è®¡åˆ’ #äºŒæ¬¡å…ƒ #å†…å®¹å¯å‘æœç´¢ #çŒ«å’ª",2025-01-23 07:57:22,96125663758,Aiå–µå–µç»˜,,6235,154,3472,https://p3-pc-sign.douyinpic.com/tos-cn-p-0015/o0AqAAenNEMD69wQUEjfBFCk0DdxLYQsUqH0Qg~tplv-dy-360p.jpeg?lk3s=138a59ce&x-expires=1745305200&x-signature=NL2uiAgCAIJGR2L5ooIFVb%2FuAgA%3D&from=327834062&s=PackSourceEnum_AWEME_DETAIL&se=false&sc=origin_cover&biz_tag=pcweb_cover&l=20250408151146F12CDA4545F17D01B0A5
7478951816726662400,ä¸å¥½ï¼Œç´¢å°¼å…‹å’Œå°é»„äººå‘ç”Ÿäº†å¯æ€•çš„å˜å¼‚ï¼ #ç“œå­äºŒæ‰‹è½¦ #å½±è§†è§£è¯´ #äºŒæ¬¡å…ƒ  #ç´¢å°¼å…‹#å°é»„äºº,2025-03-07 14:33:10,166735604880232,æ¸…å´½å½±è§†,,911,17,452,https://p3-pc-sign.douyinpic.com/tos-cn-p-0015/osnPDIKVrBUIpAF9eAzIgyjBzyAQgBfrPIkDE0~tplv-dy-360p.jpeg?lk3s=138a59ce&x-expires=1745305200&x-signature=V218XALCwiBcvoOaEdzl45fG7D4%3D&from=327834062&s=PackSourceEnum_AWEME_DETAIL&se=false&sc=origin_cover&biz_tag=pcweb_cover&l=2025040815115856633FFB36B33101D7FF
7464354528570215707,å°çŒ«å’ªçš„è€å¥¶å¥¶ç”Ÿç—…äº† #çŒ«å’ª #èŒå® å‡ºé“è®¡åˆ’ #äºŒæ¬¡å…ƒ #å†…å®¹å¯å‘æœç´¢,2025-01-27 06:28:13,1660684679257001,aiçŒ«å’ªå‰§æƒ…,,8667,210,4859,https://p3-pc-sign.douyinpic.com/tos-cn-p-0015/oE9aUArQAh0IfBvnVrCFEVvlIBYfkO9WBgDtAj~tplv-dy-360p.jpeg?lk3s=138a59ce&x-expires=1745305200&x-signature=ooT0cSFsE8T4ih%2FCGL%2BdExEdUVI%3D&from=327834062&s=PackSourceEnum_AWEME_DETAIL&se=false&sc=origin_cover&biz_tag=pcweb_cover&l=202504081512093ADAEE8001545D019B2C
7477868540192689443,"çˆ±ä¸è¢«çˆ±ï¼Œå˜å¼‚çŒ´å­å’ŒçŒ«å’ªçš„æ•…äº‹â€¦
#èŒå® å‡ºé“è®¡åˆ’ #äºŒæ¬¡å…ƒ #aiç»˜ç”» #çŒ«å’ª",2025-03-04 16:29:33,96125663758,Aiå–µå–µç»˜,,2324,16,1128,https://p3-pc-sign.douyinpic.com/tos-cn-p-0015/owfBBjZaCgAXVfJs6JcMNeCLwAIXqCGmPgg7SL~tplv-dy-360p.jpeg?lk3s=138a59ce&x-expires=1745305200&x-signature=tK%2F2XCIKhNYHY6He7iKcFbsQWqw%3D&from=327834062&s=PackSourceEnum_AWEME_DETAIL&se=false&sc=origin_cover&biz_tag=pcweb_cover&l=20250408151221C48747920C1C4101B43F
7477371046274813194,é¡½çš®çš„å°çŒ«å’ª #äºŒæ¬¡å…ƒ #èŒå® å‡ºé“è®¡åˆ’ #çŒ«å’ª #çŒ«å’ªçš„è¿·æƒ‘è¡Œä¸º,2025-03-03 08:19:19,1660684679257001,aiçŒ«å’ªå‰§æƒ…,,4639,93,2309,https://p3-pc-sign.douyinpic.com/tos-cn-p-0015/o4bfniqcAYCekBzSIX9AkcsgLqiA4zNCgBBEIn~tplv-dy-360p.jpeg?lk3s=138a59ce&x-expires=1745305200&x-signature=sJaV7S3Cdl75W7EjGBritXhDe4U%3D&from=327834062&s=PackSourceEnum_AWEME_DETAIL&se=false&sc=origin_cover&biz_tag=pcweb_cover&l=20250408151232908D887A3EEAC9022D3D
7459981394526113074,è·å¾—èœ˜è››ä¾ èƒ½åŠ›çš„å°çŒ«å’ªVSå¤§èœ˜è›› #äºŒæ¬¡å…ƒ #çŒ«å’ª #èŒå® å‡ºé“è®¡åˆ’ #å°çŒ«å’ª #å†…å®¹å¯å‘æœç´¢,2025-01-15 11:39:59,1660684679257001,aiçŒ«å’ªå‰§æƒ…,,2410,50,1150,https://p3-pc-sign.douyinpic.com/tos-cn-p-0015/oEDAVCElh6Da7RAjpsOdFFHBfeGBKPIBL9If8G~tplv-dy-360p.jpeg?lk3s=138a59ce&x-expires=1745305200&x-signature=Ds0ISdskbfdTm5BonR93RpfQ6Is%3D&from=327834062&s=PackSourceEnum_AWEME_DETAIL&se=false&sc=origin_cover&biz_tag=pcweb_cover&l=20250408151243258DAB647141CC01B95C
7478923763963235610,å·åƒç‚¸é¸¡çš„å°çŒ«å’ª #äºŒæ¬¡å…ƒ #èŒå® å‡ºé“è®¡åˆ’ #çŒ«å’ª #çŒ«å’ªçš„è¿·æƒ‘è¡Œä¸º,2025-03-07 12:44:25,1660684679257001,aiçŒ«å’ªå‰§æƒ…,,2696,24,1360,https://p3-pc-sign.douyinpic.com/tos-cn-p-0015/ow858IgXTHieAfAPgYePQTgUgge1ZpeBfEsjix~tplv-dy-360p.jpeg?lk3s=138a59ce&x-expires=1745305200&x-signature=e66efBnBRLacBa%2Favy94cWYchLA%3D&from=327834062&s=PackSourceEnum_AWEME_DETAIL&se=false&sc=origin_cover&biz_tag=pcweb_cover&l=20250408151254365B3648A675F501F388
7482280502204845371,å°çŒ«å’ªç«Ÿç„¶å˜èº«æˆç»¿å·¨äººæµ©å…‹äº†ï¼#ç»¿å·¨äºº #ç”µå½±è§£è¯´,2025-03-16 13:49:53,3956507674153612,æ´‹æ´‹ä¹ç”µå½±,,2744,64,1758,https://p3-pc-sign.douyinpic.com/tos-cn-p-0015c000-ce/owcPXnooRAi9WimniIMBHzZZBPISGh5vMiUAZ~tplv-dy-360p.jpeg?lk3s=138a59ce&x-expires=1745305200&x-signature=hnljB4P30bw%2Ft2t%2Fj%2BBVA9rT4Bw%3D&from=327834062&s=PackSourceEnum_AWEME_DETAIL&se=false&sc=origin_cover&biz_tag=pcweb_cover&l=20250408151306A5439ED802F78801DD0C
7475200277847526715,#äºŒæ¬¡å…ƒ #åŠ¨ç”»å°æ•…äº‹ #èŒå® çŒ«å’ª,2025-02-25 11:54:58,2991107194750843,AiçŒ«æ¢é•¿ğŸŸ©ğŸŸ«ğŸŸ¨ğŸŸ¥ğŸŸ¦ğŸŸª,,78,0,37,https://p3-pc-sign.douyinpic.com/tos-cn-p-0015c000-ce/oQQRMMEIIEwnG6vfBPFe9d2UYx8eoAAZDCT9B0~tplv-dy-360p.jpeg?lk3s=138a59ce&x-expires=1745305200&x-signature=fKx6IXpPpzhBeFE7rAYLe3GSUJw%3D&from=327834062&s=PackSourceEnum_AWEME_DETAIL&se=false&sc=origin_cover&biz_tag=pcweb_cover&l=20250408151318B64026F724A020020933
7460048196484517160,ä¸è¦åƒå¤ªå¤šçš„åƒåœ¾é£Ÿå“å“¦ğŸ˜²#äºŒæ¬¡å…ƒ #åŠ¨ç”»ç‰‡å„¿ç«¥è§†é¢‘3-6å² #å­¦ç”Ÿå…š #ä¸é€‚åˆå°å­©åƒçš„åƒåœ¾é£Ÿå“ #æ¯’æ¶²,2025-01-15 15:57:49,4246786061898106,ç³–æœè¶…ç”œ,,647,23,369,https://p3-pc-sign.douyinpic.com/tos-cn-p-0015/ooE9POQOrkKYTUDgBgfyFaACCpQyPxeIA2hn1A~tplv-dy-360p.jpeg?lk3s=138a59ce&x-expires=1745305200&x-signature=bjherwXGdnyCltupQIqI5WdksC4%3D&from=327834062&s=PackSourceEnum_AWEME_DETAIL&se=false&sc=origin_cover&biz_tag=pcweb_cover&l=20250408151329F9FAA27F1DB8A902882F
7467885907501190419,#å„¿ç«¥åŠ¨ç”» #äºŒæ¬¡å…ƒ #åŠ¨ç”»ç‰‡å„¿ç«¥è§†é¢‘3-6å² #3-6å²å„¿ç«¥åŠ¨ç”»è§†é¢‘ #æ¸¸æˆ,2025-02-05 18:52:02,2337999421715259,è¶…èƒ½å°å…”å…”,,1582,10,676,https://p3-pc-sign.douyinpic.com/tos-cn-p-0015/owwPSCAYWjBIPIQRgZmvgiH5qCt6QiIZANYMj~tplv-dy-360p.jpeg?lk3s=138a59ce&x-expires=1745305200&x-signature=N0VPvV9Mbvm8OvQrzOSjEDccU2g%3D&from=327834062&s=PackSourceEnum_AWEME_DETAIL&se=false&sc=origin_cover&biz_tag=pcweb_cover&l=2025040815134097769491B58ED3022732
7466397775589117247,@è™šæ— ï¼ˆå·æŸï¼‰ #,2025-02-01 18:43:20,3670649823039924,å°è¯´æ¨æ–‡,,440,66,335,https://p3-pc-sign.douyinpic.com/tos-cn-p-0015/o8e1vLeHIQkQAud1f7eUmFjAsv2reGQoECHsIR~tplv-dy-360p.jpeg?lk3s=138a59ce&x-expires=1745305200&x-signature=gWkfvehj%2BZIlg1WWcLzd4Httyno%3D&from=327834062&s=PackSourceEnum_AWEME_DETAIL&se=false&sc=origin_cover&biz_tag=pcweb_cover&l=2025040815135128C70AF684B1F4027C43
7488536373700414730,æ±ªæ±ªé˜Ÿç«‹å¤§åŠŸï¼šæ¢å¯»æ±ªæ±ªé˜Ÿå¤§è‚šå­ä¹‹è°œï¼Œèƒ½å¦è¯†ç ´å®ƒä»¬è—ç€çš„ç§˜å¯†ï¼Ÿ #æ±ªæ±ªé˜Ÿç«‹å¤§åŠŸ #åŠ¨æ¼«æ¨è #è½»æ¼«è®¡åˆ’ #æç¬‘è§†é¢‘ #3åˆ°6å²å„¿ç«¥ç›Šæ™ºæ—©æ•™åŠ¨ç”»,2025-04-02 10:27:39,2289657558337432,æ±ªæ±ªé˜ŸåŠ¨ç”»ç‰‡,,985,11,450,https://p3-pc-sign.douyinpic.com/tos-cn-p-0015/oseJ7aUnTP0hQAIwQHkLfBfGC6mm2Q7ZkPEADB~tplv-dy-360p.jpeg?lk3s=138a59ce&x-expires=1745305200&x-signature=HUlbUp5CKwmoC2LauNfBlj6Gt%2BU%3D&from=327834062&s=PackSourceEnum_AWEME_DETAIL&se=false&sc=origin_cover&biz_tag=pcweb_cover&l=20250408151403DB1FFC3561FDD8020164
7465661908180372746,#æ‰˜é©¬æ–¯å°ç«è½¦ #è¿™ä¸ªå¤ªå¥½ç©äº†,2025-01-30 19:01:35,100398365763,åŸ¹è¥¿,,442,11,225,https://p3-pc-sign.douyinpic.com/tos-cn-p-0015/ocmEX1OuDIaBeb3vAMFBCt9JnBf2nGAIEkgjAm~tplv-dy-360p.jpeg?lk3s=138a59ce&x-expires=1745305200&x-signature=Say32mldPpq2PJJSyHZAIqo5B5M%3D&from=327834062&s=PackSourceEnum_AWEME_DETAIL&se=false&sc=origin_cover&biz_tag=pcweb_cover&l=2025040815141589B44D83954F15020951
7470471424684084539,å¦‚æœæ˜¯ä½ çš„çŒ«ï¼Œä½ è¯¥æ€ä¹ˆåŠï¼Ÿ#æ¸¸æˆ #æ¸¸æˆæ€ªè°ˆ #ææ€–æ¸¸æˆ,2025-02-12 18:04:37,4090647944909134,å­å¢¨ï¼,,5183,253,4253,https://p3-pc-sign.douyinpic.com/tos-cn-p-0015c000-ce/osHrDfhQAEjeQkcpyEnwFCOsQt9HAziWeEX7U2~tplv-dy-360p.jpeg?lk3s=138a59ce&x-expires=1745305200&x-signature=N2zY1ANRnf3fdgEMg%2BvhNX43Nbw%3D&from=327834062&s=PackSourceEnum_AWEME_DETAIL&se=false&sc=origin_cover&biz_tag=pcweb_cover&l=202504081514250E710B2092D0DA022E84
7487049157685808422,é¡½çš®çŒ«å’ªå†é™©è®°ï¼šå°çŒ«æµ·ä¸Šå¤§å†’é™©ï¼Œèƒ½å¦è®©çˆ¸çˆ¸ä¸ºå®ƒç«–èµ·å¤§æ‹‡æŒ‡ï¼Ÿ #æç¬‘è§†é¢‘  #æç¬‘é…éŸ³  #è§£å‹è§†é¢‘  #çŒ«å’ª,2025-03-29 10:15:30,2661249438196109,èŒè¶£åŠ¨ç”»,,10589,251,6677,https://p3-pc-sign.douyinpic.com/tos-cn-p-0015/o4IfQG6eq87Q03B7tVzPuBLw6EpGrXABAweRnC~tplv-dy-360p.jpeg?lk3s=138a59ce&x-expires=1745305200&x-signature=Kq0SX56%2FpXfdPaOs2yY6W4iQvwc%3D&from=327834062&s=PackSourceEnum_AWEME_DETAIL&se=false&sc=origin_cover&biz_tag=pcweb_cover&l=20250408151436BFE1B62BD78EB20233BC
7470411729017523483,#ç©å…·è§†é¢‘åŠç©å…·å°æ•…äº‹ #ç©å…·æ•…äº‹ #åŠ¨ç”»å°æ•…äº‹ #å°ç›†å‹ç©å…·,2025-02-12 14:13:14,3861130709831283,å¸ƒä¸ç©å…·ä¹å›­,,1093,21,551,https://p3-pc-sign.douyinpic.com/tos-cn-p-0015/oceOotYdBJeQOALsJEpQpf1DhsHrAVe1IfdGIw~tplv-dy-360p.jpeg?lk3s=138a59ce&x-expires=1745305200&x-signature=khpADTcXaQ3%2Bi9Wtm6WJIC5gb84%3D&from=327834062&s=PackSourceEnum_AWEME_DETAIL&se=false&sc=origin_cover&biz_tag=pcweb_cover&l=20250408151447758F6418E1FE25021123
7487443454847356223,#èŠ‚å¥ç›’å­  #èŠ‚å¥ç›’å­åŠ¨ç”»  #sprunki  #èŠ‚å¥ç›’å­å½©è›‹æ¨¡ç»„  #æŠ–éŸ³å°æ¸¸æˆ,2025-03-30 11:47:17,1552980027126556,ä¸ƒæ–¤åéª¨,,5279,79,2312,https://p3-pc-sign.douyinpic.com/tos-cn-p-0015/oIztNtoKSBRIFAie5AgI0sdBo9AhgyvPVevBi1~tplv-dy-360p.jpeg?lk3s=138a59ce&x-expires=1745305200&x-signature=CSb4hcES%2BzRml1H8Xgy2hXpUy14%3D&from=327834062&s=PackSourceEnum_AWEME_DETAIL&se=false&sc=origin_cover&biz_tag=pcweb_cover&l=20250408151458C33CAA463F26D90237A0
7460502660467166479,#å°çŒªä½©å¥‡,2025-01-16 21:20:48,75979475991,çŒªä½©å¥‡,,214,12,97,https://p3-pc-sign.douyinpic.com/tos-cn-p-0015/o0eoBgK8DQu7oJy8AFFBGx7fbCfYPaBQEoAhBE~tplv-dy-360p.jpeg?lk3s=138a59ce&x-expires=1745305200&x-signature=d4dqEj3XTyTdNw4kACipcOh80tk%3D&from=327834062&s=PackSourceEnum_AWEME_DETAIL&se=false&sc=origin_cover&biz_tag=pcweb_cover&l=20250408151509AFB17DA9D74D5D026B8C
7465640700130938170,#å°çŒªä½©å¥‡ #å†…å®¹å¯å‘æœç´¢,2025-01-30 17:39:03,110277629492,ç²‰è‰²å°çŒªå®,,1361,19,592,https://p3-pc-sign.douyinpic.com/tos-cn-p-0015c000-ce/osNAYCIpXRGe7Yg0FiFXLO2Je48BEPgBkAgX4f~tplv-dy-360p.jpeg?lk3s=138a59ce&x-expires=1745305200&x-signature=miG%2Brwzxrg8IxEzUyaUuX1nVB3c%3D&from=327834062&s=PackSourceEnum_AWEME_DETAIL&se=false&sc=origin_cover&biz_tag=pcweb_cover&l=20250408151520318C4FC64136F3022D67
7488243898070912315,#å“ªå’2é­”ç«¥é—¹æµ·ç”³å…¬è±¹ååœºé¢ #å“ªå’ä¹‹é­”ç«¥é—¹æµ·å†²å‡»å…¨çƒç¥¨æˆ¿ #å“ªå’æˆ‘å‘½ç”±æˆ‘ä¸ç”±å¤©ç‡ƒèµ·æ¥äº†#ç¾ç½‘ç«™ç–‘ä¼¼åœæ›´å“ªå’2å…¨çƒç¥¨æˆ¿#å“ªå’2å…¨çƒå½±å²ç¥¨æˆ¿ç¬¬äº” @æŠ–éŸ³å°åŠ©æ‰‹,2025-04-01 15:30:53,7409184956872115258,å¼€å¿ƒå®è´ä¿©,,5468,84,3034,https://p3-pc-sign.douyinpic.com/tos-cn-p-0015c000-ce/oseBiyWNizuBIjiwzDZALluPqVweC5AerIEojH~tplv-dy-360p.jpeg?lk3s=138a59ce&x-expires=1745305200&x-signature=xjAlst8tTf71XzO0hEwSNPEZmGA%3D&from=327834062&s=PackSourceEnum_AWEME_DETAIL&se=false&sc=origin_cover&biz_tag=pcweb_cover&l=202504081515317DBA0C34D32F8A022271
7487910119343213884,#å“ªå’ä¹‹é­”ç«¥é™ä¸– #å“ªå’2å»¶é•¿ä¸Šæ˜ è‡³4æœˆ30æ—¥ #å“ªå’æˆ‘å‘½ç”±æˆ‘ä¸ç”±å¤©ç‡ƒèµ·æ¥äº†#ç¾ç½‘ç«™ç–‘ä¼¼åœæ›´å“ªå’2å…¨çƒç¥¨æˆ¿#å“ªå’2å…¨çƒå½±å²ç¥¨æˆ¿ç¬¬äº” @æŠ–éŸ³å°åŠ©æ‰‹,2025-03-31 17:55:42,7409184956872115258,å¼€å¿ƒå®è´ä¿©,,673,19,326,https://p3-pc-sign.douyinpic.com/tos-cn-p-0015c000-ce/ogXxI8IGRmeJtfABZPMqBfkIqkLA87A1ZNCM1g~tplv-dy-360p.jpeg?lk3s=138a59ce&x-expires=1745305200&x-signature=odi0x3KXP4UbR3oiskUbsU%2F8ZRU%3D&from=327834062&s=PackSourceEnum_AWEME_DETAIL&se=false&sc=origin_cover&biz_tag=pcweb_cover&l=20250408151543435F5649D1C15E028D46
7487856684140956985,#å“ªå’ä¹‹é­”ç«¥é™ä¸– #å“ªå’2å»¶é•¿ä¸Šæ˜ è‡³4æœˆ30æ—¥ #å“ªå’æˆ‘å‘½ç”±æˆ‘ä¸ç”±å¤©ç‡ƒèµ·æ¥äº†#å“ªå’2å…¨çƒå½±å²ç¥¨æˆ¿ç¬¬äº” #ç¾ç½‘ç«™ç–‘ä¼¼åœæ›´å“ªå’2å…¨çƒç¥¨æˆ¿@æŠ–éŸ³å°åŠ©æ‰‹,2025-03-31 14:28:20,7409184956872115258,å¼€å¿ƒå®è´ä¿©,,1527,23,795,https://p3-pc-sign.douyinpic.com/tos-cn-p-0015c000-ce/owfeIArOZ9QVPuLqQACZINNNwBigEzAR9YBe3i~tplv-dy-360p.jpeg?lk3s=138a59ce&x-expires=1745305200&x-signature=1xZAFVsxxm5ST%2FKam2vfaxhc1Mg%3D&from=327834062&s=PackSourceEnum_AWEME_DETAIL&se=false&sc=origin_cover&biz_tag=pcweb_cover&l=202504081515541BF145391E8940028D7F
7487208298219982140,#å“ªå’æ•–ä¸™ #å“ªå’2å»¶é•¿ä¸Šæ˜ è‡³4æœˆ30æ—¥ #å“ªå’ä¹‹é­”ç«¥é—¹æµ·å†²å‡»å…¨çƒç¥¨æˆ¿ #å“ªå’æˆ‘å‘½ç”±æˆ‘ä¸ç”±å¤©ç‡ƒèµ·æ¥äº†#ç¾ç½‘ç«™ç–‘ä¼¼åœæ›´å“ªå’2å…¨çƒç¥¨æˆ¿@æŠ–éŸ³å°åŠ©æ‰‹,2025-03-29 20:32:18,7409184956872115258,å¼€å¿ƒå®è´ä¿©,,2025,41,1079,https://p3-pc-sign.douyinpic.com/tos-cn-p-0015c000-ce/o8N9FfgS3IfM07rPAAEGQ6QneABjpCJ8bG87zL~tplv-dy-360p.jpeg?lk3s=138a59ce&x-expires=1745305200&x-signature=JiBhgmxD4eEFNzql%2FlHGfzp2xpc%3D&from=327834062&s=PackSourceEnum_AWEME_DETAIL&se=false&sc=origin_cover&biz_tag=pcweb_cover&l=2025040815160567377CF43F780A0243F6
7470846901156334883,#æ‰‹å·¥ #diy #æ‰‹å¸ #å®‰é™ä¹¦ #æ¸¸æˆä¹¦,2025-02-13 18:21:43,4369934394078329,æ‰‹ä½œDIYå®‰é™ä¹¦,,421,25,273,https://p3-pc-sign.douyinpic.com/tos-cn-p-0015/oUBht7fPAB7uziDAus5BAQN1i1IAxI8geSWnlH~tplv-dy-360p.jpeg?lk3s=138a59ce&x-expires=1745305200&x-signature=KeIqgI4amyLsgB82t6JI0md%2Fuvs%3D&from=327834062&s=PackSourceEnum_AWEME_DETAIL&se=false&sc=origin_cover&biz_tag=pcweb_cover&l=202504081516167953D8EDC2944902A18B
7482082818399522083,å°é©¬å®è‰æ¢è£…çº¸å¨ƒå¨ƒå®‰é™ä¹¦ ,2025-03-16 09:15:00,108833710115,å‡Œæ™¨ä¸€ç‚¹åŠ,,619,29,409,https://p3-pc-sign.douyinpic.com/tos-cn-p-0015/okQCSK9VsbAlBIztOlPAZtM2PiInciBIKTWbx~tplv-dy-360p.jpeg?lk3s=138a59ce&x-expires=1745305200&x-signature=b%2BW%2FPKLTGgr0lo3%2BPGxpdOC23BI%3D&from=327834062&s=PackSourceEnum_AWEME_DETAIL&se=false&sc=origin_cover&biz_tag=pcweb_cover&l=202504081516274EAC1D0D6FD79702F20D
7471802277272030499,#å†…å®¹å¯å‘æœç´¢ #äºŒæ¬¡å…ƒ #èŠ‚å¥ç›’å­,2025-02-16 08:09:50,2944970681493856,ç¬¨å°å¦,,531,23,290,https://p3-pc-sign.douyinpic.com/tos-cn-p-0015/ow7gXIWHADzAS2Cn9eSBAZ91ZEQ7QDFiUV5sfD~tplv-dy-360p.jpeg?lk3s=138a59ce&x-expires=1745305200&x-signature=QSsV6VAId7JjmlbEK%2B%2Bu8VKgBuQ%3D&from=327834062&s=PackSourceEnum_AWEME_DETAIL&se=false&sc=origin_cover&biz_tag=pcweb_cover&l=202504081516385BD4495F08482A028C73
7471617515559357731,#æ‰‹å·¥diy #ç²˜åœŸ #äº²å­æ‰‹å·¥ #åˆ¶ä½œè¿‡ç¨‹ #åŸåˆ›ä½œå“,2025-02-15 20:12:05,1957592841336860,åˆ›æ„ä¹å›­,,356,6,172,https://p3-pc-sign.douyinpic.com/tos-cn-p-0015/oMAv768ZAEZhX0JwB1IKZQJSnIxTiwGBIwPCi~tplv-dy-360p.jpeg?lk3s=138a59ce&x-expires=1745305200&x-signature=fxSvUE%2Boultaq4FuU9AppYNewaM%3D&from=327834062&s=PackSourceEnum_AWEME_DETAIL&se=false&sc=origin_cover&biz_tag=pcweb_cover&l=20250408151650B4F43D26F45AEF026DE7
7486462408240696576,#æ‰‹å·¥diy #ç²˜åœŸ #äº²å­æ‰‹å·¥ #åˆ¶ä½œè¿‡ç¨‹ #åŸåˆ›ä½œå“,2025-03-27 20:17:51,1957592841336860,åˆ›æ„ä¹å›­,,152,5,78,https://p3-pc-sign.douyinpic.com/tos-cn-p-0015/oUfmQBAXCgsNf7EAMUBy2Ogo1QgDM8GCafmPJK~tplv-dy-360p.jpeg?lk3s=138a59ce&x-expires=1745305200&x-signature=CnjELBDIppS6Vvv6M9mup7RmGdM%3D&from=327834062&s=PackSourceEnum_AWEME_DETAIL&se=false&sc=origin_cover&biz_tag=pcweb_cover&l=202504081517024EAC1D0D6FD797030631
7486830094007160079,#æ‰‹å·¥diy #ç²˜åœŸ #åŸåˆ›ä½œå“ #äº²å­æ‰‹å·¥ #åˆ¶ä½œè¿‡ç¨‹,2025-03-28 20:04:36,1957592841336860,åˆ›æ„ä¹å›­,,82,0,35,https://p3-pc-sign.douyinpic.com/tos-cn-p-0015/o4EXQNPfpK6QTEA96I5nXBFAakfDdXgAAv0wNB~tplv-dy-360p.jpeg?lk3s=138a59ce&x-expires=1745305200&x-signature=1ck%2FwguWkSe7ITyvJDKIgdwM374%3D&from=327834062&s=PackSourceEnum_AWEME_DETAIL&se=false&sc=origin_cover&biz_tag=pcweb_cover&l=20250408151713C592725441D0F5029EF0
7140590365412724009,#åŸåˆ›æ‰‹ä½œ #æ‰‹å·¥diy #ç²˜åœŸæ‰‹å·¥ #åŠ¨ç”» #äº²å­æ‰‹å·¥ ä¸‹æ°´é“çš„ç¾äººğŸŸï¼ˆæ­£å¸¸æ‰‹å·¥ï¼Œæ— ä¸è‰¯è¡Œä¸ºï¼‰,2022-09-07 18:57:37,1957592841336860,åˆ›æ„ä¹å›­,,31212,1838,13793,https://p3-pc-sign.douyinpic.com/tos-cn-p-0015/ba951e996bfd405aa0a54ab2f81d808a_1662548265~tplv-dy-360p.jpeg?lk3s=138a59ce&x-expires=1745305200&x-signature=tGfVz0EskMi4TGECIzY4UaZZemo%3D&from=327834062&s=PackSourceEnum_AWEME_DETAIL&se=false&sc=origin_cover&biz_tag=pcweb_cover&l=202504081517245B52C8CD33E683025880
7129065231522811171,#æ‰‹å·¥diy é«˜é€Ÿè·¯å£åŒå¤´æ€ªç‰©#é»åœŸ #åŸåˆ›æ‰‹ä½œ #åˆ¶ä½œè¿‡ç¨‹ #ææ€–åŠ¨ç”»,2022-08-07 17:34:15,1957592841336860,åˆ›æ„ä¹å›­,,52752,3703,23424,https://p3-pc-sign.douyinpic.com/tos-cn-p-0015/5291126e8d564a5da25eb26600e00e29_1659864860~tplv-dy-360p.jpeg?lk3s=138a59ce&x-expires=1745305200&x-signature=6IxqgWCxvz19XdhMm%2FNHC34CeZo%3D&from=327834062&s=PackSourceEnum_AWEME_DETAIL&se=false&sc=origin_cover&biz_tag=pcweb_cover&l=20250408151733E7F27DA134534E028CFD
7487948336155184424,#æ‰‹å·¥diy #ç²˜åœŸ #äº²å­æ‰‹å·¥ #åˆ¶ä½œè¿‡ç¨‹ #åŸåˆ›ä½œå“,2025-03-31 20:24:01,1957592841336860,åˆ›æ„ä¹å›­,,89,4,33,https://p3-pc-sign.douyinpic.com/tos-cn-p-0015/o8fciUUN9BAiQB7IBI240XAkduSgWzHLBAeqi3~tplv-dy-360p.jpeg?lk3s=138a59ce&x-expires=1745305200&x-signature=rgiwCEDIY09oM1rEtRKCsACfojw%3D&from=327834062&s=PackSourceEnum_AWEME_DETAIL&se=false&sc=origin_cover&biz_tag=pcweb_cover&l=20250408151745908D887A3EEAC902B6C5
7486359547817315593,#3åˆ°6å²å„¿ç«¥ç›Šæ™ºæ—©æ•™åŠ¨ç”» #å°‘å„¿ç›Šæ™ºåŠ¨æ¼«æ¨è #å„¿ç«¥åŠ¨ç”» #ç©å…·è§†é¢‘åŠç©å…·å°æ•…äº‹ #äº²å­äº’åŠ¨,2025-03-27 13:39:05,3406721284839603,æ™ºæ…§å°å–‡å­,,4491,23,1649,https://p3-pc-sign.douyinpic.com/tos-cn-p-0015/oIfj5OsC5BAFedWIBIuRuPAHwtQgInsmDA9kET~tplv-dy-360p.jpeg?lk3s=138a59ce&x-expires=1745305200&x-signature=R4F1rZs6vAGitpcuPE4Bj46ttiE%3D&from=327834062&s=PackSourceEnum_AWEME_DETAIL&se=false&sc=origin_cover&biz_tag=pcweb_cover&l=20250408151756FDA1BC6A5F646F02799B
7436282819061632313,#å¿«æ¥å’Œæˆ‘ä¸€èµ·ç©å§ #3åˆ°6å²å„¿ç«¥ç›Šæ™ºæ—©æ•™åŠ¨ç”» #è¿™ä¸ªæ¸¸æˆå¾ˆå¥½ç© #è§£å‹å°æ¸¸æˆ #è¿™ä¸ªå¤ªå¥½ç©äº†,2024-11-12 14:55:31,849278995018580,é˜¿é£æ¸¸æˆé˜Ÿé•¿,,13283,430,6274,https://p3-pc-sign.douyinpic.com/tos-cn-p-0015c000-ce/oQeDQ0O6EpECQeFwnQ8AL9vfyvk9CbAMlQEFRQ~tplv-dy-360p.jpeg?lk3s=138a59ce&x-expires=1745305200&x-signature=kG64LORmR4%2FEE%2FM3bwtw4TniUh4%3D&from=327834062&s=PackSourceEnum_AWEME_DETAIL&se=false&sc=origin_cover&biz_tag=pcweb_cover&l=202504081518169A1C86C9F967B902A71C
7483919764037963066,#3åˆ°6å²å„¿ç«¥ç›Šæ™ºæ—©æ•™åŠ¨ç”» #äº²å­äº’åŠ¨ #å„¿ç«¥å¯è’™æ—©æ•™ç›Šæ™ºåŠ¨ç”»ç‰‡ #æç¬‘è§†é¢‘ #ç›Šæ™ºç©å…·,2025-03-20 23:51:17,7478922480154936379,æˆåŠŸ,,26299,185,10146,https://p3-pc-sign.douyinpic.com/tos-cn-p-0015c000-ce/oQLLuymPuAT3JfLBIbwHW7cC8f4eQsMLBsCgQG~tplv-dy-360p.jpeg?lk3s=138a59ce&x-expires=1745305200&x-signature=KrLkjrh67Or8Z%2Fmcvh0ARIUdF%2FU%3D&from=327834062&s=PackSourceEnum_AWEME_DETAIL&se=false&sc=origin_cover&biz_tag=pcweb_cover&l=20250408151827ABE84EE9BCDF8502DFBE
7449389257363393827,#åŠ¨ç”»ç‰‡ #è‰¾è #ç™½é›ªå…¬ä¸» #0åˆ°3å²æ—©æ•™å¯è’™åŠ¨ç”»ç‰‡æ¨è #å¥³å­©çˆ±çœ‹çš„å…¬ä¸»è§†é¢‘,2024-12-18 07:00:00,4251138162690620,èèå°å…¬ä¸»,,59,2,34,https://p3-pc-sign.douyinpic.com/tos-cn-p-0015/oosOfTcQUAzzE7YDAQFYwGaDefVQcDxEBBCbDQ~tplv-dy-360p.jpeg?lk3s=138a59ce&x-expires=1745305200&x-signature=kPHNZ1eWokXZ0vQqFH7jFlu2CV0%3D&from=327834062&s=PackSourceEnum_AWEME_DETAIL&se=false&sc=origin_cover&biz_tag=pcweb_cover&l=20250408151849AAB70D35ADE39602B22E
7484774667836853543,#ç›Šæ™ºåŠ¨ç”» #0åˆ°3å²æ—©æ•™å¯è’™åŠ¨ç”»ç‰‡æ¨è #å¯è’™æ—©æ•™ #äº²å­äº’åŠ¨ #å„¿ç«¥åŠ¨ç”»,2025-03-23 07:09:08,1660684085501504,é¥é¥ç›Šæ™ºåŠ¨ç”»,,824,18,317,https://p3-pc-sign.douyinpic.com/tos-cn-p-0015/o4ufO9LEdm9HCQyQABFnAQmDgONi6ATxf03Aan~tplv-dy-360p.jpeg?lk3s=138a59ce&x-expires=1745305200&x-signature=B7zdePRWAtuVeOmBs0a1X0NeAe0%3D&from=327834062&s=PackSourceEnum_AWEME_DETAIL&se=false&sc=origin_cover&biz_tag=pcweb_cover&l=20250408151900DD1C6F973CD12C02854B
7445650954000616719,çˆ±æ²™å…¬ä¸»é€ç¤¼ç‰©#å„¿ç«¥å¯è’™æ—©æ•™ç›Šæ™ºåŠ¨ç”»ç‰‡ #0åˆ°3å²æ—©æ•™å¯è’™åŠ¨ç”»ç‰‡æ¨è #å†…å®¹å¯å‘æœç´¢ #æ—©æ•™å¯è’™ç›Šæ™ºåŠ¨ç”» #åŸåˆ›åŠ¨ç”»,2024-12-07 20:48:38,1948802595173583,å½¤å½¤åŠ¨æ¼«,,74,0,36,https://p9-pc-sign.douyinpic.com/tos-cn-p-0015/owSARJgwIOCQQ4CPU1iIBhIF0PRDiAZwRAATB~tplv-dy-360p.jpeg?lk3s=138a59ce&x-expires=1745305200&x-signature=nClgpUomLuV07k35NdZQ%2BlOwSSc%3D&from=327834062&s=PackSourceEnum_AWEME_DETAIL&se=false&sc=origin_cover&biz_tag=pcweb_cover&l=202504081519115CF7FEF34A951502C273
7444499825825008935,#3åˆ°6å²å„¿ç«¥åŠ¨ç”»ç‰‡ #çˆ±èå…¬ä¸» #å„¿ç«¥åŠ¨ç”»,2024-12-04 18:21:36,3446288429097785,èè,,6366,216,3549,https://p3-pc-sign.douyinpic.com/tos-cn-p-0015/oUFRA4OxA1AiP2LGtPPDAQVPBZIKIOIwTCViQ~noop.jpeg?lk3s=138a59ce&x-expires=1745305200&x-signature=feGCtQqhxPzHssVtUi4njYTcho0%3D&from=327834062&s=PackSourceEnum_AWEME_DETAIL&se=false&biz_tag=pcweb_cover&l=202504081519227FCFF8598DA36502CBCD
7453869444289334537,å°è‰¾èè¿˜æ˜¯ä¸ªå°å­©å­ï¼Œè€Œä¸”å¼Ÿå¼Ÿæ¯”è¾ƒæ¬ ï¼Œä½†æ˜¯å°è‰¾èå†³å®šå°½é‡è®©ç€å¼Ÿå¼Ÿ ï¼ŒåŠ æ²¹å“¦#å„¿ç«¥åŠ¨ç”» #è‰¾è #çˆ±èå…¬ä¸»,2024-12-30 16:20:00,1036169496507995,ç‹‚å¾’,,15,0,11,https://p3-pc-sign.douyinpic.com/tos-cn-p-0015/osefxZNABBCIBfAbUoGLEOIt4IL15d7JuL2BNE~tplv-dy-360p.jpeg?lk3s=138a59ce&x-expires=1745305200&x-signature=l2hEioWYWtmRfdpmvmD64NcAaAg%3D&from=327834062&s=PackSourceEnum_AWEME_DETAIL&se=false&sc=origin_cover&biz_tag=pcweb_cover&l=202504081519354B0D9415F5A56E02A075
7401329038603685155,è‰¾èå…¬ä¸»æœ‰å±é™©è°èƒ½å¸®å¸®å¥¹#è‰¾è #å„¿ç«¥åŠ¨ç”» #æ²»æ„ˆç³»,2024-08-10 10:16:57,1060359903123916,å„¿æ­Œæ—©æ•™0â€”3å²,,17720,1107,7568,https://p3-pc-sign.douyinpic.com/tos-cn-p-0015/ocq2KeAQgzYA20rvzpEziazNdefC2DBWQzZe42~tplv-dy-360p.jpeg?lk3s=138a59ce&x-expires=1745305200&x-signature=8Bx4jha76NdsRM%2Fg6kPEdCfBDlw%3D&from=327834062&s=PackSourceEnum_AWEME_DETAIL&se=false&sc=origin_cover&biz_tag=pcweb_cover&l=202504081519470A727777CD5B25028F5C
7292565953718553883,å‰ªçº¸åŠ¨ç”»ï¼šè‰¾èåœ¨å…¬ä¸»èšä¼šçªç„¶æ™•å€’ï¼Œå…¬ä¸»ä»¬èƒ½æ‰¾åˆ°åŸå› æ•‘é†’å¥¹å—ï¼Ÿ #åŠ¨ç”» #å‰ªçº¸åŠ¨ç”» #æ¢è£… #å„¿ç«¥ #æ‰‹å·¥   ,2023-10-22 08:00:00,4473240619325182,å’•å’šåŠ¨ç”»,,16579,806,7334,https://p3-pc-sign.douyinpic.com/tos-cn-p-0004/260f4e2bf6bc4cab964e202762e4ea18_1697849959~tplv-dy-360p.jpeg?lk3s=138a59ce&x-expires=1745305200&x-signature=ukWMbX5F%2Bxy1qtgiO6QXMdJkPNo%3D&from=327834062&s=PackSourceEnum_AWEME_DETAIL&se=false&sc=origin_cover&biz_tag=pcweb_cover&l=20250408152001A5439ED802F788027BA7
7439166840217144603,è‰¾èå…¬ä¸»æ¸¸æ³³ğŸ˜ƒğŸ˜ƒã€‚#è‰¾èå…¬ä¸» #å„¿ç«¥åŠ¨ç”»ç‰‡0-3å²ç›Šæ™º #å„¿ç«¥å¯è’™æ—©æ•™ç›Šæ™ºåŠ¨ç”»ç‰‡ #3-6å²å„¿ç«¥åŠ¨ç”»è§†é¢‘ #å¯è’™æ—©æ•™,2024-11-20 09:27:03,3191260467963995,æŸšç”œç™¾è´§,åº—é“ºè´¦å·,1246,32,520,https://p3-pc-sign.douyinpic.com/tos-cn-i-0813c001/o4pAunAAQiUEACDAzzxheWgA1iEsfAmBI9OsMN~noop.jpeg?lk3s=138a59ce&x-expires=1745305200&x-signature=21y4WupuiN4bsQclpRsDfIC32pw%3D&from=327834062&s=PackSourceEnum_AWEME_DETAIL&se=false&biz_tag=pcweb_cover&l=202504081520119D28E5A915180B02F908
7455141386585722149,#å¯è’™ç›Šæ™ºç©å…· #åŠ¨ç”»è§†é¢‘ #å„¿ç«¥åŠ¨æ¼« #æ—©æ•™å¯è’™ç›Šæ™ºåŠ¨ç”» #3åˆ°6å²å„¿ç«¥ç›Šæ™ºæ—©æ•™åŠ¨ç”»,2025-01-02 10:36:49,4062022357757593,å°ç«è…¿ç‹,,3959,21,1623,https://p3-pc-sign.douyinpic.com/tos-cn-p-0015/o4ir10uEvi7tCQMQQCFOAejDASGOkB98ff6Bzr~tplv-dy-360p.jpeg?lk3s=138a59ce&x-expires=1745305200&x-signature=6piGdSvokPTvG0Y6r27irJeNHTs%3D&from=327834062&s=PackSourceEnum_AWEME_DETAIL&se=false&sc=origin_cover&biz_tag=pcweb_cover&l=20250408152036CBB08B5578111102C948
7479706735452687676,#å°çŒªä½©å¥‡,2025-03-09 15:22:21,110277629492,ç²‰è‰²å°çŒªå®,,962,25,448,https://p3-pc-sign.douyinpic.com/tos-cn-p-0015c000-ce/o4nIaue8EDQzIe6NVIFHwGIE9A24AYYfAqCnWU~tplv-dy-360p.jpeg?lk3s=138a59ce&x-expires=1745305200&x-signature=nAg6aNIjvHfsQytDa6YaXPPF50E%3D&from=327834062&s=PackSourceEnum_AWEME_DETAIL&se=false&sc=origin_cover&biz_tag=pcweb_cover&l=2025040815204813B1100B8F4DE8027663
7457441839398833418,#åŠ¨ç”»è§†é¢‘ #ç«¥å¹´åŠ¨ç”»#å„¿ç«¥åŠ¨ç”»ç‰‡å°è§†é¢‘ #åŠ¨ç”»å°çŸ­ç‰‡0-3å²å„¿ç«¥ #3-6å²å„¿ç«¥åŠ¨ç”»ç‰‡å¤§å…¨ #å°å®å®çœ‹çš„åŠ¨ç”»ç‰‡,2025-01-08 15:23:18,82384810231,äº‘é†‰æœˆ,,251,15,119,https://p3-pc-sign.douyinpic.com/tos-cn-p-0015/oELEqTo9Q2zBaHfCt8ADfB67a4AFD3iA8xeOQI~tplv-dy-360p.jpeg?lk3s=138a59ce&x-expires=1745305200&x-signature=XotlUWKFrwnb1yGEOmOjR%2FQJhx0%3D&from=327834062&s=PackSourceEnum_AWEME_DETAIL&se=false&sc=origin_cover&biz_tag=pcweb_cover&l=20250408152100860AC4BDD120EB0309D2
7462162232344988988,#å¯è’™ #å„¿ç«¥å¯è’™æ—©æ•™ç›Šæ™ºåŠ¨ç”»ç‰‡ #æ—©æ•™å¯è’™ç›Šæ™ºåŠ¨ç”» #å¯è’™åŠ¨ç”» #å¯è’™æ—©æ•™,2025-01-21 08:41:12,3982877637743216,å°å°æ–°,,2337,26,1003,https://p3-pc-sign.douyinpic.com/tos-cn-p-0015c000-ce/o0UyBf7TDEanF14A1OE7unISjCeIALfw649SzA~tplv-dy-360p.jpeg?lk3s=138a59ce&x-expires=1745305200&x-signature=lS0L1C6INt%2Ffc3WtDkqv3ybaf5E%3D&from=327834062&s=PackSourceEnum_AWEME_DETAIL&se=false&sc=origin_cover&biz_tag=pcweb_cover&l=2025040815211079B8F4A7E7A9B9031F66
7467766669218254121,#å„¿ç«¥æ—©æ•™åŠ¨ç”»ç‰‡æ¨è #3åˆ°6å²å„¿ç«¥ç›Šæ™ºæ—©æ•™åŠ¨ç”» #å„¿ç«¥å¯è’™æ—©æ•™ç›Šæ™ºåŠ¨ç”»ç‰‡ #æ—©æ•™å¯è’™ç›Šæ™ºåŠ¨ç”» #äº²å­äº’åŠ¨,2025-02-05 11:09:22,2091718406839771,å°æ–°å–èœ¡ç¬”,,10205,99,3843,https://p3-pc-sign.douyinpic.com/tos-cn-p-0015/oEBAIlMmgwiL7GCLsAx14iAQidZvBJINWi6IP~tplv-dy-360p.jpeg?lk3s=138a59ce&x-expires=1745305200&x-signature=%2B%2BFGuo90XK18RjbFDj7MHnWz40M%3D&from=327834062&s=PackSourceEnum_AWEME_DETAIL&se=false&sc=origin_cover&biz_tag=pcweb_cover&l=202504081521226093968BC4054602B504
7482661874861870394,#å°çŒªä½©å¥‡,2025-03-17 14:29:55,110277629492,ç²‰è‰²å°çŒªå®,,1911,35,908,https://p3-pc-sign.douyinpic.com/tos-cn-p-0015c000-ce/oQY4UkBWIiABIOC67AieTwALE6fqveRXz6WrwS~tplv-dy-360p.jpeg?lk3s=138a59ce&x-expires=1745305200&x-signature=u%2BIr4bQWelyzonFwODqNWDrxq8Q%3D&from=327834062&s=PackSourceEnum_AWEME_DETAIL&se=false&sc=origin_cover&biz_tag=pcweb_cover&l=202504081521339B646D180456CD030CB3
7461636746078457126,æ©±çª—å–å†›ç«#åŠ¨ç”» #ç«¥å¹´åŠ¨ç”» #åŠ¨ç”»ç‰‡ #å„¿ç«¥åŠ¨ç”» #åŠ¨ç”»çŸ­ç‰‡,2025-01-19 22:41:59,1432034365944688,é¥ºå­å’Œå¸ƒè±æ©ï¼ˆæ©±çª—æœ‰å†›ç«ï¼‰,,141566,38630,3146,https://p3-pc-sign.douyinpic.com/tos-cn-p-0015/okm9BigUIknBSxAzIBNU6NiJ7jmHDAfQ1yAgeQ~tplv-dy-360p.jpeg?lk3s=138a59ce&x-expires=1745305200&x-signature=J1AODXqZeh%2B9utvomRcuNZ7WsV0%3D&from=327834062&s=PackSourceEnum_AWEME_DETAIL&se=false&sc=origin_cover&biz_tag=pcweb_cover&l=202504081521451114CA5FD9062E02FA53
7466360089520131355,#å°çŒªä½©å¥‡ #å†…å®¹å¯å‘æœç´¢,2025-02-01 16:10:55,110277629492,ç²‰è‰²å°çŒªå®,,3325,61,1441,https://p3-pc-sign.douyinpic.com/tos-cn-p-0015/owvAIiWIAQAdio7Fa1PxWZI1o2B5IJWT2B33o~tplv-dy-360p.jpeg?lk3s=138a59ce&x-expires=1745305200&x-signature=B8xEM07Qp8EoANlKdzF1vs%2B1G%2Bo%3D&from=327834062&s=PackSourceEnum_AWEME_DETAIL&se=false&sc=origin_cover&biz_tag=pcweb_cover&l=20250408152156900027C807E37A0338A8
7485463744651300108,#æ—©æ•™åŠ¨ç”» #åŠ¨ç”»çŸ­ç‰‡0-6å² #å°å­©å­åŠ¨ç”»ç‰‡0-3å² #ä»Šå¤©ä½ ç¬‘äº†å— #åŠ¨ç”»ç‰‡0-6å²å„¿ç«¥åŠ¨ç”»ç‰‡,2025-03-25 03:47:04,473256433037913,å°ç¾å¥½ç‰©åˆ†äº«,,2603,47,1255,https://p3-pc-sign.douyinpic.com/tos-cn-p-0015/oEenZAdGA1II3Bsz1GCii1zeIB5vwNDhogBtAi~tplv-dy-360p.jpeg?lk3s=138a59ce&x-expires=1745305200&x-signature=TmKZ5X%2BcLDKgmkAIK6r0oT5aFO4%3D&from=327834062&s=PackSourceEnum_AWEME_DETAIL&se=false&sc=origin_cover&biz_tag=pcweb_cover&l=20250408152208E9A1E323E6C2FE03098E
7485302055922437435,#åŠ¨ç”»#å„¿ç«¥åŠ¨ç”» #åŸåˆ›åŠ¨ç”» #è¶…çº§å®è´jojo,2025-03-24 17:15:07,978987599015436,å°æ´‹æ´‹åŠ¨è¯,,6223,50,2618,https://p3-pc-sign.douyinpic.com/tos-cn-p-0015c000-ce/oUCZeZBIeLEPidv8hwjWewhiBk8iIAzpEIwApU~tplv-dy-360p.jpeg?lk3s=138a59ce&x-expires=1745305200&x-signature=u%2FpnU2kkKss0bVpA3pb%2BKM21Hp8%3D&from=327834062&s=PackSourceEnum_AWEME_DETAIL&se=false&sc=origin_cover&biz_tag=pcweb_cover&l=2025040815222118457E9EDB01B202A86F
7487172926249143592,å“ªå’ #å„¿ç«¥åŠ¨ç”» #äºŒæ¬¡å…ƒ #åŠ¨ç”» #å“ªå’,2025-03-30 11:20:00,2491914161750499,å¥¥ç‰¹æ›¼å¤§ç©å®¶,,17721,291,8633,https://p3-pc-sign.douyinpic.com/tos-cn-p-0015/oIkAeE4DgtnBUhlFfqn9ADAqQzP7h5Q78SY3tC~tplv-dy-360p.jpeg?lk3s=138a59ce&x-expires=1745305200&x-signature=DCH6L%2BWpVCpHOeSzwraARgvyr%2Fw%3D&from=327834062&s=PackSourceEnum_AWEME_DETAIL&se=false&sc=origin_cover&biz_tag=pcweb_cover&l=2025040815223205587DA19922E8033CB8
7470815462964890931,#å°‘å„¿ç›Šæ™ºåŠ¨æ¼«æ¨è #å¥¥ç‰¹æ›¼å„¿ç«¥åŠ¨ç”»ç‰‡ #3åˆ°6å²å„¿ç«¥ç›Šæ™ºæ—©æ•™åŠ¨ç”»ç‰‡ #å„¿ç«¥å¯è’™æ—©æ•™ç›Šæ™ºåŠ¨ç”»ç‰‡ #å°‘å„¿åŠ¨ç”»ç‰‡æ¨è,2025-02-13 16:19:47,2980145787058155,ä¹ˆä¹ˆå½,,39358,526,15208,https://p3-pc-sign.douyinpic.com/tos-cn-p-0015/ogmb71OfPQaLBqBOVCWLOlWIQjGFfaAODAerlX~tplv-dy-360p.jpeg?lk3s=138a59ce&x-expires=1745305200&x-signature=Wuaaqkkv1xcN16xd8POZ4uYNHKk%3D&from=327834062&s=PackSourceEnum_AWEME_DETAIL&se=false&sc=origin_cover&biz_tag=pcweb_cover&l=20250408152243F91D2F6AD905F502E22A
7487180923650215203,å®å®è¡Œä¸ºä¹ æƒ¯åŸ¹å…»â€”â€”ã€Šç»å¸¸æŒ–é¼»å­”çš„å±å®³ã€‹#å„¿ç«¥ç¡å‰æ•…äº‹ #ç»˜æœ¬æ•…äº‹ #ç¡å‰æ•…äº‹ #å„¿ç«¥åŠ¨ç”»  #3-6å²å„¿ç«¥ç¡å‰æ•…äº‹æ¨è,2025-03-29 18:46:15,4273171992421884,å›¾å›¾å„¿ç«¥ç¡å‰æ•…äº‹ï¼ˆå¯æ•™ï¼‰,,5021,1158,3268,https://p3-pc-sign.douyinpic.com/tos-cn-p-0015/owhfAtnE9NcfL6LWzgB8RIb5IAlnbjDMUY4AFB~tplv-dy-360p.jpeg?lk3s=138a59ce&x-expires=1745305200&x-signature=%2FMsPcARL3rwa2Xo1zC7XdyFoB54%3D&from=327834062&s=PackSourceEnum_AWEME_DETAIL&se=false&sc=origin_cover&biz_tag=pcweb_cover&l=20250408152253B362AAA241F143035D63
7471954077539192124,å„¿ç«¥å°æœ‹å‹çˆ±çœ‹çš„è§†é¢‘ #3åˆ°6å²å„¿ç«¥ç›Šæ™ºæ—©æ•™åŠ¨ç”» #æç¬‘#å„¿ç«¥åŠ¨ç”» #äºŒæ¬¡å…ƒ #ç«¥å¹´åŠ¨ç”»,2025-02-16 17:58:07,1106544301997643,å²³å²³,,62557,352,23722,https://p3-pc-sign.douyinpic.com/tos-cn-p-0015c000-ce/ocBZEKfBeIwsevzAvtyF62ENxCrAkisWiAn7Iw~tplv-dy-360p.jpeg?lk3s=138a59ce&x-expires=1745305200&x-signature=yZrvg5%2F7%2BybMp5T%2FL8w2njdqTa0%3D&from=327834062&s=PackSourceEnum_AWEME_DETAIL&se=false&sc=origin_cover&biz_tag=pcweb_cover&l=202504081523032FB4DCF3DD7DD3037649
7455229895766215945,#æç¬‘ #æ²™é›• #3åˆ°6å²å„¿ç«¥ç›Šæ™ºæ—©æ•™åŠ¨ç”» #çœ‹ä¸€éç¬‘ä¸€éç¬‘å¾—è‚šå­ç–¼ #å„¿ç«¥çˆ±çœ‹çš„å°è§†é¢‘,2025-01-02 16:20:25,1709065627501565,@èˆèˆå§,,59116,667,24889,https://p3-pc-sign.douyinpic.com/tos-cn-p-0015/oshxNqEQZPDVTI6zArAXi6NIEABiv3k2TLgZI~tplv-dy-360p.jpeg?lk3s=138a59ce&x-expires=1745305200&x-signature=6y5oKaY81fcxnWwrnOl%2BIEcES9E%3D&from=327834062&s=PackSourceEnum_AWEME_DETAIL&se=false&sc=origin_cover&biz_tag=pcweb_cover&l=202504081523142A4DB54C333E5C02F706
7485619130263932219,#å„¿ç«¥åŠ¨ç”» #è¶…çº§å®è´jojo #3åˆ°6å²å„¿ç«¥ç›Šæ™ºæ—©æ•™åŠ¨ç”»  #æç¬‘ #å­¦ç”Ÿå…š,2025-03-25 13:45:27,1141757455632800,42å·,,240974,831,40507,https://p3-pc-sign.douyinpic.com/tos-cn-p-0015c000-ce/osvAEeseXIAJQJq5PaQCiPCrPwiwuCBTzILe3i~tplv-dy-360p.jpeg?lk3s=138a59ce&x-expires=1745305200&x-signature=XnK4jkQZqwSAOFcUc7J1Zrw2x%2F4%3D&from=327834062&s=PackSourceEnum_AWEME_DETAIL&se=false&sc=origin_cover&biz_tag=pcweb_cover&l=2025040815233332B5185361170002FA8C
7270310881601375543,ç¬¬16é›†:#å„¿ç«¥åŠ¨ç”» #åŠ¨ç”»å°æ•…äº‹ #å¡é€šåŠ¨æ¼«,2023-08-23 08:39:34,62016021600547,åœ†åœ†åŠ¨ç”»,,202748,3333,72914,https://p3-pc-sign.douyinpic.com/tos-cn-p-0015/6f9789bb850944e28205cad480e3d49d_1692751179~tplv-dy-360p.jpeg?lk3s=138a59ce&x-expires=1745305200&x-signature=1Lw0RvRjqpBS19SFTyQEAGCnxnU%3D&from=327834062&s=PackSourceEnum_AWEME_DETAIL&se=false&sc=origin_cover&biz_tag=pcweb_cover&l=20250408152344D6B26E71DE274F031CAA
7476291339391356195,#äº²å­äº’åŠ¨ #3åˆ°6å²å„¿ç«¥ç›Šæ™ºæ—©æ•™åŠ¨ç”» #å°‘å„¿ç›Šæ™ºåŠ¨æ¼«æ¨è #å¥¥ç‰¹æ›¼å„¿ç«¥åŠ¨ç”»ç‰‡ #å¯è’™æ—©æ•™,2025-02-28 10:29:09,2645899512128811,å°æµ·ç»µå„¿ç«¥ç›Šæ™ºé¦†,,47630,598,17381,https://p3-pc-sign.douyinpic.com/tos-cn-p-0015/oIHe0FZAEIXIgSw6RBf4Os9A94vrnDDGABK3BX~tplv-dy-360p.jpeg?lk3s=138a59ce&x-expires=1745305200&x-signature=BuHwUNig3CEfjg%2BgaZDfWaSO96I%3D&from=327834062&s=PackSourceEnum_AWEME_DETAIL&se=false&sc=origin_cover&biz_tag=pcweb_cover&l=20250408152355B8BEEDB257E633034119
7338369644043963687,ä¹±ç”»ç”»å“å”¬äººï¼Œæœ€åç»ˆäºæŒ¨æäº†#å„¿ç«¥åŠ¨ç”» #ç›Šæ™ºåŠ¨æ¼« #åŸåˆ›åŠ¨ç”»,2024-02-22 18:22:13,855847574450388,èŒèŒå°‘å„¿åŠ¨ç”»,,32282,869,12201,https://p3-pc-sign.douyinpic.com/tos-cn-p-0015/owDebC9AQAAbKQuuClZg9iQSNBeA1Q1nyI4M1P~tplv-dy-360p.jpeg?lk3s=138a59ce&x-expires=1745305200&x-signature=%2F4kPXTR2MWuPT9Z%2BtOjwLvkXua8%3D&from=327834062&s=PackSourceEnum_AWEME_DETAIL&se=false&sc=origin_cover&biz_tag=pcweb_cover&l=2025040815240423776D78B0974703A7D6
7466669809963404602,#3åˆ°6å²å„¿ç«¥ç›Šæ™ºæ—©æ•™åŠ¨ç”» #0åˆ°3å²æ—©æ•™å„¿æ­Œ #æç¬‘è§†é¢‘ #å°æœ‹å‹éƒ½çˆ±çœ‹ #0åˆ°3å²å¹¼å„¿æ—©æ•™ç›Šæ™ºåŠ¨ç”»å¤§å…¨,2025-02-02 12:12:30,2540325617797658,çªçªç©å…·å±‹,,11268,130,4148,https://p3-pc-sign.douyinpic.com/tos-cn-p-0015c000-ce/ocfnRM9MArDnAeHEi8FCPQjLE0GwQwCzvFCeOA~tplv-dy-360p.jpeg?lk3s=138a59ce&x-expires=1745305200&x-signature=RY67fmctMkHu9lLj3neCmr4dMvo%3D&from=327834062&s=PackSourceEnum_AWEME_DETAIL&se=false&sc=origin_cover&biz_tag=pcweb_cover&l=20250408152415ABCC959755CC0602FE05
7486359547817315593,#3åˆ°6å²å„¿ç«¥ç›Šæ™ºæ—©æ•™åŠ¨ç”» #å°‘å„¿ç›Šæ™ºåŠ¨æ¼«æ¨è #å„¿ç«¥åŠ¨ç”» #ç©å…·è§†é¢‘åŠç©å…·å°æ•…äº‹ #äº²å­äº’åŠ¨,2025-03-27 13:39:05,3406721284839603,æ™ºæ…§å°å–‡å­,,4493,23,1649,https://p3-pc-sign.douyinpic.com/tos-cn-p-0015/oIfj5OsC5BAFedWIBIuRuPAHwtQgInsmDA9kET~tplv-dy-360p.jpeg?lk3s=138a59ce&x-expires=1745305200&x-signature=R4F1rZs6vAGitpcuPE4Bj46ttiE%3D&from=327834062&s=PackSourceEnum_AWEME_DETAIL&se=false&sc=origin_cover&biz_tag=pcweb_cover&l=20250408152426BECE397C30CD4D030725
7484603078373543220,#æç¬‘è§†é¢‘ ï¼Œå°å­©çˆ±çœ‹çš„è§†é¢‘ï¼Œå„¿ç«¥åŠ¨ç”»ï¼Œ3å²è‡³6å²å„¿æ„ç›Šæ™ºæ—©æ•™åŠ¨æ¼«,2025-03-22 20:02:48,7479604988664579130,å¤©å¤©çŸ­å‰§,,6009,77,2855,https://p9-pc-sign.douyinpic.com/tos-cn-p-0015/o0QeQCAS9pm3AuDnHF2xfUxJka1A4EIgCNquBA~tplv-dy-360p.jpeg?lk3s=138a59ce&x-expires=1745305200&x-signature=V5zW%2F0Pi2mMi8eEta%2FcGBl%2FPaME%3D&from=327834062&s=PackSourceEnum_AWEME_DETAIL&se=false&sc=origin_cover&biz_tag=pcweb_cover&l=20250408152446F5E89C444496C20308A8
7424076806120017203,#å„¿ç«¥å¯è’™æ—©æ•™ç›Šæ™ºåŠ¨ç”»ç‰‡ #å„¿ç«¥è§†é¢‘ #å„¿ç«¥ç›Šæ™º #3åˆ°6å²å„¿ç«¥ç›Šæ™ºæ—©æ•™åŠ¨ç”»,2024-10-10 17:29:50,3666244609508443,å«è¿ˆç™¾è´§,æ­¦æ±‰å¸‚ä¸œæ¹–æ–°æŠ€æœ¯å¼€å‘åŒºå«è¿ˆç™¾è´§åº—ï¼ˆä¸ªä½“å·¥å•†æˆ·ï¼‰,424673,683,32943,https://p3-pc-sign.douyinpic.com/tos-cn-p-0015/owpzIeFEgWCKnFaHABDAI2Bq9ZngnBwA25ECfG~tplv-dy-360p.jpeg?lk3s=138a59ce&x-expires=1745305200&x-signature=P%2FiytCGlJ2m1t%2FLQd209Q%2BcC95o%3D&from=327834062&s=PackSourceEnum_AWEME_DETAIL&se=false&sc=origin_cover&biz_tag=pcweb_cover&l=202504081524560E30D86D53CA3F032002
7488848928037702938,#0åˆ°3å²å„¿ç«¥å¯è’™ #0-6å²å¹¼å„¿æ—©æ•™å¯è’™æ•™è‚² #1-4å²å¹¼å„¿æ—©æ•™ç›Šæ™ºå¯è’™ 0-3å² #1åˆ°3å²å„¿ç«¥æ—©æ•™ç›Šæ™ºè§†é¢‘ #1-3å²å„¿ç«¥æ—©æ•™ç›Šæ™ºè§†é¢‘,2025-04-03 06:39:29,3358322841880777,ç”¨æˆ·990918476670,,1549,11,622,https://p3-pc-sign.douyinpic.com/tos-cn-p-0015/o8Kt9nuT7fHEAvIiAAQxV1xfc4sg7FQDCRNBqb~tplv-dy-360p.jpeg?lk3s=138a59ce&x-expires=1745305200&x-signature=miAk%2FVRZHMWbMOcgKXvA6diJNxY%3D&from=327834062&s=PackSourceEnum_AWEME_DETAIL&se=false&sc=origin_cover&biz_tag=pcweb_cover&l=2025040815250585943BB703C80D03868A
7489816663341157689,#æ—©æ•™ç›Šæ™ºå¯è’™ #äº²å­äº’åŠ¨ #åŠ¨ç”»çŸ­ç‰‡ #3åˆ°6å²å„¿ç«¥ç›Šæ™ºæ—©æ•™åŠ¨ç”» #çƒ­é—¨åŠ¨ç”»,2025-04-05 21:13:59,7471891362784592953,BabyåŠ¨æ¼«,,645,4,267,https://p3-pc-sign.douyinpic.com/tos-cn-p-0015c000-ce/okJjIJFmqzeckFwxEBDAIx8g9enwLCXADSEgf1~tplv-dy-360p.jpeg?lk3s=138a59ce&x-expires=1745305200&x-signature=apiYSLqM7TI6j7%2F1jp7QCNc1pAc%3D&from=327834062&s=PackSourceEnum_AWEME_DETAIL&se=false&sc=origin_cover&biz_tag=pcweb_cover&l=202504081525150E30D86D53CA3F032779
7471463217181592870,#å¹¼å„¿è¶£å‘³ç›Šæ™ºè§†é¢‘ #3åˆ°6å²å„¿ç«¥ç›Šæ™ºæ—©æ•™åŠ¨ç”» #0-3å²å¹¼å„¿æ—©æ•™ç›Šæ™ºåŠ¨ç”»å¤§å…¨ #0-3å²æ—©æ•™ç›Šæ™ºå¯è’™æ—©æ•™åŠ¨ç”» #å„¿ç«¥å¯è’™æ—©æ•™ç›Šæ™ºåŠ¨ç”»ç‰‡,2025-02-15 10:13:49,3543062574804619,å°è‰å¤šå¤š,,45354,391,20348,https://p9-pc-sign.douyinpic.com/tos-cn-p-0015/oMGfse2xv64QHeEcEAglbgf87edA5XgMFnQI09~tplv-dy-360p.jpeg?lk3s=138a59ce&x-expires=1745305200&x-signature=5jTXakVk5S4wh%2BlHGaO%2B%2B3jNCLM%3D&from=327834062&s=PackSourceEnum_AWEME_DETAIL&se=false&sc=origin_cover&biz_tag=pcweb_cover&l=20250408152525A27D069410FEA402E6CA
7483364083106991420,æ—©æ•™#3åˆ°7å²å¹¼å„¿å¯è’™æ—©æ•™è§†é¢‘ #1-5å²å¹¼å„¿å¯è’™æ—©æ•™ #0-6å²å¹¼å„¿æ—©æ•™å¯è’™æ•™è‚² #1-4å²å¹¼å„¿æ—©æ•™ç›Šæ™ºå¯è’™ #å®å®å‡ å²å¼€å§‹æ—©æ•™åˆé€‚,2025-03-21 07:14:00,7420747573243446330,èè”“è‰è,,1311,11,493,https://p3-pc-sign.douyinpic.com/tos-cn-p-0015c000-ce/oQogIfGFJGAt78ppLYLNg5gI7AQgFebeBJCPSH~tplv-dy-360p.jpeg?lk3s=138a59ce&x-expires=1745305200&x-signature=p4hDG69cqLy5VtnTJw3t8y3fzYU%3D&from=327834062&s=PackSourceEnum_AWEME_DETAIL&se=false&sc=origin_cover&biz_tag=pcweb_cover&l=20250408152536DF360F9A4E514D039376
7467862676006374690,#å„¿ç«¥å¯è’™æ—©æ•™ç›Šæ™ºåŠ¨ç”»ç‰‡ #ç©å…·è§†é¢‘åŠç©å…·å°æ•…äº‹ #å°‘å„¿ç›Šæ™ºåŠ¨æ¼«æ¨è #å„¿ç«¥ç›Šæ™º #3åˆ°6å²å„¿ç«¥ç›Šæ™ºæ—©æ•™åŠ¨ç”»,2025-02-05 17:21:50,4020241986496392,ç¥å¥‡å°å¤©ä½¿,,15556,97,6052,https://p3-pc-sign.douyinpic.com/tos-cn-p-0015/ocfgzpbmZzuxIgiBLnRiyA6BBN200Ieja5NABA~tplv-dy-360p.jpeg?lk3s=138a59ce&x-expires=1745305200&x-signature=A7fpExUKdXObimjQsP1EotQRfio%3D&from=327834062&s=PackSourceEnum_AWEME_DETAIL&se=false&sc=origin_cover&biz_tag=pcweb_cover&l=20250408152546C29382D6CD9D2503352B
7480376048723463459,#æ—©æ•™ç›Šæ™ºå¯è’™ #å¯è’™æ•™è‚² #å„¿ç«¥ç›Šæ™ºç©å…· #ç›Šè¶£æ—©æ•™ #ç›Šæ™ºä¹å›­,2025-03-11 10:39:47,297291402979066,å°é¸¡è›‹é¥¼å¹²,,59,0,22,https://p3-pc-sign.douyinpic.com/tos-cn-p-0015/oYIPIBAweoC5AXBzbiDoPbL5Ti2AUiMgN9enBJ~tplv-dy-360p.jpeg?lk3s=138a59ce&x-expires=1745305200&x-signature=wrXvLr%2Ft4sXheRAKnIHOFj3%2Ff%2FE%3D&from=327834062&s=PackSourceEnum_AWEME_DETAIL&se=false&sc=origin_cover&biz_tag=pcweb_cover&l=20250408152556DFD6228609F3D10334AE
7459750660536421684,ç›Šæ™ºå°æ¸¸æˆï¼Œå„¿ç«¥æç¬‘è§†é¢‘ï¼ŒèŒå¨ƒæ—¥å¸¸ï¼Œæ—©æ•™ç›Šæ™ºè§†é¢‘ï¼Œç«¥å¹´å›å¿† #å„¿ç«¥ç©å…· #å„¿ç«¥ç›Šæ™º #èŒå¨ƒ #äº²å­äº’åŠ¨ #å¹¼å„¿å›­,2025-01-16 04:50:00,1088932721735545,å®å®å·´å£«-,,804,17,360,https://p3-pc-sign.douyinpic.com/tos-cn-p-0015/oUfzhneKAgBwaGviwXi5ZIAhAZ3pIgBzy3BNJA~tplv-dy-360p.jpeg?lk3s=138a59ce&x-expires=1745305200&x-signature=tnrqs3vLbSvRwAi0QjIk5lTlj8o%3D&from=327834062&s=PackSourceEnum_AWEME_DETAIL&se=false&sc=origin_cover&biz_tag=pcweb_cover&l=202504081526070F97EF15D6DF7203401A
7484037324364451122,#3åˆ°6å²å„¿ç«¥ç›Šæ™ºæ—©æ•™åŠ¨ç”» #è¿·ä½ ä¸–ç•Œå°æ¸¸æˆ #å„¿ç«¥æ¸¸æˆç›Šæ™ºå°æ¸¸æˆ #ç‹è€…è£è€€#å„¿ç«¥å°æ¸¸æˆ,2025-03-21 07:27:57,3276970745146903,é­”æ³•å¸ˆå­¦å¾’âœ¨,,1702,77,109,https://p9-pc-sign.douyinpic.com/tos-cn-i-0813/ooAIgiwAeIwEzApvcAq7DlHnAivBACieD3pAXE~noop.jpeg?lk3s=138a59ce&x-expires=1745305200&x-signature=WmmXsvNxvZVGqK2HEFiCdUGXJHY%3D&from=327834062&s=PackSourceEnum_AWEME_DETAIL&se=false&biz_tag=pcweb_cover&l=20250408152617C29382D6CD9D25034180
7469240743211666747,#å°å­©å„¿çš„åŠ¨ç”»ç‰‡ #å°å®å®çœ‹çš„åŠ¨ç”»ç‰‡ #å„¿ç«¥åŠ¨ç”»ç‰‡6-10å²ç›Šæ™ºåŠ¨ç”»ç‰‡,2025-02-09 10:29:02,193164412715421,å°‘å„¿åŠ¨æ¼«,,16184,226,6303,https://p3-pc-sign.douyinpic.com/tos-cn-p-0015c000-ce/oMmJIeED1ffEksoCEnBoA6cIvTFvn9AqJcCrkw~tplv-dy-360p.jpeg?lk3s=138a59ce&x-expires=1745305200&x-signature=7ds%2BEuIFkuhxE0H%2FgApLaCB0eEo%3D&from=327834062&s=PackSourceEnum_AWEME_DETAIL&se=false&sc=origin_cover&biz_tag=pcweb_cover&l=20250408152628AC02946A7D80D403A9AE
7462341098212527370,å°æœ‹å‹éƒ½å–œæ¬¢çœ‹çš„æç¬‘è§†é¢‘ #ä¸Šçƒ­é—¨ #å„¿ç«¥åŠ¨ç”» #3åˆ°6å²å„¿ç«¥ç›Šæ™ºæ—©æ•™åŠ¨ç”» #ç²¾å½©ç©å…·å°æ•…äº‹ #å¯è’™æ—©æ•™,2025-01-21 20:15:03,191749080772195,éä½ è«å±äº†,,34574,392,14231,https://p3-pc-sign.douyinpic.com/tos-cn-p-0015/og8HU8jPWApsMMegIdzQAfIYjEPXg91QeHnf6e~tplv-dy-360p.jpeg?lk3s=138a59ce&x-expires=1745305200&x-signature=CxTgkHnJukuQkyNdypPYDBT%2BkVc%3D&from=327834062&s=PackSourceEnum_AWEME_DETAIL&se=false&sc=origin_cover&biz_tag=pcweb_cover&l=20250408152639D0689C5E45E5BC039D35
7478911050574859572,#å°æœ‹å‹å®å®çˆ±çœ‹çš„æç¬‘è§†é¢‘  #å„¿ç«¥ç©å…·è§†é¢‘çƒ­é—¨ #3åˆ°6å²å„¿ç«¥ç›Šæ™ºæ—©æ•™åŠ¨ç”» #ç²¾å½©ç©å…·å°æ•…äº‹   å°æœ‹å‹å®å®çˆ±çœ‹çš„æç¬‘è§†é¢‘ï¼ŒåŠ¨ç”»ç‰‡##å„¿ç«¥å¯è’™æ—©æ•™ç›Šæ™ºåŠ¨ç”»ç‰‡,2025-03-07 11:54:58,4167565544000019,å˜»å˜»åŠ¨ç”»,,54564,870,26282,https://p3-pc-sign.douyinpic.com/tos-cn-p-0015/o4rAxhDWFXZGybKPr9NIABXAUeAIINBfgnmrrE~tplv-dy-360p.jpeg?lk3s=138a59ce&x-expires=1745305200&x-signature=eATgNpp3ReeSgHvjA283006Raq4%3D&from=327834062&s=PackSourceEnum_AWEME_DETAIL&se=false&sc=origin_cover&biz_tag=pcweb_cover&l=202504081526488B69DB0C0CE636038106
7426275552459328803,#åŠ¨ç”»ç‰‡æ¯å¤©æ›´æ–° #æˆ‘åœ¨æŠ–éŸ³çœ‹åŠ¨ç”» #å„¿ç«¥å¯è’™æ—©æ•™ç›Šæ™ºåŠ¨ç”»ç‰‡ #å°‘å„¿ç›Šæ™ºåŠ¨æ¼«æ¨è,2024-10-16 15:42:26,4352302741196137,å°èµ›ç½—åŠ¨ç”»,,14506,22,1538,https://p9-pc-sign.douyinpic.com/tos-cn-p-0015/ogTtKBEGOCb3CxfLIWTtKAIfBB5PeHMAY7Imot~tplv-dy-360p.jpeg?lk3s=138a59ce&x-expires=1745305200&x-signature=4G%2BXmmCuT8F%2Fn84BufoihRkWkxo%3D&from=327834062&s=PackSourceEnum_AWEME_DETAIL&se=false&sc=origin_cover&biz_tag=pcweb_cover&l=20250408152659D44AA76288C41F036E98
7488983605616577843,å°æœ‹å‹çˆ±çœ‹çš„è§†é¢‘å„¿ç«¥åŠ¨ç”»ç‰‡å„¿ç«¥ç©å…·å„¿ç«¥è§†é¢‘å¥¥ç‰¹æ›¼å°æœ‹å‹å–œæ¬¢çœ‹#äº²å­äº’åŠ¨#å„¿ç«¥åŠ¨ç”» #å¯è’™æ—©æ•™ #å¥¥ç‰¹æ›¼å„¿ç«¥åŠ¨ç”»ç‰‡ #3åˆ°6å²å„¿ç«¥ç›Šæ™ºæ—©æ•™åŠ¨ç”»,2025-04-03 15:21:36,2373170672700660,äºŒå¨ƒ,,3565,15,1374,https://p3-pc-sign.douyinpic.com/tos-cn-p-0015/o0xzButUiswi3rNA9gdI9uUwet3tBAB1AfHIqD~tplv-dy-360p.jpeg?lk3s=138a59ce&x-expires=1745305200&x-signature=dbKOjYCH7qNbrFzE2zPoEHvUjGw%3D&from=327834062&s=PackSourceEnum_AWEME_DETAIL&se=false&sc=origin_cover&biz_tag=pcweb_cover&l=20250408152709BC07D584E0FB5D0362C1
7457084662649720074,#ç©å…·è§†é¢‘åŠç©å…·å°æ•…äº‹ #å„¿ç«¥å¯è’™æ—©æ•™ç›Šæ™ºåŠ¨ç”»ç‰‡ #å°‘å„¿ç›Šæ™ºåŠ¨æ¼«æ¨è #å„¿ç«¥ç›Šæ™º #å¯è’™æ—©æ•™,2025-01-07 16:17:27,1977343477819323,å²è±å§†åŠ¨ç”»,,747,1,281,https://p3-pc-sign.douyinpic.com/tos-cn-p-0015/okqZ2Iznt8iQsxBMiimv3IIt684sBmABwAPPw~tplv-dy-360p.jpeg?lk3s=138a59ce&x-expires=1745305200&x-signature=mgM1UlHU8zd2xgFctiZAIFbcguA%3D&from=327834062&s=PackSourceEnum_AWEME_DETAIL&se=false&sc=origin_cover&biz_tag=pcweb_cover&l=202504081527193C94D3EE47D315039832
7451987201832832267,#ç©å…·è§†é¢‘åŠç©å…·å°æ•…äº‹ #å„¿ç«¥å¯è’™æ—©æ•™ç›Šæ™ºåŠ¨ç”»ç‰‡ #å¯è’™æ—©æ•™ #å„¿ç«¥åŠ¨ç”»,2024-12-24 22:36:56,1475981291824899,å°é±¼ä¸å°ç³,,3347,25,1324,https://p3-pc-sign.douyinpic.com/tos-cn-p-0015/o0AplWIgDGAFDEsxRs9W4afTQWD6ABwIPBwneq~tplv-dy-360p.jpeg?lk3s=138a59ce&x-expires=1745305200&x-signature=JJxgUy5l1UDXOcOMjffpcxjnWTw%3D&from=327834062&s=PackSourceEnum_AWEME_DETAIL&se=false&sc=origin_cover&biz_tag=pcweb_cover&l=202504081527291C176D5B079F5F03482C
7471170782874324276,##ç©å…·è§†é¢‘åŠç©å…·å°æ•…äº‹ #å°‘å„¿ç›Šæ™ºåŠ¨æ¼«æ¨è #åŠ¨ç”»å„¿ç«¥ #å¯è’™æ—©æ•™ #å„¿ç«¥å¯è’™æ—©æ•™ç›Šæ™ºåŠ¨ç”»ç‰‡,2025-02-14 15:18:47,2241260499251002,å°åœŸè±†,,1781,14,658,https://p9-pc-sign.douyinpic.com/tos-cn-p-0015/ocgg3deeMQ9L2dzsACWDEF7TuC80PgBQQkAfBX~tplv-dy-360p.jpeg?lk3s=138a59ce&x-expires=1745305200&x-signature=qNgd5SgNMLe1BzjpuCtHiZ71Z%2B0%3D&from=327834062&s=PackSourceEnum_AWEME_DETAIL&se=false&sc=origin_cover&biz_tag=pcweb_cover&l=20250408152740B52D50D362677B03F557
7490009081378311476,#å°‘å„¿ç›Šæ™ºåŠ¨æ¼«æ¨è #äº²å­äº’åŠ¨ #3åˆ°6å²å„¿ç«¥ç›Šæ™ºæ—©æ•™åŠ¨ç”» #å¯è’™æ—©æ•™ #ç©å…·è§†é¢‘åŠç©å…·å°æ•…äº‹,2025-04-06 09:41:00,147814029994458,å°èˆç›Šæ™ºé¦†,,1145,5,465,https://p3-pc-sign.douyinpic.com/tos-cn-p-0015/oADB8J7AHdODVqkfD5q91XfuA2AFjtEngQ8QKx~tplv-dy-360p.jpeg?lk3s=138a59ce&x-expires=1745305200&x-signature=bBeKFq7srUuGhIXiXIK08qICipo%3D&from=327834062&s=PackSourceEnum_AWEME_DETAIL&se=false&sc=origin_cover&biz_tag=pcweb_cover&l=202504081527508B69DB0C0CE636039E22
7490103745200672012,#3åˆ°6å²å„¿ç«¥ç›Šæ™ºæ—©æ•™åŠ¨ç”» #ç©å…·è§†é¢‘åŠç©å…·å°æ•…äº‹ #å¥¥ç‰¹æ›¼ #ç©å…·è§†é¢‘åŠç©å…·å°æ•…äº‹ #å„¿ç«¥å·¥ç¨‹è½¦åŠ¨ç”»ç‰‡å¤§å…¨,2025-04-06 15:48:28,2681025541445748,å°è›‹ä»”,,16,0,10,https://p3-pc-sign.douyinpic.com/tos-cn-p-0015/oMUKEyf8g7q9AQ66ngQPbYFuAsAkNifYBaGaDC~tplv-dy-360p.jpeg?lk3s=138a59ce&x-expires=1745305200&x-signature=GadEzxJWb%2BjymAgsHMUZCLWZtbg%3D&from=327834062&s=PackSourceEnum_AWEME_DETAIL&se=false&sc=origin_cover&biz_tag=pcweb_cover&l=20250408152800C45371C879384A03A6F4
7475541665525140745,#3åˆ°6å²å„¿ç«¥ç›Šæ™ºæ—©æ•™åŠ¨ç”» #å¯è’™æ—©æ•™ #äº²å­äº’åŠ¨ #å„¿ç«¥è§†é¢‘ #ç©å…·è§†é¢‘åŠç©å…·å°æ•…äº‹,2025-02-26 09:59:53,394066752450684,ç«¥ç«¥ä¹å›­,,2500,24,945,https://p3-pc-sign.douyinpic.com/tos-cn-p-0015/owdIldDZQteHQVfIse7GeEiskZALDBOAJOPeQr~tplv-dy-360p.jpeg?lk3s=138a59ce&x-expires=1745305200&x-signature=TQP9tsxjrE7AXOpp7aHQWZ2nhLA%3D&from=327834062&s=PackSourceEnum_AWEME_DETAIL&se=false&sc=origin_cover&biz_tag=pcweb_cover&l=202504081528106055D292128AB70396FE
7462936905647131944,#3åˆ°6å²å„¿ç«¥ç›Šæ™ºæ—©æ•™åŠ¨ç”» #ç©å…·è§†é¢‘åŠç©å…·å°æ•…äº‹ #äº²å­äº’åŠ¨ #å„¿ç«¥è§†é¢‘ #å„¿ç«¥ç©å…·,2025-01-23 10:47:22,4466655076031163,èŒèŠ½æ—©æ•™ä¹å›­,,12698,124,4532,https://p3-pc-sign.douyinpic.com/tos-cn-p-0015/o8BZArUk1FC9nAaBInEDecf9ITApgtbiACRdg9~tplv-dy-360p.jpeg?lk3s=138a59ce&x-expires=1745305200&x-signature=2XcCrXt7PAn36645kWgv1czB9tA%3D&from=327834062&s=PackSourceEnum_AWEME_DETAIL&se=false&sc=origin_cover&biz_tag=pcweb_cover&l=202504081528218D638778C1894703CC77
7485208136358366521,#3åˆ°6å²å„¿ç«¥ç›Šæ™ºæ—©æ•™åŠ¨ç”» #æç¬‘è§†é¢‘#å„¿ç«¥åŠ¨ç”»,2025-03-24 11:10:39,7482053378735653945,å„¿ç«¥æ¬¢ä¹å›­,,8138,51,3232,https://p3-pc-sign.douyinpic.com/tos-cn-p-0015c000-ce/o0seZLpYATS7KGfQIfzJNOIsn8IBwP18gACgIr~tplv-dy-360p.jpeg?lk3s=138a59ce&x-expires=1745305200&x-signature=ANEJWUO08kV7Cdi%2FVDc9md9%2FEM0%3D&from=327834062&s=PackSourceEnum_AWEME_DETAIL&se=false&sc=origin_cover&biz_tag=pcweb_cover&l=2025040815283065D721E8E7EAC1039EAF
