vd_id,vd_title,create_time,author,likes,shares,collects,img_url
7408436960856902962,#é€‚åˆä¸‰å››å²å„¿ç«¥çœ‹çš„æ—©æ•™åŠ¨ç”»ç‰‡æ¨è #å°‘å„¿ç›Šæ™ºåŠ¨æ¼«æ¨è #äº²å­äº’åŠ¨ #å„¿ç«¥å¯è’™æ—©æ•™ç›Šæ™ºåŠ¨ç”»ç‰‡ #å°‘å„¿åŠ¨ç”»ç‰‡æ¨è,2024-08-29 13:59:19,å…”èˆèˆ,58543,423,26536,https://p3-pc-sign.douyinpic.com/tos-cn-p-0015/o8AmBgWEEZHF22HAxgeQ08P694hzDADtAfNQiC~tplv-dy-360p.jpeg?biz_tag=pcweb_cover&card_type=153&column_n=0&from=327834062&l=20250417092221D4C4C31ABC0F0858552A&lk3s=138a59ce&s=PackSourceEnum_SEARCH&sc=origin_cover&se=false&x-expires=1746061200&x-signature=BG01gzmy8KVAValKVYGig4plFzk%3D
7375523095110503715,#å°çŒªä½©å¥‡ #è‰¾è #å„¿ç«¥åŠ¨ç”»,2024-06-01,è±†ä¸¸,256,0,0,https://p3-pc-sign.douyinpic.com/tos-cn-p-0015/owDBWmNAVxLD36eDBxh9zSf8AAAFbHEmgEaI8M~tplv-dy-cropcenter:323:430.jpeg?biz_tag=pcweb_cover&from=327834062&lk3s=138a59ce&s=PackSourceEnum_SEARCH&sc=cover&se=true&sh=323_430&x-expires=2060211600&x-signature=53JiYqyAuDe9%2F9pPsuUBLO9hW2I%3D
7380296331996220724,#å„¿ç«¥åŠ¨ç”» #è‰¾è #å°çŒªä½©å¥‡,2024-06-14,è±†ä¸¸,353,0,0,https://p9-pc-sign.douyinpic.com/tos-cn-p-0015/oUG22uf7yIUyBKDBEMCApiDhFefDACNv7QQYJ4~tplv-dy-cropcenter:323:430.jpeg?biz_tag=pcweb_cover&from=327834062&lk3s=138a59ce&s=PackSourceEnum_SEARCH&sc=cover&se=true&sh=323_430&x-expires=2060211600&x-signature=jhZVygMaDxwvPOu8B0HfuNh4wAA%3D
7374389703652429091,#å„¿ç«¥åŠ¨ç”» #è‰¾è #å°çŒªä½©å¥‡,2024-05-29,è±†ä¸¸,165,0,0,https://p3-pc-sign.douyinpic.com/tos-cn-p-0015/osZyA9NcPBWOIl5EOgvwXGOGliYAKiBB1zQIM~tplv-dy-cropcenter:323:430.jpeg?biz_tag=pcweb_cover&from=327834062&lk3s=138a59ce&s=PackSourceEnum_SEARCH&sc=cover&se=true&sh=323_430&x-expires=2060211600&x-signature=zx4wvsoYSzZRgIVIZULeuvhybHI%3D
7369890338594393378,#å°çŒªä½©å¥‡å„¿ç«¥è§†é¢‘3-6å² #çˆ±èå…¬ä¸» #å†°é›ªå¥³ç‹åŠ¨ç”»ç‰‡ #èŒå¨ƒåŠ¨ç”»ç‰‡ #å°çŒªä½©å¥‡åŠ¨ç”»ç‰‡,2024-05-17 16:58:40,æ¼«ç”»ä¸¸å­é…±,141,3,70,https://p9-pc-sign.douyinpic.com/tos-cn-p-0015/oIRAMBDxIGn89RgUvsP8eZOAbEDCimQAOPQ2Bf~tplv-dy-360p.jpeg?biz_tag=pcweb_cover&card_type=153&column_n=0&from=327834062&l=202504170923055F7C28CA292F0058E96C&lk3s=138a59ce&s=PackSourceEnum_SEARCH&sc=origin_cover&se=false&x-expires=1746061200&x-signature=5UN4eo5rGUBxl2QwuTDiQDNbUoc%3D
7382515210151529768,#å°çŒªä½©å¥‡å„¿ç«¥è§†é¢‘3-6å² #çˆ±èå…¬ä¸» #èŒå¨ƒåŠ¨ç”»ç‰‡ #å†°é›ªå¥³ç‹åŠ¨ç”»ç‰‡ #å°çŒªä½©å¥‡åŠ¨ç”»ç‰‡,2024-06-20 17:29:34,æ¼«ç”»ä¸¸å­é…±,165,14,75,https://p3-pc-sign.douyinpic.com/tos-cn-p-0015/oIDzeGJzQCH5PQERof79BKwBcZ0YfAUzDMAxFM~tplv-dy-360p.jpeg?biz_tag=pcweb_cover&card_type=153&column_n=0&from=327834062&l=202504170923055F7C28CA292F0058E96C&lk3s=138a59ce&s=PackSourceEnum_SEARCH&sc=origin_cover&se=false&x-expires=1746061200&x-signature=WttJZZHwPMbxH4L1tnG6vADdmN8%3D
7470780802159217930,è°æ˜¯çœŸæ­£çš„çˆ±èå…¬ä¸»  #0åˆ°3å²æ—©æ•™å¯è’™åŠ¨ç”»ç‰‡æ¨è #ç›Šæ™ºç©å…· #å°‘å„¿ç›Šæ™ºåŠ¨æ¼«æ¨è #èŒçŸ¥è®¡åˆ’ #å°çŒªä½©å¥‡,2025-02-13 20:00:00,å¢å°æ˜“å“†å•¦,43,0,35,https://p9-pc-sign.douyinpic.com/tos-cn-p-0015/oYBNIaCPBABICW7f7QcF8AfAt1ZMWWlhxafjrB~tplv-dy-360p.jpeg?biz_tag=pcweb_cover&card_type=153&column_n=0&from=327834062&l=20250417092306A55A2446B4C40757A263&lk3s=138a59ce&s=PackSourceEnum_SEARCH&sc=origin_cover&se=false&x-expires=1746061200&x-signature=fnypZe2XsbyKIiUBoEtEd2xI5uE%3D
7458215418398870841,#3åˆ°6å²å„¿ç«¥ç›Šæ™ºæ—©æ•™åŠ¨ç”» #å°‘å„¿ç›Šæ™ºåŠ¨æ¼«æ¨è #å„¿ç«¥å¯è’™æ—©æ•™ç›Šæ™ºåŠ¨ç”»ç‰‡ #ç©å…·è§†é¢‘åŠ #å¯è’™æ—©æ•™,2025-01-10,å«£å«£,15,0,0,https://p3-pc-sign.douyinpic.com/tos-cn-p-0015c000-ce/oUAMuEQ5za4z5E3BAlIPZAiBBDrFvYSXiZvhT~tplv-dy-cropcenter:323:430.jpeg?biz_tag=pcweb_cover&from=327834062&lk3s=138a59ce&s=PackSourceEnum_SEARCH&sc=cover&se=true&sh=323_430&x-expires=2060211600&x-signature=yfIMzzj%2B4XdoCtvFIsmTb%2Bb6DnE%3D
7458319823278181691,#äº²å­äº’åŠ¨ #å„¿ç«¥ç›Šæ™º #å„¿ç«¥å¯è’™æ—©æ•™ç›Šæ™ºåŠ¨ç”»ç‰‡ #0-6å²å¹¼å„¿æ—©æ•™å¯è’™æ•™è‚² #å¯è’™æ—©æ•™,2025-01-11 00:10:13,å°æ–¹æ¥æ‰¾èŒ¬,4140,19,1361,https://p3-pc-sign.douyinpic.com/tos-cn-p-0015c000-ce/o0hiXawOjZAI4B5kiBRC9ZBjCGIMamPPVAFE9~noop.jpeg?biz_tag=pcweb_cover&card_type=303&column_n=0&from=327834062&l=20250417092407A4A0684822B50E5AB1A0&lk3s=138a59ce&s=PackSourceEnum_SEARCH&se=false&x-expires=1746061200&x-signature=SyYPwYvQKnOL8WhtCvYefbzOehw%3D
7458224363301653820,#3åˆ°6å²å„¿ç«¥ç›Šæ™ºæ—©æ•™åŠ¨ç”» #å„¿ç«¥å¯è’™æ—©æ•™ç›Šæ™ºåŠ¨ç”»ç‰‡ #0åˆ°3å²å¹¼å„¿æ—©æ•™ç›Šæ™ºåŠ¨ç”»å¤§å…¨ #ç©å…·è§†é¢‘åŠç©å…·å°æ•…äº‹ #äº²å­äº’åŠ¨,2025-01-10 17:59:53,å¤§åœŸè±ªå¥¶é¾™ç›Šæ™ºé¦†,15602,278,5698,https://p3-pc-sign.douyinpic.com/tos-cn-p-0015c000-ce/o4Av496ZAvE7UZckBtI19h5aXI2XigaCMAPDi~noop.jpeg?biz_tag=pcweb_cover&card_type=303&column_n=0&from=327834062&l=20250417092407A4A0684822B50E5AB1A0&lk3s=138a59ce&s=PackSourceEnum_SEARCH&se=false&x-expires=1746061200&x-signature=so2XjBD09cVXrDRM9pagtPOnjN0%3D
7489727195972226362,#å°å­©å­çœ‹çš„å„¿ç«¥è§†é¢‘ #ç©å…·è§†é¢‘åŠç©å…·å°æ•…äº‹ #0åˆ°3å²å¹¼å„¿æ—©æ•™ç›Šæ™ºåŠ¨ç”»å¤§å…¨ #äº²å­äº’åŠ¨,2025-04-05 15:26:52,é¹¿å–å‘€,14816,241,8271,https://p3-pc-sign.douyinpic.com/tos-cn-p-0015c000-ce/oIZwCCwIEBDA8e0FNvCqDn2smDaE9ABkIEzffy~tplv-dy-360p.jpeg?biz_tag=pcweb_cover&card_type=153&column_n=0&from=327834062&l=2025041709240881275461C486FB5B32CA&lk3s=138a59ce&s=PackSourceEnum_SEARCH&sc=origin_cover&se=false&x-expires=1746061200&x-signature=jG5SAYmIv2qWyBQfFXLuEM9ofuA%3D
7457845270387199289,#åˆ†äº«æœ‰è¶£çš„è§†é¢‘ #å„¿ç«¥çˆ±çœ‹çš„å°è§†é¢‘ #3åˆ°6å²å„¿ç«¥ç›Šæ™ºæ—©æ•™åŠ¨ç”» #å„¿ç«¥å¯è’™æ—©æ•™ç›Šæ™ºåŠ¨ç”»ç‰‡ #æç¬‘,2025-01-09 17:29:00,ç”¨æˆ·1490743346229,44402,458,17485,https://p3-pc-sign.douyinpic.com/tos-cn-p-0015c000-ce/oA5AaeLfAH7PJfh3ZfwXM6yZdggdgDufUHNf4Y~tplv-dy-360p.jpeg?biz_tag=pcweb_cover&card_type=153&column_n=0&from=327834062&l=2025041709240881275461C486FB5B32CA&lk3s=138a59ce&s=PackSourceEnum_SEARCH&sc=origin_cover&se=false&x-expires=1746061200&x-signature=kAg4zqgpiUoKvwKto0TsadLb0jo%3D
7388359192177823027,#å¥¥ç‰¹æ›¼å„¿ç«¥åŠ¨ç”»ç‰‡ #èµ›ç½—å¥¥ç‰¹æ›¼è§†é¢‘å¤§å…¨ #å„¿ç«¥å¯è’™æ—©æ•™ç›Šæ™ºåŠ¨ç”»ç‰‡ #è´åˆ©äºšå¥¥ç‰¹æ›¼ #æ ¼ä¸½ä¹”å¥¥ç‰¹æ›¼,2024-07-06,æ­£èƒ½é‡ä½è²,10,0,0,https://p3-pc-sign.douyinpic.com/tos-cn-p-0015/oAe7QBCWYgNJifEIMMCGgDquAFLZBNAXEXGEeI~tplv-dy-cropcenter:323:430.jpeg?biz_tag=pcweb_cover&from=327834062&lk3s=138a59ce&s=PackSourceEnum_SEARCH&sc=cover&se=true&sh=323_430&x-expires=2060211600&x-signature=jTjrY1hXVkBZexASnaTfD7Fhs8U%3D
7421109523995299108,#å¥¥ç‰¹æ›¼å„¿#å„¿ç«¥åŠ¨ç”» #åŠ¨ç”»è§†é¢‘ #å¥¥ç‰¹æ›¼å„¿ç«¥åŠ¨ç”» #3-6å²å„¿ç«¥èµ›ç½—åŠ¨ç”»è§†é¢‘ ç«¥åŠ¨ç”»,2024-10-02 17:35:20,å°é›ªå¦¹å¦¹,1510087,10533,157438,https://p3-pc-sign.douyinpic.com/tos-cn-p-0015/ooN0tq9TIQ3EXizBTI5PiASijDZvNdISq9PBA~tplv-dy-360p.jpeg?biz_tag=pcweb_cover&card_type=153&column_n=0&from=327834062&l=2025041709245103382BD86DFB59582809&lk3s=138a59ce&s=PackSourceEnum_SEARCH&sc=origin_cover&se=false&x-expires=1746061200&x-signature=j%2BM2n%2Fmt8sBffPrJrZ6pSkUOE7U%3D
7344587861255032083,#å¥¥ç‰¹æ›¼å„¿ç«¥åŠ¨ç”»ç‰‡ #èµ›ç½—å¥¥ç‰¹æ›¼ #å¥¥ç‰¹æ›¼åŠ¨ç”»ç‰‡3-6å²å„¿ç«¥ #æ— æ³•æ‹’ç»çš„å¥¥ç‰¹æ›¼ç©å…· #è´åˆ©äºšå¥¥ç‰¹æ›¼,2024-03-10 12:32:10,å®µå®µè®²æ•…äº‹1,40818,409,16011,https://p3-pc-sign.douyinpic.com/tos-cn-p-0015/oMbRtxgABBCDFiAzEpnEGLI82IheEN7hmewBbe~tplv-dy-360p.jpeg?biz_tag=pcweb_cover&card_type=153&column_n=0&from=327834062&l=20250417092529EF9B345C5C91635A072D&lk3s=138a59ce&s=PackSourceEnum_SEARCH&sc=origin_cover&se=false&x-expires=1746061200&x-signature=qc9%2FdQgi8DpawjHU068ZTMNWqlM%3D
7483152765896690996,#3-6å²å„¿ç«¥èµ›ç½—åŠ¨ç”»è§†é¢‘ #å¥¥ç‰¹æ›¼å„¿ç«¥åŠ¨ç”»ç‰‡ #å¥¥ç‰¹æ›¼0åˆ°3å²å„¿ç«¥å¯è’™ #å¥¥ç‰¹æ›¼ç©å…·ç›Šæ™º,2025-03-18 22:14:54,å¥¥ç‰¹æ›¼è¦ç›¸ä¿¡å…‰,1012,11,405,https://p3-pc-sign.douyinpic.com/tos-cn-p-0015/ocG0l8e9DklvPLZB3WCCApEIIsgBfgkA7X9tRf~tplv-dy-360p.jpeg?biz_tag=pcweb_cover&card_type=153&column_n=0&from=327834062&l=20250417092531A0EB79A840639B5B6847&lk3s=138a59ce&s=PackSourceEnum_SEARCH&sc=origin_cover&se=false&x-expires=1746061200&x-signature=Y1yRmbliydBER7L5sZDJGUIiWUU%3D
7492719030118223164,#å¥¥ç‰¹æ›¼å„¿ç«¥åŠ¨ç”»ç‰‡ #å¥¥ç‰¹æ›¼æ‰“æ€ªå…½ #å¥¥ç‰¹æ›¼æ­£ä¹‰é™ä¸´ #ç©å…·,2025-04-13 16:56:44,å›æºç§‹æ°´æ½æ˜Ÿæ²³,829,3,367,https://p3-pc-sign.douyinpic.com/tos-cn-p-0015c000-ce/oUlggA9gsIUeJ6PgoXvFBVQ0tMpJ8fAf7ICgP8~tplv-dy-360p.jpeg?biz_tag=pcweb_cover&card_type=153&column_n=0&from=327834062&l=20250417092531A0EB79A840639B5B6847&lk3s=138a59ce&s=PackSourceEnum_SEARCH&sc=origin_cover&se=false&x-expires=1746061200&x-signature=2jFsP4ey0vYikD8xrOrt8OLc%2FgI%3D
7478768812926455100,#å¥¥ç‰¹æ›¼å„¿ç«¥åŠ¨ç”»ç‰‡ #èµ›ç½—å¥¥ç‰¹æ›¼ #å„¿ç«¥ç›Šæ™ºè§†é¢‘ #å„¿ç«¥åŠ¨ç”» #èŒåˆ°çˆ†ç‚¸äº†ğŸ’¥ ä½ ç›¸ä¿¡å…‰å—,2025-03-07 06:45:00,æ³°ç½—å¥¥ç‰¹æ›¼,4013,14,1568,https://p3-pc-sign.douyinpic.com/tos-cn-p-0015c000-ce/osIJICJb77YkAIDPhFbZfqXguzeBKETg8HeQC7~tplv-dy-360p.jpeg?biz_tag=pcweb_cover&card_type=153&column_n=0&from=327834062&l=20250417092531A0EB79A840639B5B6847&lk3s=138a59ce&s=PackSourceEnum_SEARCH&sc=origin_cover&se=false&x-expires=1746061200&x-signature=525Kt0AtUJUTp%2BVTPjLXzscM%2FgM%3D
7444501201128951091,#å„¿ç«¥ç®€ç¬”ç”» #å„¿ç«¥ç›Šæ™º #å¥¥ç‰¹æ›¼ #å¥¥ç‰¹æ›¼ç³»åˆ—,2024-12-04,é£é›¨é‡Œç­‰ä½ ,5,0,0,https://p3-pc-sign.douyinpic.com/image-cut-tos-priv/afa18cd896dd554ea891d0bd2f972019~tplv-dy-resize-origshort-autoq-75:330.jpeg?biz_tag=pcweb_cover&card_type=153&column_n=0&from=327834062&lk3s=138a59ce&s=PackSourceEnum_SEARCH&sc=cover&se=false&x-expires=2060211600&x-signature=mnywzAScOeikMMSkrnon%2BRX4KBs%3D
7493713202237197631,#åŠ¨ç”»#ç®€ç¬”ç”»#å“ªå’#æ•–ä¸™ #3åˆ°6å²å„¿ç«¥ç›Šæ™ºæ—©æ•™åŠ¨ç”»,2025-04-16 09:15:09,ä»å…´ä¹ä¹,176,1,85,https://p3-pc-sign.douyinpic.com/tos-cn-p-0015/okICABSfZLfzaHgFgfIG8Ke0g9FXAjmsEYfFKs~tplv-dy-360p.jpeg?biz_tag=pcweb_cover&card_type=153&column_n=0&from=327834062&l=20250417092608448266D885B0235B8DE0&lk3s=138a59ce&s=PackSourceEnum_SEARCH&sc=origin_cover&se=false&x-expires=1746061200&x-signature=%2FBXw7FSdmOrcczMSllNC6rcYGpI%3D
7474037104213806396,#å„¿ç«¥åŠ¨ç”» #å¥¥ç‰¹æ›¼å„¿ç«¥åŠ¨ç”»ç‰‡ #3-6å²å„¿ç«¥èµ›ç½—åŠ¨ç”»è§†é¢‘ #èµ›ç½—å¥¥ç‰¹æ›¼ #ç®€ç¬”ç”»,2025-02-22 08:41:23,å•†é™†,1611,65,787,https://p3-pc-sign.douyinpic.com/tos-cn-p-0015c000-ce/oEYLMBC9QQ78Vmwp5eBUyQjTPmOOeGofcBIgAJ~tplv-dy-360p.jpeg?biz_tag=pcweb_cover&card_type=153&column_n=0&from=327834062&l=20250417092608448266D885B0235B8DE0&lk3s=138a59ce&s=PackSourceEnum_SEARCH&sc=origin_cover&se=false&x-expires=1746061200&x-signature=1KRXZyS6n%2Fm7KQSozI6VgCOiDD8%3D
7493506910675537204,#æ•–é—° #å“ªå’ #ç®€ç¬”ç”» #3åˆ°6å²å„¿ç«¥ç›Šæ™ºæ—©æ•™åŠ¨ç”»,2025-04-15 19:54:15,å¾å¤§å§,56,3,23,https://p3-pc-sign.douyinpic.com/tos-cn-p-0015/o0tBIBfEzAfOPuYEXQCi7SAVrCQnFUBmDlXkSe~tplv-dy-360p.jpeg?biz_tag=pcweb_cover&card_type=153&column_n=0&from=327834062&l=20250417092609FE28012FF6C20F58CBAC&lk3s=138a59ce&s=PackSourceEnum_SEARCH&sc=origin_cover&se=false&x-expires=1746061200&x-signature=ncZN3c%2BFlvHoiGCJvRGT9eh%2B9eo%3D
7460399969451658546,#å„¿ç«¥æ—©æ•™  #å„¿ç«¥å¯è’™æ—©æ•™ç›Šæ™ºåŠ¨ç”»ç‰‡  #å„¿ç«¥åŠ¨ç”»ç‰‡03å²ç›Šæ™º  #ç›Šæ™ºå„¿ç«¥  #å„¿ç«¥åŠ¨ç”»,2025-01-16,å®è´åŠ¨æ¼«,2,0,0,https://p9-pc-sign.douyinpic.com/tos-cn-i-dy/cd3fe2591fe849758f79777fe05e886f~tplv-dy-cropcenter:323:430.jpeg?biz_tag=pcweb_cover&from=327834062&lk3s=138a59ce&s=PackSourceEnum_SEARCH&sc=cover&se=true&sh=323_430&x-expires=2060211600&x-signature=2C%2F1XAimdY3cy3iTpaf6zHNFZ%2BQ%3D
7426881728561597746,å„¿ç«¥ç›Šæ™ºåŠ¨ç”»ç‰‡æ¯å¤©æ›´æ–° #åŠ¨ç”»å°æ•…äº‹ #å„¿ç«¥åŠ¨ç”» #å¡é€šåŠ¨ç”»å„¿ç«¥ #åŠ¨ç”»ç‰‡æ¯å¤©æ›´æ–° #è¶£å‘³åŠ¨ç”»,2024-10-18 06:54:28,æç¬‘åŠ¨æ¼«æ¸¸æˆæ¢¦å·¥å‚,83,3,49,https://p3-pc-sign.douyinpic.com/tos-cn-p-0015/osIQPwkIgaciQVG6PlVWx3Z2iBsgRTAYBIQBA~tplv-dy-360p.jpeg?biz_tag=pcweb_cover&card_type=153&column_n=0&from=327834062&l=2025041709271619B5BEC0708D9E5B86CB&lk3s=138a59ce&s=PackSourceEnum_SEARCH&sc=origin_cover&se=false&x-expires=1746061200&x-signature=5IsXPaFRGyWUFD5GoTStZ0NavIA%3D
7490551324392639803,#å°‘å„¿ç›Šæ™ºåŠ¨æ¼«æ¨è #åŠ¨ç”»ç‰‡æ¯å¤©æ›´æ–° #æˆ‘åœ¨æŠ–éŸ³çœ‹åŠ¨ç”»ç‰‡ #çƒ­é—¨åŠ¨ç”» #å°‘å„¿åŠ¨æ¼«,2025-04-08 18:07:00,å°è‹¹æœåŠ¨æ¼«,1240,36,614,https://p9-pc-sign.douyinpic.com/tos-cn-p-0015c000-ce/oMdaiEAizIG9D9BwTgA8JQIe9qyqBfVCeMonQz~tplv-dy-360p.jpeg?biz_tag=pcweb_cover&card_type=153&column_n=0&from=327834062&l=2025041709271619B5BEC0708D9E5B86CB&lk3s=138a59ce&s=PackSourceEnum_SEARCH&sc=origin_cover&se=false&x-expires=1746061200&x-signature=xzuD5sD2HZQMFIFj5v7TywAHgZU%3D
7432865740774067506,#å°çŒªä½©å¥‡,2024-11-03,çŒªä½©å¥‡,4351,0,0,https://p3-pc-sign.douyinpic.com/image-cut-tos-priv/a92510b67f31ef1dc8a2502dcbb754ca~tplv-dy-resize-origshort-autoq-75:330.jpeg?biz_tag=pcweb_cover&card_type=153&column_n=0&from=327834062&lk3s=138a59ce&s=PackSourceEnum_SEARCH&sc=cover&se=false&x-expires=2060211600&x-signature=KvbW8pHYouzcnO3SZ8RBa12tFQA%3D
7333363879013076239,å°çŒªä½©å¥‡å„¿ç«¥åƒµå°¸åŠ¨ç”»ç‰‡ï¼Œå°ä½©å¥‡æ„ŸæŸ“äº†çŒªçˆ¸çˆ¸ï¼#å„¿ç«¥åŠ¨ç”» #å°‘å„¿åŠ¨ç”»ç‰‡æ¨è #åŠ¨ç”»ç‰‡å„¿ç«¥è§†é¢‘3-6å² #å„¿ç«¥åŠ¨ç”»ç‰‡#å°çŒªä½©å¥‡,2024-02-09,ç¾ä¹”åˆ†äº«,1,0,0,https://p3-pc-sign.douyinpic.com/image-cut-tos-priv/05f48dd8dc6d464eca2095b4b413713a~tplv-dy-resize-origshort-autoq-75:330.jpeg?biz_tag=pcweb_cover&card_type=153&column_n=0&from=327834062&lk3s=138a59ce&s=PackSourceEnum_SEARCH&sc=cover&se=false&x-expires=2060211600&x-signature=iMIok9S4h8X2II%2F5NvwDCG4InEQ%3D
7325463431027461411,#ç”¨æœ€å¹¼ç¨šçš„åŠ¨ç”»ç‰‡è®²å‡ºæœ€çœŸå®çš„é“ç† #è¶£å‘³åŠ¨ç”» #çƒ­é—¨åŠ¨ç”» #å°çŒªä½©å¥‡ #åŠ¨ç”»çŸ­ç‰‡æ¨è,2024-01-18,æç¬‘åŠ¨æ¼«Z,2658,0,0,https://p3-pc-sign.douyinpic.com/image-cut-tos-priv/32d6858de2a6d9c86721d9731556aaed~tplv-dy-resize-origshort-autoq-75:330.jpeg?biz_tag=pcweb_cover&card_type=153&column_n=0&from=327834062&lk3s=138a59ce&s=PackSourceEnum_SEARCH&sc=cover&se=false&x-expires=2060211600&x-signature=apKfdDNAbfu2ycv5NLQcXPO9ZEQ%3D
7468602072225680666,å°çŒªä½©å¥‡çš„è¯¡å¼‚çš„ä¸–ç•Œã€‚ #å…ƒæ¢¦ä¹‹æ˜Ÿ #å…ƒæ¢¦ä¹‹æ˜Ÿå¤§å”é£åèµ›å­£ #è¿‡å¹´å°±ç©å…ƒæ¢¦ä¹‹æ˜Ÿ,2025-02-07,å…ƒæ¢¦å°å¤å¤,9522,0,0,https://p3-pc-sign.douyinpic.com/tos-cn-i-0813c001/o4EAlz1AbCuAKgej3oIACiiAczBtM0Al4fxMhN~tplv-dy-cropcenter:323:430.jpeg?biz_tag=pcweb_cover&from=327834062&lk3s=138a59ce&s=PackSourceEnum_SEARCH&sc=cover&se=true&sh=323_430&x-expires=2060211600&x-signature=Tu4GeCYZoGu6wJPkf4egZj9r5q4%3D
7312081354982739215,#åŠ¨ç”»çŸ­ç‰‡æ¨è #å°çŒªä½©å¥‡ #äºŒæ¬¡å…ƒ #çƒ­é—¨åŠ¨ç”» #è¶£å‘³åŠ¨ç”»,2023-12-13 22:10:42,æç¬‘åŠ¨æ¼«Z,7162,518,4610,https://p3-pc-sign.douyinpic.com/tos-cn-p-0015/fb17ff18558b47aca60a66114f4bbd7b_1702476659~tplv-dy-360p.jpeg?biz_tag=pcweb_cover&card_type=153&column_n=0&from=327834062&l=2025041709314056AFC536D464DE5ADE88&lk3s=138a59ce&s=PackSourceEnum_SEARCH&sc=origin_cover&se=false&x-expires=1746061200&x-signature=ItzY46ZKe%2FY7%2Bo70MDJe7uekiq4%3D
7439632465175678259,å¥‡æ€ªçš„ä½©å¥‡ä¸€å®¶ï¼Œä½ ä»¬åƒä¸‡ä¸è¦æƒ¹ä»–ä»¬å•Š#å·…å³°æé€Ÿ #å·…å³°æé€Ÿå·…å³°å­¦é™¢ #å·…å³°è½¦æ‰‹è¿½é£ä¹Ÿè¿½TA #å·…å­å‹‡é—¯ä¸–ç•Œå°½å¤´å†°å²› #å„¿ç«¥åŠ¨ç”»,2024-11-21 15:35:55,è›è›æ¸¸æˆé…±,8319,197,3350,https://p3-pc-sign.douyinpic.com/tos-cn-p-0015/ogPTIKdfAVF2AgYucegJRDLoDrCe0ce4EECMGt~tplv-dy-360p.jpeg?biz_tag=pcweb_cover&card_type=153&column_n=0&from=327834062&l=2025041709314056AFC536D464DE5ADE88&lk3s=138a59ce&s=PackSourceEnum_SEARCH&sc=origin_cover&se=false&x-expires=1746061200&x-signature=SdN8IfEc8f5MXwoogHXU5VlHJJ0%3D
7329461805921733903,#é‡çŒªä½©å¥‡ #æ¯ç«¥å¹´ç³»åˆ— #çƒ­é—¨åŠ¨ç”» #å°çŒªä½©å¥‡ #åŠ¨æ¼«æ¨è,2024-01-29 18:16:14,æç¬‘åŠ¨æ¼«Z,4107,244,2160,https://p3-pc-sign.douyinpic.com/tos-cn-p-0015/owSbP2fYBHSEQve7YALA4CLuQ77vA6WktBprfn~tplv-dy-360p.jpeg?biz_tag=pcweb_cover&card_type=153&column_n=0&from=327834062&l=202504170931417132EEF0E3FE525851DC&lk3s=138a59ce&s=PackSourceEnum_SEARCH&sc=origin_cover&se=false&x-expires=1746061200&x-signature=FOPQ13EDfMlKIf7R5HkGdHiPvwQ%3D
7342062610805771546,å°çŒªä½©å¥‡å„¿ç«¥åŠ¨ç”»ç‰‡ï¼Œä½©å¥‡å˜å¼‚å•¦#å„¿ç«¥åŠ¨ç”» #å°‘å„¿åŠ¨ç”»ç‰‡æ¨è #åŠ¨ç”»ç‰‡å„¿ç«¥è§†é¢‘3-6å² #å„¿ç«¥åŠ¨ç”»ç‰‡#å°çŒªä½©å¥‡,2024-03-03 17:12:53,è¨è¨åŒå­¦,2654,119,1224,https://p3-pc-sign.douyinpic.com/tos-cn-p-0015/oc28IbD9uAYDCLniAtgef5xiIbP6lBDBYA7GkA~tplv-dy-360p.jpeg?biz_tag=pcweb_cover&card_type=153&column_n=0&from=327834062&l=202504170931417132EEF0E3FE525851DC&lk3s=138a59ce&s=PackSourceEnum_SEARCH&sc=origin_cover&se=false&x-expires=1746061200&x-signature=c7TwAqRNDYHU7GV05iWl%2F9jWi%2BE%3D
7440019210715041062,ä½©å¥‡ï¼šçœ‹ç¾šç¾Šè€å¸ˆå¦‚ä½•è½»æ¾æ‹¿ä¸‹å˜å¼‚æ ¡é•¿ #å°çŒªä½©å¥‡æç¬‘é…éŸ³ #å°çŒªä½©å¥‡åŠ¨ç”»ç‰‡ #é‡çŒªä½©å¥‡,2024-11-22 16:36:17,å¼€å¿ƒç†ŠçŒ«,19852,1255,14322,https://p3-pc-sign.douyinpic.com/tos-cn-p-0015/o0NRBf0kBAFzincADAiQCPIooBCI8S6gwOeqEA~tplv-dy-360p.jpeg?biz_tag=pcweb_cover&card_type=153&column_n=0&from=327834062&l=202504170931417132EEF0E3FE525851DC&lk3s=138a59ce&s=PackSourceEnum_SEARCH&sc=origin_cover&se=false&x-expires=1746061200&x-signature=9ddqdO1jxYqFM9II1PuVfj1Mhu0%3D
7303759196267334964,#çƒ­é—¨åŠ¨ç”» #è„‘åŠ¨å¤§å¼€çš„åŠ¨ç”» #è¶£å‘³åŠ¨ç”» #åŠ¨ç”»çŸ­ç‰‡æ¨è #å°çŒªä½©å¥‡,2023-11-21 11:56:08,æç¬‘åŠ¨æ¼«Z,10289,587,6304,https://p3-pc-sign.douyinpic.com/tos-cn-p-0015/oY0zfBgBhAFU79UcIAolht8QCKrRyAANPAxegS~tplv-dy-360p.jpeg?biz_tag=pcweb_cover&card_type=153&column_n=0&from=327834062&l=202504170931417132EEF0E3FE525851DC&lk3s=138a59ce&s=PackSourceEnum_SEARCH&sc=origin_cover&se=false&x-expires=1746061200&x-signature=F8usKE%2BkuakTpbgO5th9IN9OK6w%3D
7461091492543679770,é‡çŒªä½©å¥‡ #äºŒæ¬¡å…ƒ #åŠ¨æ¼«æ¨è #ç‰µæ‰‹ #å°çŒªä½©å¥‡ #é‡çŒªä½©å¥‡,2025-01-18 11:26:22,æç¬‘åŠ¨æ¼«Z,896,18,427,https://p3-pc-sign.douyinpic.com/tos-cn-p-0015/oMWFsAB3Qp9Cu8fqcfoPLQxnn2GHvDEWiBEgAA~tplv-dy-360p.jpeg?biz_tag=pcweb_cover&card_type=153&column_n=0&from=327834062&l=202504170931417132EEF0E3FE525851DC&lk3s=138a59ce&s=PackSourceEnum_SEARCH&sc=origin_cover&se=false&x-expires=1746061200&x-signature=nXRBwFy3UFZ8eGiiCKpdMej81wM%3D
7479305185035177242,#äº²å­äº’åŠ¨ #å„¿ç«¥ç›Šæ™º#å„¿ç«¥åŠ¨ç”»#3åˆ°6å²å„¿ç«¥ç›Šæ™ºæ—©æ•™åŠ¨ç”» #å¥¥ç‰¹æ›¼å„¿ç«¥åŠ¨ç”»ç‰‡ #å¥¥ç‰¹æ›¼åŠ¨ç”»ç‰‡å„¿ç«¥3-6å²,2025-03-08,ä¸€åªçŒ«å›¢å­,4,0,0,https://p9-pc-sign.douyinpic.com/tos-cn-p-0015/okGAfPFy9EDqnkCAR4tgfCEsnLIR9R1ACTI91B~tplv-dy-cropcenter:323:430.jpeg?biz_tag=pcweb_cover&from=327834062&lk3s=138a59ce&s=PackSourceEnum_SEARCH&sc=cover&se=true&sh=323_430&x-expires=2060211600&x-signature=1J71rJLq1nS%2Bv7WKmulhhm5Zblw%3D
7387985458208214287,#å„¿ç«¥å¯è’™æ—©æ•™ç›Šæ™ºåŠ¨ç”»ç‰‡ #3-6å²å„¿ç«¥èµ›ç½—åŠ¨ç”»è§†é¢‘ #å¥¥ç‰¹æ›¼å„¿ç«¥åŠ¨ç”»ç‰‡ #å°‘å„¿ç›Šæ™ºåŠ¨æ¼«æ¨è #è´åˆ©äºšå¥¥ç‰¹æ›¼,2024-07-05 11:16:58,éŸ¦é›ªå„¿,2515,15,1055,https://p3-pc-sign.douyinpic.com/tos-cn-p-0015/oI7REMEIIAgmd9hflZFCHXOeabRoMAAPDB29Ao~tplv-dy-360p.jpeg?biz_tag=pcweb_cover&card_type=153&column_n=0&from=327834062&l=20250417093222EC66B958DFF5D95B0918&lk3s=138a59ce&s=PackSourceEnum_SEARCH&sc=origin_cover&se=false&x-expires=1746061200&x-signature=Nx%2B0logB7u6IC3QgcedB7JhF8CY%3D
7484861829718592805,#å¥¥ç‰¹æ›¼å„¿ç«¥åŠ¨ç”»ç‰‡ #3åˆ°6å²å„¿ç«¥ç›Šæ™ºæ—©æ•™åŠ¨ç”» #äº²å­äº’åŠ¨ #å¯è’™æ—©æ•™ #è¶£å‘³è‹±è¯­,2025-03-23 12:47:05,å°æ¨±ğŸ‘,5325,17,1938,https://p3-pc-sign.douyinpic.com/tos-cn-p-0015/oQQrwDG9gLANgnCv8FIa9JBFBHyfe7KfPiK9AE~tplv-dy-360p.jpeg?biz_tag=pcweb_cover&card_type=153&column_n=0&from=327834062&l=20250417093223F32C780A78D7B05912F8&lk3s=138a59ce&s=PackSourceEnum_SEARCH&sc=origin_cover&se=false&x-expires=1746061200&x-signature=jXs2kc0GhuHBPOTrRf%2BjbMrIHQM%3D
7478190592019729701,#å„¿ç«¥å¯è’™æ—©æ•™ç›Šæ™ºåŠ¨ç”»ç‰‡ #3åˆ°6å²å„¿ç«¥ç›Šæ™ºæ—©æ•™åŠ¨ç”» #å¯è’™æ—©æ•™,2025-03-05,è‚¥è‚¥çš„å§å•¦,3409,0,0,https://p3-pc-sign.douyinpic.com/tos-cn-p-0015/ogfF3edNxBAigXpEBInG6bA7ES9gsnVYBA9HiH~tplv-dy-cropcenter:323:430.jpeg?biz_tag=pcweb_cover&from=327834062&lk3s=138a59ce&s=PackSourceEnum_SEARCH&sc=cover&se=true&sh=323_430&x-expires=2060211600&x-signature=dQz5hnhKZyQofbcTWbKvfiZHZDU%3D
7452992546281639205,#å„¿ç«¥å¯è’™æ—©æ•™ç›Šæ™ºåŠ¨ç”»ç‰‡ #å°‘å„¿ç›Šæ™ºåŠ¨æ¼«æ¨è #3åˆ°6å²å„¿ç«¥ç›Šæ™ºæ—©æ•™åŠ¨ç”» #å¯è’™æ—©æ•™ #å„¿ç«¥å¯è’™,2024-12-27 15:38:09,ç‘ç‘æ—©æ•™,105012,1271,45463,https://p3-pc-sign.douyinpic.com/tos-cn-p-0015/ocTBISZuAuKBWowRQViA72dYIpBxW5EIPviF7~tplv-dy-360p.jpeg?biz_tag=pcweb_cover&card_type=153&column_n=0&from=327834062&l=2025041709324932D71F3869357A5F8B31&lk3s=138a59ce&s=PackSourceEnum_SEARCH&sc=origin_cover&se=false&x-expires=1746061200&x-signature=tdN1O%2B1PnNAFEeF8HIjgyfFUhow%3D
7492877653809188153,#3-6å²å„¿ç«¥èµ›ç½—åŠ¨ç”»è§†é¢‘ #ä½ ç›¸ä¿¡å…‰å— #å¥¥ç‰¹æ›¼å„¿ç«¥åŠ¨ç”»ç‰‡,æœªçŸ¥æ—¶é—´,ç”¨æˆ·5027229921859,3,0,0,https://p3-pc-sign.douyinpic.com/tos-cn-i-0813c000-ce/oUEBiEEigA5AHDZ8EAAOifBweDfYnIAUREW9w4~tplv-dy-cropcenter:323:430.jpeg?biz_tag=pcweb_cover&from=327834062&lk3s=138a59ce&s=PackSourceEnum_SEARCH&sc=cover&se=true&sh=323_430&x-expires=2060211600&x-signature=NrdAHgYxdGNtgltVy5jgzjiMlhg%3D
7492668612600286474,#å„¿ç«¥åŠ¨ç”» #å¥¥ç‰¹æ›¼è¶£å‘³åŠ¨ç”» #3-6å²å„¿ç«¥èµ›ç½—åŠ¨ç”»è§†é¢‘ #å„¿ç«¥ç›Šæ™ºæ—©æ•™ #äº²å­äº’åŠ¨,2025-04-13 13:41:23,ç³–æœç½å­,7147,76,3518,https://p3-pc-sign.douyinpic.com/tos-cn-p-0015/ooJ7WngfvAIkuNDnBBezOpBOTiACiA1cltHIa5~tplv-dy-360p.jpeg?biz_tag=pcweb_cover&card_type=153&column_n=0&from=327834062&l=202504170933312E6D6C39C353BA5B3118&lk3s=138a59ce&s=PackSourceEnum_SEARCH&sc=origin_cover&se=false&x-expires=1746061200&x-signature=ujFFiJ9gXpONnZGmVSavR4drfDw%3D
7484467640472227108,#å¥¥ç‰¹æ›¼å„¿ç«¥åŠ¨ç”»ç‰‡ #3åˆ°6å²å„¿ç«¥ç›Šæ™ºæ—©æ•™åŠ¨ç”» #3åˆ°6å²å„¿ç«¥èµ›ç½—åŠ¨ç”»è§†é¢‘ #3-6å²å„¿ç«¥èµ›ç½—åŠ¨ç”»è§†é¢‘ #èµ›ç½—å¥¥ç‰¹æ›¼è§†é¢‘å¤§å…¨,2025-03-22 11:17:16,æµ·è¾¹çœ‹é›ªè½,18116,87,5508,https://p3-pc-sign.douyinpic.com/tos-cn-p-0015/owG9z3EmCyavEeN8ABbsKSgQDfAOFACVLB4niQ~tplv-dy-360p.jpeg?biz_tag=pcweb_cover&card_type=153&column_n=0&from=327834062&l=20250417093332B4BA84DD55CD6D5CF183&lk3s=138a59ce&s=PackSourceEnum_SEARCH&sc=origin_cover&se=false&x-expires=1746061200&x-signature=QiAnHLUzALIFpSY6DDvCuT6mO%2BE%3D
7486190308447767867,#æœ«æ—¥é€ƒç”Ÿ#ç¾éš¾ç‰‡ äººç±»åœ¨ç¾éš¾é¢å‰æ˜¯é‚£ä¹ˆçš„æ¸ºå° #æœ«æ—¥é€ƒç”Ÿ,2025-03-27 02:42:55,åšå®¢  å‰§åœº,2,0,0,https://p3-pc-sign.douyinpic.com/tos-cn-p-0015c000-ce/oAQfEFodArW9cDynIfSEd488rAEA5noewACkIv~tplv-dy-360p.jpeg?biz_tag=pcweb_cover&card_type=153&column_n=0&from=327834062&l=20250417093413D919F4C60A6AA75AB3FE&lk3s=138a59ce&s=PackSourceEnum_SEARCH&sc=origin_cover&se=false&x-expires=1746061200&x-signature=4Vb%2BTNBF6YRaTqz%2BIX51RSmBmm0%3D
7467898866025663801,#å®å®ç›Šæ™ºå°æ¸¸æˆ #å°çŒªä½©å¥‡å°æ¸¸æˆ #ç›Šæ™ºåŠ¨ç”»,2025-02-05,-ç¿»è‚šçš®çš„é±¼ğŸŸ,10,0,0,https://p3-pc-sign.douyinpic.com/tos-cn-p-0015c000-ce/osnkUFVAEQFIwJoc0Gf5uFYA9F42nDegEBfPCR~tplv-dy-cropcenter:323:430.jpeg?biz_tag=pcweb_cover&from=327834062&lk3s=138a59ce&s=PackSourceEnum_SEARCH&sc=cover&se=true&sh=323_430&x-expires=2060211600&x-signature=dXzsT%2F91DWmvoty3Cvav1c1lxU4%3D
7492745642427698458,,æœªçŸ¥æ—¶é—´,æ­¦è£…ç›´å‡é¸¡,0,0,0,https://p3-pc-sign.douyinpic.com/tos-cn-p-0015/okLFABCUIJ7a3Rw99frE3Q5nPQlKUDfxeAEAAB~tplv-dy-cropcenter:323:430.jpeg?biz_tag=pcweb_cover&from=327834062&lk3s=138a59ce&s=PackSourceEnum_SEARCH&sc=cover&se=true&sh=323_430&x-expires=2060211600&x-signature=6fMvOqsxlnjCzTC3PRz%2FZXOOKzE%3D
7482054505907883274,#æç¬‘é…éŸ³#å°çŒªä½©å¥‡,2025-03-15,70å²è€äººåšæŒå”±æ­Œ,59,0,0,https://p3-pc-sign.douyinpic.com/tos-cn-p-0015/o06PIfHkBAslC7k9AQLUqMGGZenG3hzIBBCerg~tplv-dy-resize-origshort-autoq-75:330.jpeg?biz_tag=pcweb_cover&card_type=153&column_n=0&from=327834062&lk3s=138a59ce&s=PackSourceEnum_SEARCH&sc=cover&se=false&x-expires=2060211600&x-signature=U3gBRoHeM8khx5pNF5KIBE83po0%3D
7473843151141211411,é‡çŒªä½©å¥‡ä¹‹ä¸€èº«åéª¨ #å°çŒªä½©å¥‡ #é‡çŒªä½©å¥‡,2025-02-21,æŠ½è±¡éœ¸éœ¸,3,0,0,https://p3-pc-sign.douyinpic.com/image-cut-tos-priv/bb2bb8490faed966082b377691761380~tplv-dy-resize-origshort-autoq-75:330.jpeg?biz_tag=pcweb_cover&card_type=153&column_n=0&from=327834062&lk3s=138a59ce&s=PackSourceEnum_SEARCH&sc=cover&se=false&x-expires=2060211600&x-signature=ntjuB5OcIljLJb3V8M70RmR5BNQ%3D
7468848314323062057,#å°çŒªä½©å¥‡ #å°çŒªä½©å¥‡é…éŸ³è§†é¢‘ #é‡çŒªä½©å¥‡,2025-02-08 09:06:32,å†¯æ±¤å§†,2977,51,1379,https://p3-pc-sign.douyinpic.com/tos-cn-p-0015/oMb0Bf8DAiHCIhrXYAzgiBTmIRe1AgCK6A35cr~tplv-dy-360p.jpeg?biz_tag=pcweb_cover&card_type=153&column_n=0&from=327834062&l=202504170935509A6D29DC7015C55B496F&lk3s=138a59ce&s=PackSourceEnum_SEARCH&sc=origin_cover&se=false&x-expires=1746061200&x-signature=RQTKJnMhRywSAmsAjG6%2FoiYSAIQ%3D
7467058417874652473,#é‡çŒªä½©å¥‡,2025-02-03 13:20:41,à¼‡à¼ƒå¹¿å¿—à¼†à¼ƒ,9,0,1,https://p3-pc-sign.douyinpic.com/tos-cn-p-0015c000-ce/oYBBgifkBGHCziLAol0CAOeRi0IEUIQwea2Nt6~tplv-dy-360p.jpeg?biz_tag=pcweb_cover&card_type=153&column_n=0&from=327834062&l=202504170935509A6D29DC7015C55B496F&lk3s=138a59ce&s=PackSourceEnum_SEARCH&sc=origin_cover&se=false&x-expires=1746061200&x-signature=UqBT1myny9Yd1jL%2FW2Bq4etojZk%3D
7470154847703026985,#é‡çŒªä½©å¥‡ #è‚ºé›¾,2025-02-11 21:36:09,æ±—æ°´,41,5,19,https://p3-pc-sign.douyinpic.com/tos-cn-p-0015/owurGlzZRTPP56RitmkJpcIUBAIZQi2RWA1AI~tplv-dy-360p.jpeg?biz_tag=pcweb_cover&card_type=153&column_n=0&from=327834062&l=202504170935509A6D29DC7015C55B496F&lk3s=138a59ce&s=PackSourceEnum_SEARCH&sc=origin_cover&se=false&x-expires=1746061200&x-signature=%2FcLn%2B9HqgqQOl%2BhU1zdT7%2Fh1BMw%3D
7462976760896818466,å°çŒªä½©å¥‡ï¼šä½©å¥‡ä¸€è§‰é†’æ¥ï¼Œå‘ç°å¼Ÿå¼Ÿæˆäº†æ¯’æ¶² #åŸåˆ›åŠ¨ç”» #è„‘æ´å¤§å¼€ #å°çŒªä½©å¥‡é…éŸ³è§†é¢‘,2025-01-23 13:25:49,ç¨ç±³åŠ¨æ¼«åŸ,845,37,559,https://p3-pc-sign.douyinpic.com/tos-cn-p-0015/oIIO8eBzFyR0liDm8QWBtgAACtAfALzCZIwaiO~tplv-dy-360p.jpeg?biz_tag=pcweb_cover&card_type=153&column_n=0&from=327834062&l=202504170935509A6D29DC7015C55B496F&lk3s=138a59ce&s=PackSourceEnum_SEARCH&sc=origin_cover&se=false&x-expires=1746061200&x-signature=OqHsVr2EoS9mb%2For9924bODUi0s%3D
7463758455258549541,#è¿™ä¹Ÿå¤ªå¥½çœ‹äº† #å°çŒªä½©å¥‡ #é‡çŒªä½©å¥‡ #åŠ¨ç”»ç‰‡  åªçŒªä¾ å¯¹å†³æ¯’æ¶²,2025-01-25 15:55:31,æ¸…é£å¾å¾,58,2,34,https://p9-pc-sign.douyinpic.com/tos-cn-p-0015/oMnmIUDAADEXKgS4lmKBfFP2BACrRIzf9JlobA~tplv-dy-360p.jpeg?biz_tag=pcweb_cover&card_type=153&column_n=0&from=327834062&l=202504170935525592947BC2DDC95C0F9A&lk3s=138a59ce&s=PackSourceEnum_SEARCH&sc=origin_cover&se=false&x-expires=1746061200&x-signature=dfnLQyKzgeWq8NgqFwnH1jAYRzg%3D
7490399455397596416,#å„¿ç«¥å¯è’™ç›Šæ™ºåŠ¨ç”»0åˆ°3å²æ—©æ•™è¶…çº§å®è´jojo #3åˆ°6å²å„¿ç«¥ç›Šæ™ºæ—©æ•™åŠ¨ç”» #å¥¥ç‰¹æ›¼å„¿ç«¥åŠ¨ç”»ç‰‡ #èŒå¨ƒ #å„¿ç«¥æ‰‹å·¥ç©å…·,2025-04-09,çµçŠ€ä¸€æŒ‡,426,0,0,https://p3-pc-sign.douyinpic.com/tos-cn-i-dy/564f49be85524ec5b7e24e15d7af7b9a~tplv-dy-cropcenter:323:430.jpeg?biz_tag=pcweb_cover&from=327834062&lk3s=138a59ce&s=PackSourceEnum_SEARCH&sc=cover&se=true&sh=323_430&x-expires=2060211600&x-signature=46QsfGrPSbg4eiIncGCgGvsFhMo%3D
7489717623651945763,#å¥¥ç‰¹æ›¼å„¿ç«¥åŠ¨ç”»ç‰‡ #äº²å­äº’åŠ¨ #å„¿ç«¥åŠ¨ç”» #å„¿ç«¥ç©å…· #å„¿ç«¥å¯è’™ç›Šæ™ºåŠ¨ç”»0åˆ°3å²æ—©æ•™è¶…çº§å®è´jojo,2025-04-09 06:42:00,ç†Šç†Šæ—©æ•™,1013,4,400,https://p3-pc-sign.douyinpic.com/tos-cn-p-0015/osAOzBCDnB156yoFEwfNnAQpAAwwf8ZgP9QDbk~tplv-dy-360p.jpeg?biz_tag=pcweb_cover&card_type=153&column_n=0&from=327834062&l=2025041709362056C39F0BA5EFE45BF9D8&lk3s=138a59ce&s=PackSourceEnum_SEARCH&sc=origin_cover&se=false&x-expires=1746061200&x-signature=3jDIqbCW6ryZ72FdanKohbgwIJM%3D
7477092695912008997,#å„¿ç«¥åŠ¨ç”» #å„¿ç«¥å¯è’™æ—©æ•™ç›Šæ™ºåŠ¨ç”»ç‰‡ #å„¿ç«¥å¯è’™ç›Šæ™ºåŠ¨ç”»0åˆ°3å²æ—©æ•™è¶…çº§å®è´jojo,2025-03-02 14:18:51,å½¤å½¤åŠ¨æ¼«,8897,108,3735,https://p3-pc-sign.douyinpic.com/tos-cn-p-0015/oMffIHw7QLEXzWeAXAMQDYe0sAfmMEEBH88QpQ~tplv-dy-360p.jpeg?biz_tag=pcweb_cover&card_type=153&column_n=0&from=327834062&l=20250417093622E755E523E20155586697&lk3s=138a59ce&s=PackSourceEnum_SEARCH&sc=origin_cover&se=false&x-expires=1746061200&x-signature=N4QGmWwljroODc%2BmI11mTroAKFM%3D
7455712291300937020,#å„¿ç«¥å¯è’™ç›Šæ™ºåŠ¨ç”»0åˆ°3å²æ—©æ•™è¶…çº§å®è´jojo #å„¿ç«¥åŠ¨ç”» #å¥¥ç‰¹æ›¼å„¿ç«¥åŠ¨ç”»ç‰‡ #å„¿ç«¥ç©å…· #äº²å­äº’åŠ¨,2025-01-04 09:14:00,å›¾å›¾å¯è’™åŠ¨ç”»ç‰‡,6751,44,2710,https://p3-pc-sign.douyinpic.com/tos-cn-p-0015c000-ce/oYeZXkhjAOvfggIiBBBL8BCGC4f08g7wU68AMJ~tplv-dy-360p.jpeg?biz_tag=pcweb_cover&card_type=153&column_n=0&from=327834062&l=20250417093622E755E523E20155586697&lk3s=138a59ce&s=PackSourceEnum_SEARCH&sc=origin_cover&se=false&x-expires=1746061200&x-signature=EquhbU0%2Fg0wPKi0BFB2O3pC9OL0%3D
7482677578499755276,#æ—©æ•™å¯è’™ç›Šæ™ºåŠ¨ç”» #0åˆ°3å²å¹¼å„¿æ—©æ•™ç›Šæ™ºåŠ¨ç”»å¤§å…¨ #å„¿ç«¥è§†é¢‘,2025-03-17,æœˆå›­åŠ¨ç”»,6985,0,0,https://p3-pc-sign.douyinpic.com/tos-cn-p-0015/o0E87VgJWiT5ODrnASCMIzEXfeAzIBAN7Bw91i~tplv-dy-cropcenter:323:430.jpeg?biz_tag=pcweb_cover&from=327834062&lk3s=138a59ce&s=PackSourceEnum_SEARCH&sc=cover&se=true&sh=323_430&x-expires=2060211600&x-signature=ffauBNdjRsWhTnPDMkHMwBYMY9Y%3D
7477780972419779879,#0åˆ°3å²å¹¼å„¿æ—©æ•™ç›Šæ™ºåŠ¨ç”»å¤§å…¨ #å°å­©å­çœ‹çš„å„¿ç«¥è§†é¢‘ #å¥¥ç‰¹æ›¼å„¿ç«¥åŠ¨ç”»ç‰‡,2025-03-04,æ ‘è›™å¥¥ç‰¹æ›¼,1,0,0,https://p3-pc-sign.douyinpic.com/tos-cn-p-0015/o8BGNC7aIBL4zEiQkfeaAm9A4UGQzg3HA1A8iz~tplv-dy-cropcenter:323:430.jpeg?biz_tag=pcweb_cover&from=327834062&lk3s=138a59ce&s=PackSourceEnum_SEARCH&sc=cover&se=true&sh=323_430&x-expires=2060211600&x-signature=OgHGykNDws6BicA3d2RsLerThUQ%3D
7374290276958981427,#èµ›ç½—å¥¥ç‰¹æ›¼è§†é¢‘å¤§å…¨ #å¥¥ç‰¹æ›¼å„¿ç«¥åŠ¨ç”»ç‰‡ #å„¿ç«¥å¯è’™æ—©æ•™ç›Šæ™ºåŠ¨ç”»ç‰‡ #è´åˆ©äºšå¥¥ç‰¹æ›¼ #å°‘å„¿ç›Šæ™ºåŠ¨æ¼«æ¨è,2024-05-29,æ­£èƒ½é‡ç¾½æ²«,9480,0,0,https://p3-pc-sign.douyinpic.com/tos-cn-p-0015/oQl1AW2IvgT7JEviEOF1SIAAQPiBsdBp9ZaUo~tplv-dy-cropcenter:323:430.jpeg?biz_tag=pcweb_cover&from=327834062&lk3s=138a59ce&s=PackSourceEnum_SEARCH&sc=cover&se=true&sh=323_430&x-expires=2060211600&x-signature=NWL30u6C5YrcKo41PmjqWwA9gGo%3D
7460332593096002876,#å„¿ç«¥çˆ±çœ‹çš„å°è§†é¢‘ #3åˆ°6å²å„¿ç«¥ç›Šæ™ºæ—©æ•™åŠ¨ç”» #å„¿ç«¥å¯è’™æ—©æ•™ç›Šæ™ºåŠ¨ç”»ç‰‡ #æç¬‘,2025-01-16,ç”¨æˆ·1490743346229,1,0,0,https://p3-pc-sign.douyinpic.com/tos-cn-p-0015c000-ce/ok7ClLJiDTReEaE6iPf6Aw8Q9iQBgfS0GN2ZIg~tplv-dy-cropcenter:323:430.jpeg?biz_tag=pcweb_cover&from=327834062&lk3s=138a59ce&s=PackSourceEnum_SEARCH&sc=cover&se=true&sh=323_430&x-expires=2060211600&x-signature=TTYv7IFWDCxY7njWKYGd3sznAig%3D
7486412333011537171,#èµ›ç½—å¥¥ç‰¹æ›¼ #æ—©æ•™åŠ¨ç”» #æ—©æ•™å¯è’™ç›Šæ™ºåŠ¨ç”» #å¥¥ç‰¹æ›¼å„¿ç«¥åŠ¨ç”»ç‰‡,2025-03-27 17:03:35,ä»”ä»”æ£’,5703,31,2047,https://p3-pc-sign.douyinpic.com/tos-cn-p-0015/oUM1CfRqDAjnFfJAulEFRDQG5BDQs0jg8n98QA~tplv-dy-360p.jpeg?biz_tag=pcweb_cover&card_type=153&column_n=0&from=327834062&l=20250417093724E174722EB309C759E6A5&lk3s=138a59ce&s=PackSourceEnum_SEARCH&sc=origin_cover&se=false&x-expires=1746061200&x-signature=KL8p0p4SfZ6VlvsNAmttSBZsgzw%3D
7451810193228303673,#æˆ‘åœ¨æŠ–éŸ³çœ‹åŠ¨ç”» #å„¿ç«¥åŠ¨ç”» #åŠ¨ç”»çŸ­ç‰‡ #äºŒæ¬¡å…ƒåŠ¨æ¼« #åŠ¨ç”»,2024-12-24 11:09:54,æ²æ²,1295,24,438,https://p3-pc-sign.douyinpic.com/tos-cn-p-0015c000-ce/oIeeqPRAJBCIyYgQnRGT8OIg1I0s4J7qELfBVY~tplv-dy-360p.jpeg?biz_tag=pcweb_cover&card_type=153&column_n=0&from=327834062&l=20250417093725D1B29F32F679065CBBF0&lk3s=138a59ce&s=PackSourceEnum_SEARCH&sc=origin_cover&se=false&x-expires=1746061200&x-signature=BxeDgCh%2BDkAoqVyW8hc2tqIylAw%3D
7415120846949305638,#å„¿ç«¥å¯è’™æ—©æ•™ç›Šæ™ºåŠ¨ç”»ç‰‡ #å°‘å„¿ç›Šæ™ºåŠ¨æ¼«æ¨è #3åˆ°6å²å„¿ç«¥ç›Šæ™ºæ—©æ•™åŠ¨ç”» #å„¿ç«¥åŠ¨ç”»,2024-09-16,æŒ½æ˜Ÿï¼ˆå…‘æ¢ç ï¼‰,2,0,0,https://p9-pc-sign.douyinpic.com/tos-cn-p-0015/oIAAizmQP8DDfBmmgLDl8fENFAA9nD5ojMlWtI~tplv-dy-cropcenter:323:430.jpeg?biz_tag=pcweb_cover&from=327834062&lk3s=138a59ce&s=PackSourceEnum_SEARCH&sc=cover&se=true&sh=323_430&x-expires=2060211600&x-signature=ZGnjo4RlZwaYyPd3cFauwVzB8Lw%3D
7476758667132521766,#äº²å­äº’åŠ¨ #å„¿ç«¥å¯è’™æ—©æ•™ç›Šæ™ºåŠ¨ç”»ç‰‡ #3åˆ°6å²å„¿ç«¥ç›Šæ™ºæ—©æ•™åŠ¨ç”» #å„¿ç«¥åŠ¨ç”» #å¯è’™æ—©æ•™,2025-03-01,å°ä½³èŒå¯è’™ä¹å›­,5,0,0,https://p3-pc-sign.douyinpic.com/tos-cn-p-0015/ogseNFDn9AA2iI27ECEE4gBAyBIgGjM8wnfGFP~tplv-dy-cropcenter:323:430.jpeg?biz_tag=pcweb_cover&from=327834062&lk3s=138a59ce&s=PackSourceEnum_SEARCH&sc=cover&se=true&sh=323_430&x-expires=2060211600&x-signature=VtMjMuntWpgkXmB258immwkGXTg%3D
7476339879358631179,#3åˆ°6å²å„¿ç«¥ç›Šæ™ºæ—©æ•™åŠ¨ç”» #å„¿ç«¥çˆ±çœ‹çš„å°è§†é¢‘ #å°å®å®çˆ±çœ‹çš„è§†é¢‘ç©å…· #å¯è’™æ—©æ•™ #è¶…çº§èŒå¨ƒ,2025-02-28 13:37:35,åœ†åœ†åŠ¨ç”»é¦†,3889,20,1559,https://p3-pc-sign.douyinpic.com/tos-cn-p-0015/o8Ft6zknwAnlAzkBEegUz9SBNbBfIdBEApZgID~tplv-dy-360p.jpeg?biz_tag=pcweb_cover&card_type=153&column_n=0&from=327834062&l=202504170937531D0A4E680E21C85BB72F&lk3s=138a59ce&s=PackSourceEnum_SEARCH&sc=origin_cover&se=false&x-expires=1746061200&x-signature=skCGzQk6AbMX0w9XUuBnnewqCfs%3D
7478191962642730281,å°æœ‹å‹å®å®çˆ±çœ‹çš„æç¬‘è§†é¢‘ å°æœ‹å‹éƒ½çˆ±çœ‹ #äº²å­äº’åŠ¨ #å°å­©å­çˆ±çœ‹çš„è§†é¢‘ #3åˆ°6å²å„¿ç«¥ç›Šæ™ºæ—©æ•™åŠ¨ç”» #å“ˆå“ˆå“ˆçš®ä¸€ä¸‹å¼€å¿ƒä¸€ä¸‹   å“ˆå“ˆè¡¨å“¥,2025-03-05 13:26:45,ç¥ˆç¥ˆå„¿ç«¥åŠ¨ç”»ç‰‡,3943,21,1590,https://p3-pc-sign.douyinpic.com/tos-cn-p-0015/osDjGejrBIHGQJ4DRDPALCGHQY78AXeCHBcehF~tplv-dy-360p.jpeg?biz_tag=pcweb_cover&card_type=153&column_n=0&from=327834062&l=20250417093754D6ED15CB55C38E5C201E&lk3s=138a59ce&s=PackSourceEnum_SEARCH&sc=origin_cover&se=false&x-expires=1746061200&x-signature=mSrGKuobRg2OUuMHKJV%2FbkH6Ixk%3D
7440371394170473786,#å„¿ç«¥æ—©æ•™åŠ¨ç”»è§†é¢‘ #0åˆ°3å²å¹¼å„¿æ—©æ•™ç›Šæ™ºåŠ¨ç”»å¤§å…¨ #æ—©æ•™å¯è’™ç›Šæ™ºåŠ¨ç”»,2024-11-23,èŒ‚å¨Ÿè¨ç™¾è´§,8864,0,0,https://p3-pc-sign.douyinpic.com/tos-cn-p-0015c000-ce/oMUDFCkYwBnQhNQBQGfrEfoe8ggnOQAylJB7gr~tplv-dy-cropcenter:323:430.jpeg?biz_tag=pcweb_cover&from=327834062&lk3s=138a59ce&s=PackSourceEnum_SEARCH&sc=cover&se=true&sh=323_430&x-expires=2060211600&x-signature=rujeceYv9qIZx0ZTFZkZphsT1mc%3D
7493824235983392051,#å“ªå’é—¹æµ· #å“ªå’ #å“ªå’æ•–ä¸™ #æ•–æ¶¦ #å“ªå’ä¹‹é­”ç«¥é—¹æµ·,æœªçŸ¥æ—¶é—´,çˆ±åƒçš„å°ç¾Š,3,0,0,https://p9-pc-sign.douyinpic.com/tos-cn-p-0015/oEJfGeEtHIpoQYabJEfALJzfIXstA9fgvETKib~tplv-dy-cropcenter:323:430.jpeg?biz_tag=pcweb_cover&from=327834062&lk3s=138a59ce&s=PackSourceEnum_SEARCH&sc=cover&se=true&sh=323_430&x-expires=2060211600&x-signature=yMckHvieHwhhg747KlmBxSYOBYc%3D
7492457711490043173,#å“ªå’åŠ¨ç”»ç‰‡å„¿ç«¥è§†é¢‘3-6å² #å„¿ç«¥åŠ¨ç”» #å“ªå’,æœªçŸ¥æ—¶é—´,ç³–ç³–ğŸ¬,292,0,0,https://p3-pc-sign.douyinpic.com/tos-cn-p-0015/oQtyE0geA537AIQqPTQ7BEFoB7B6EofjCsDuDf~tplv-dy-cropcenter:323:430.jpeg?biz_tag=pcweb_cover&from=327834062&lk3s=138a59ce&s=PackSourceEnum_SEARCH&sc=cover&se=true&sh=323_430&x-expires=2060211600&x-signature=3AUMMHEvy79lLWw4BGg6brAEgMw%3D
7492673334384037154,#å„¿ç«¥åŠ¨ç”» #å“ªå’åŠ¨ç”»ç‰‡å„¿ç«¥è§†é¢‘3-6å² #å„¿ç«¥è§†é¢‘#çƒ­é—¨ @æŠ–éŸ³çƒ­æ¦œğŸ”¥ @æˆ‘è¦ä¸Šçƒ­é—¨,2025-04-13 13:59:36,æ©™å­å°å°è§£è¯´,467,20,278,https://p3-pc-sign.douyinpic.com/tos-cn-p-0015/o8tPeDD8QBCEdfsBfBAAQr6FJ17cECUKsj77GU~tplv-dy-360p.jpeg?biz_tag=pcweb_cover&card_type=153&column_n=0&from=327834062&l=20250417094737CBA584AE74C8A15CA042&lk3s=138a59ce&s=PackSourceEnum_SEARCH&sc=origin_cover&se=false&x-expires=1746061200&x-signature=a%2FTomSVJObepeL57tCltZS%2B253E%3D
7482923669367311655,åªé˜³å†ç”Ÿäººï¼šæ¡‚æ—å¥³å­åˆ†ç¦»å‡º6çµé­‚ï¼Œè¯¦å°½æè¿°é»„æ³‰è·¯çš„åœºæ™¯ åªé˜³å†ç”Ÿäººï¼šæ¡‚æ—å¥³å­åˆ†ç¦»å‡º6çµé­‚ï¼Œè¯¦å°½æè¿°é»„æ³‰è·¯çš„åœºæ™¯#å†ç”Ÿäºº #åªé˜³å†ç”Ÿäºº #è½¬ä¸–è½®å› #æœªè§£ä¹‹è°œ #å†…å®¹å¯å‘æœç´¢,2025-03-18,å®‡å®™çŒå¥‡,13,0,0,https://p3-pc-sign.douyinpic.com/image-cut-tos-priv/8f4b716cf07a2143056d58c96f021004~tplv-dy-resize-origshort-autoq-75:330.jpeg?biz_tag=pcweb_cover&card_type=153&column_n=0&from=327834062&lk3s=138a59ce&s=PackSourceEnum_SEARCH&sc=cover&se=false&x-expires=2060211600&x-signature=BzQ5PdccJcx6GIXuGtOmCnmBiPA%3D
7487532881678552371,ç¬¦ç®“å¥‡é‡ï¼Œæ‚Ÿæ€§æ— åŒï¼Œä¸è¯†å­—çš„å°è€—å­åˆæ‚Ÿäº†ã€‚ #æ²™é›•åŠ¨ç”» #åŸåˆ›åŠ¨ç”» #æç¬‘ #å†…å®¹å¯å‘æœç´¢,2025-03-30,èŠéº»è›‹ä»”,7,0,0,https://p3-pc-sign.douyinpic.com/image-cut-tos-priv/7dcf9b2cf5ee65b421cbf7b7c5a2dada~tplv-dy-resize-origshort-autoq-75:330.jpeg?biz_tag=pcweb_cover&card_type=153&column_n=0&from=327834062&lk3s=138a59ce&s=PackSourceEnum_SEARCH&sc=cover&se=false&x-expires=2060211600&x-signature=KdmECAfpmo3eRpYihvLBA549HvQ%3D
7486369757059484955,ä¸­å›½å¯Œå•†ä¸æ³•å›½å°‘å¥³çš„ç•¸å½¢çˆ±æ‹ï¼Œç«Ÿè®©ä»–ä»¬é“­è®°äº†ä¸€ç”Ÿã€‚ã€Šæƒ…äººã€‹ #ç”µå½± #ä¸€å‰ªåˆ°åº• #å†…å®¹å¯å‘æœç´¢ #æŠ–éŸ³åˆ›ä½œå­£,2025-03-27 17:00:00,å°æœºçµè¯´ç”µå½±,305959,37779,31046,https://p3-pc-sign.douyinpic.com/tos-cn-p-0015/o4FIltNn5ApeAciAEi4Oj97BCjkfInEaAM2gID~tplv-dy-360p.jpeg?biz_tag=pcweb_cover&card_type=153&column_n=0&from=327834062&l=202504170948133E8D68C04D64BC5CE534&lk3s=138a59ce&s=PackSourceEnum_SEARCH&sc=origin_cover&se=false&x-expires=1746061200&x-signature=%2BKIjhrYEicZzPg3%2BiBqZpEkgs4w%3D
7487619532857642297,#å†…å®¹å¯å‘æœç´¢ #å±±è¥¿douçŸ¥é“ #å› å¼€è½¦çº çº·è¾±éª‚å¯¹æ–¹çš„å¥³å­è¢«åœèŒ #å¤§é¸£ç™½è¯ #å¤§é¸£æ›²è‰º,2025-03-30 23:08:08,å¤§é¸£ç™½è¯ï¼ˆå¤§é¸£æ›²è‰ºï¼‰,8044,1501,468,https://p3-pc-sign.douyinpic.com/tos-cn-p-0015c000-ce/ocfdvVLe6CEFnxmQDQittMABF13wMnfCDA9SE3~tplv-dy-360p.jpeg?biz_tag=pcweb_cover&card_type=153&column_n=0&from=327834062&l=2025041709481409D8864803719E5A0404&lk3s=138a59ce&s=PackSourceEnum_SEARCH&sc=origin_cover&se=false&x-expires=1746061200&x-signature=DTREPQOuaJn7zvusNHdq%2Bo3swMs%3D
7483802256433843507,ç«¥å¹´é˜´å½±è¦ç”¨ä¸€ç”Ÿæ²»æ„ˆï¼ŒåˆºçŒ¬çš„å¿ƒåè€Œæ˜¯æœ€è„†å¼±çš„åœ°æ–¹ã€Šç»¿å¤´è‹è‡ã€‹ #ä¸€å‰ªåˆ°åº• #å†…å®¹å¯å‘æœç´¢ #ç”µå½±è§£è¯´,2025-03-20 16:16:32,é»˜é»˜è®²ç”µå½±,417594,72909,40515,https://p3-pc-sign.douyinpic.com/tos-cn-p-0015/o4rfvAEB5EJueQgPNtW8BCAfROQyckgK75McBD~tplv-dy-360p.jpeg?biz_tag=pcweb_cover&card_type=153&column_n=0&from=327834062&l=2025041709481409D8864803719E5A0404&lk3s=138a59ce&s=PackSourceEnum_SEARCH&sc=origin_cover&se=false&x-expires=1746061200&x-signature=fC8nKeJV6OSwkh5yICcFZ6Vw0fg%3D
7488208798583180570,24ä¸‘å°±ä¸‘å§é—ºå¥³ç”»çš„èƒ½æ€ä¹ˆåŠ#åŸåˆ›åŠ¨ç”» #åŸåˆ›ä½œå“ #å†…å®¹å¯å‘æœç´¢,2025-04-01,oå¿˜å¿§è‰,710,0,0,https://p3-pc-sign.douyinpic.com/image-cut-tos-priv/c8ed09ed8f89adefc13057183c054cb7~tplv-dy-resize-origshort-autoq-75:330.jpeg?biz_tag=pcweb_cover&card_type=153&column_n=0&from=327834062&lk3s=138a59ce&s=PackSourceEnum_SEARCH&sc=cover&se=false&x-expires=2060211600&x-signature=oHxA8fMfeJE8hkOAHP8vGVcMpmI%3D
7442175941234707772,#å„¿ç«¥åŠ¨ç”» #å„¿ç«¥å¯è’™æ—©æ•™ç›Šæ™ºåŠ¨ç”»ç‰‡ #ç›Šæ™ºåŠ¨ç”» #åŠ¨ç”»ç‰‡ #åŠ¨ç”»,2024-11-28 12:03:44,æ©™æ±å„¿,7,0,3,https://p3-pc-sign.douyinpic.com/tos-cn-p-0015c000-ce/o8eCRWnAJfCBj66wCK0967fWA4EiH6inwIHICI~tplv-dy-360p.jpeg?biz_tag=pcweb_cover&card_type=153&column_n=0&from=327834062&l=20250417094853EC3F870669493A5B7A57&lk3s=138a59ce&s=PackSourceEnum_SEARCH&sc=origin_cover&se=false&x-expires=1746061200&x-signature=xaMfWsGhm6sRJJXqiNdkXxRW6kE%3D
7493102366883859751,#3åˆ°6å²å„¿ç«¥ç›Šæ™ºæ—©æ•™åŠ¨ç”» #æç¬‘è§†é¢‘ #æŒ–æ˜æœºå„¿ç«¥è§†é¢‘3-6å²ç›Šæ™ºåŠ¨ç”»ç‰‡#äº²å­äº’åŠ¨ #ç›Šæ™ºç©å…·,æœªçŸ¥æ—¶é—´,å®å®è´è´,3,0,0,https://p3-pc-sign.douyinpic.com/tos-cn-p-0015/oMBGfyIAadAFWENsvz7qkff4RhDZBCYQLCdPD5~tplv-dy-cropcenter:323:430.jpeg?biz_tag=pcweb_cover&from=327834062&lk3s=138a59ce&s=PackSourceEnum_SEARCH&sc=cover&se=true&sh=323_430&x-expires=2060211600&x-signature=qErvcgsoXCbsfG18%2Bm9r9ilU890%3D
7484570627265809714,#å„¿ç«¥å·¥ç¨‹è½¦åŠ¨ç”»ç‰‡å¤§å…¨ #çœ‹ä¸€éç¬‘ä¸€é #æŒ–æ˜æœºæŒ–åœŸè§†é¢‘ #3åˆ°6å²å„¿ç«¥ç›Šæ™ºæ—©æ•™åŠ¨ç”» #æç¬‘è§†é¢‘,2025-03-22 17:56:54,ç›Šæ™ºå°é±¼ä»”,2486,16,997,https://p3-pc-sign.douyinpic.com/tos-cn-p-0015/oU3AQBEoW0Do9jgAlKTmFheAfnNFGnQAiDQW0I~tplv-dy-360p.jpeg?biz_tag=pcweb_cover&card_type=153&column_n=0&from=327834062&l=202504170950421505F1F7C6427A5EBD4F&lk3s=138a59ce&s=PackSourceEnum_SEARCH&sc=origin_cover&se=false&x-expires=1746061200&x-signature=q1vhYRci7gKy44mL5e0uyXwFxN0%3D
7454129533982117179,çˆ±èå…¬ä¸» #çˆ±èå…¬ä¸» #å†°é›ªå¥‡ç¼˜ #åŸåˆ›åŠ¨ç”» #è‰¾è #å„¿ç«¥åŠ¨ç”»,2024-12-30,èèåŠ¨ç”»,2,0,0,https://p9-pc-sign.douyinpic.com/tos-cn-i-0813c000-ce/ocTxsAA6nDEVeUTkEkFEwNDhAcA9yPAQIlfRem~tplv-dy-cropcenter:323:430.jpeg?biz_tag=pcweb_cover&from=327834062&lk3s=138a59ce&s=PackSourceEnum_SEARCH&sc=cover&se=true&sh=323_430&x-expires=2060211600&x-signature=3Hk3xaAcPwjEEPB%2FMrUBEaEcUPQ%3D
7470458930938858778,#çˆ±èå…¬ä¸» #å„¿ç«¥åŠ¨ç”» #å„¿ç«¥ç›Šæ™º #å¥¥ç‰¹æ›¼å„¿ç«¥åŠ¨ç”»ç‰‡ #ç›Šæ™ºåŠ¨ç”»,2025-02-12 17:16:24,æ²æµ´æ˜¥é£,524,6,269,https://p3-pc-sign.douyinpic.com/tos-cn-p-0015/osQsQCAf9ZSrAwDnHFa6fK3wkZqAJEvgCsGuB2~tplv-dy-360p.jpeg?biz_tag=pcweb_cover&card_type=153&column_n=0&from=327834062&l=2025041709511419DB1D6816004E5AF0B9&lk3s=138a59ce&s=PackSourceEnum_SEARCH&sc=origin_cover&se=false&x-expires=1746061200&x-signature=6aQBvuvmEL6qlKvn9uLEyBXBIKU%3D
7457823435599695116,çˆ±èå…¬ä¸»#è‰¾èå…¬ä¸»è§†é¢‘åŠ¨ç”»ç‰‡ #çˆ±èå„¿ç«¥åŠ¨ç”»ç‰‡å¤§å…¨ #è‰¾è #å„¿ç«¥ #å„¿ç«¥åŠ¨ç”»,2025-01-09 16:04:40,æµ©å“¥,7573,225,4245,https://p3-pc-sign.douyinpic.com/tos-cn-p-0015/oUIuDE2DQCAexQrfDdwA4O1fIELWXgfGwNHH0v~tplv-dy-360p.jpeg?biz_tag=pcweb_cover&card_type=153&column_n=0&from=327834062&l=2025041709511419DB1D6816004E5AF0B9&lk3s=138a59ce&s=PackSourceEnum_SEARCH&sc=origin_cover&se=false&x-expires=1746061200&x-signature=ejZBNFEbQhjuI%2F6vAolfgHtZ7mQ%3D
7435682022883953930,#å„¿ç«¥åŠ¨ç”» #çˆ±èå…¬ä¸» #å†°é›ªå¥‡ç¼˜ #å¥¥ç‰¹æ›¼å„¿ç«¥åŠ¨ç”»ç‰‡ #ç›Šæ™ºåŠ¨ç”»,2024-11-11 00:04:30,è‰¾èå…¬ä¸»,2833,114,1794,https://p3-pc-sign.douyinpic.com/tos-cn-p-0015/o8I5wzGASBGqZgeJpKIA4esAy24zjmBEjKO4ZC~tplv-dy-360p.jpeg?biz_tag=pcweb_cover&card_type=153&column_n=0&from=327834062&l=2025041709511419DB1D6816004E5AF0B9&lk3s=138a59ce&s=PackSourceEnum_SEARCH&sc=origin_cover&se=false&x-expires=1746061200&x-signature=U3VHNb0puR4yTW5wTG9y0k%2F5%2FlQ%3D
7363584847597571340,çˆ±èå…¬ä¸»æ‰æ˜¯å¥½çš„#çˆ±èå…¬ä¸» #å„¿ç«¥åŠ¨ç”» #å­¦ç”Ÿå…š #äºŒæ¬¡å…ƒ#åŠ¨ç”»ç‰‡å„¿ç«¥è§†é¢‘3-6å² #å†°é›ªå¥‡ç¼˜,2024-04-30 17:10:09,èµ›ç½—æ ¡é•¿,2498,199,1292,https://p3-pc-sign.douyinpic.com/tos-cn-p-0015/oMUgEbdUnABm8xoAvhDaLeQuMBDQDufg9Z9EUA~tplv-dy-360p.jpeg?biz_tag=pcweb_cover&card_type=153&column_n=0&from=327834062&l=2025041709511419DB1D6816004E5AF0B9&lk3s=138a59ce&s=PackSourceEnum_SEARCH&sc=origin_cover&se=false&x-expires=1746061200&x-signature=Q5A3uwy9TO0ipuG44F5zcSctgGI%3D
7482213204530072890,#è‰¾èå…¬ä¸»å†°é›ªå¥‡ç¼˜ #åŠ¨ç”»ç‰‡å„¿ç«¥è§†é¢‘3-6å²,2025-03-16 09:28:46,ç‹¬ä¸€æ— äºŒ,1659,38,789,https://p3-pc-sign.douyinpic.com/tos-cn-p-0015c000-ce/oEeBlipvirsBIViwzH4ABKxfMN4eCcA6WIEDiY~tplv-dy-360p.jpeg?biz_tag=pcweb_cover&card_type=153&column_n=0&from=327834062&l=2025041709511419DB1D6816004E5AF0B9&lk3s=138a59ce&s=PackSourceEnum_SEARCH&sc=origin_cover&se=false&x-expires=1746061200&x-signature=HBThUnvDiR8rKbkRUATSLatTS6g%3D
7435318615030664458,#ç›Šæ™ºåŠ¨ç”» #å¥¥ç‰¹æ›¼å„¿ç«¥åŠ¨ç”»ç‰‡ #3åˆ°6å²å„¿ç«¥ç›Šæ™ºæ—©æ•™åŠ¨ç”» #çˆ±èå…¬ä¸» #å„¿ç«¥åŠ¨ç”»,2024-11-10 00:34:18,è‰¾èå…¬ä¸»,6931,168,3397,https://p3-pc-sign.douyinpic.com/tos-cn-p-0015/oEe560C7EjOFX8B2PAx3ATC4Bq72BfBzMfAUxP~tplv-dy-360p.jpeg?biz_tag=pcweb_cover&card_type=153&column_n=0&from=327834062&l=20250417095115704FBE594869A85B3EC3&lk3s=138a59ce&s=PackSourceEnum_SEARCH&sc=origin_cover&se=false&x-expires=1746061200&x-signature=iScv8QOlP4TJjPzfjvL9uh02wRM%3D
7428885034322464026,#äºŒæ¬¡å…ƒ #çˆ±èå…¬ä¸» #å„¿ç«¥åŠ¨ç”» #å„¿ç«¥ç›Šæ™ºæ—©æ•™ #å„¿ç«¥ç›Šæ™º,2024-10-23 16:28:16,ç‚¸å¼¹çŒ«,2409,133,1271,https://p3-pc-sign.douyinpic.com/tos-cn-p-0015/os6WKGMlIAaT7uBBCBsI4fVXII07A8L4OYChfe~tplv-dy-360p.jpeg?biz_tag=pcweb_cover&card_type=153&column_n=0&from=327834062&l=20250417095115704FBE594869A85B3EC3&lk3s=138a59ce&s=PackSourceEnum_SEARCH&sc=origin_cover&se=false&x-expires=1746061200&x-signature=729oOu3ruYS7HVmWq2RKlNNyFj4%3D
7319050197684849946,#å°çŒªä½©å¥‡æç¬‘åŠ¨ç”» #å°çŒªä½©å¥‡åŠ¨ç”»ç‰‡ #éš”å£æ›´ç²¾å½© ,2024-01-01 16:53:29,ä¹…æœ¬åŠ¨æ¼«è§£è¯´,11471,571,4865,https://p3-pc-sign.douyinpic.com/tos-cn-p-0015/oUF2ZKnlkAOcAZOBEypns9fBCDkfQuqVA1cgQD~tplv-dy-360p.jpeg?biz_tag=pcweb_cover&card_type=153&column_n=0&from=327834062&l=2025041709514181CECF3766E30C5AD077&lk3s=138a59ce&s=PackSourceEnum_SEARCH&sc=origin_cover&se=false&x-expires=1746061200&x-signature=%2FXE47R00ramCc7KHwqqSYWh566w%3D
7252638468734553401,è¢«ä¸¢å¼ƒçš„ä½©å¥‡ï¼Œç«Ÿç„¶é ç€åƒåƒåœ¾é•¿åˆ°äº†å‡ ç™¾æ–¤#æˆ‘è¦ä¸Šçƒ­é—¨ #å®…å®¶douå‰§åœº @DOU+å°åŠ©æ‰‹,2023-07-06 17:41:37,é»˜é»˜è®²ç”µå½±,86590,5182,32205,https://p3-pc-sign.douyinpic.com/tos-cn-p-0015/3caa8069bc004251af8fefb796cc1ce7_1688636502~tplv-dy-360p.jpeg?biz_tag=pcweb_cover&card_type=153&column_n=0&from=327834062&l=2025041709514225D690DD66BFB859CB48&lk3s=138a59ce&s=PackSourceEnum_SEARCH&sc=origin_cover&se=false&x-expires=1746061200&x-signature=kqCD2F6kSeDdfuO32zZaXtY141A%3D
7486116682331786536,å„¿æ­Œå¤šå¤š100é¦–0åˆ°3å²å®å®æ—©æ•™å„¿æ­Œ100é¦–è”æ’­ã€Šå°å…”å­ä¹–ä¹–ã€‹ã€Šæ‹”èåœã€‹ã€Šå°å…”è¹¦è¹¦è·³ã€‹ã€Šå®è´å®è´ã€‹ã€Šæ•°é¸­å­ã€‹ã€Šå°æ¯›é©´ã€‹ã€Šå®å®ç¡è§‰ã€‹ã€Šå°é¸­å­å˜å˜å˜ã€‹ã€Šå°æ‰‹æ‹æ‹ã€‹ã€Šå°çŒ«æ€ä¹ˆå«ã€‹ã€Šå°ç¾Šæ€ä¹ˆå«ã€‹ã€Šå®å®å­¦è¯´è¯ã€‹ã€Šå°ç‹—æ±ªæ±ªå«ã€‹ã€Šå†°ç³–è‘«èŠ¦ã€‹ã€Šèœ—ç‰›ä¸é»„é¹‚é¸Ÿã€‹ã€Šå°åŠ¨ç‰©å«å£°ã€‹ã€Šå±±ä¸Šæœ‰è€è™ã€‹ ã€Šå°é¸­å­å˜å˜å˜ã€‹ã€Šä¸–ä¸Šåªæœ‰å¦ˆå¦ˆå¥½ã€‹#0åˆ°3å²æ—©æ•™å„¿æ­Œ #å„¿æ­Œ #å¯è’™æ—©æ•™ #å„¿æ­Œ100é¦–æœ€ç« #å®å®å„¿æ­Œ å®å®æ—©æ•™å„¿æ­Œ 1-3å²å„¿æ­Œ100é¦–æœ€ç« å¹¼å„¿å„¿æ­Œèˆè¹ˆ 1-3å²å®å®å„¿æ­Œ100é¦–æœ€ç« 0-3å²å„¿æ­Œ100,2025-03-26 21:56:26,å¼€å¿ƒå¥åº·å„¿æ­Œ,1800,5,694,https://p9-pc-sign.douyinpic.com/tos-cn-p-0015/os3InDexQCZBaUyC8IsGeBc76zALE9AACe1PQ0~tplv-dy-360p.jpeg?biz_tag=pcweb_cover&card_type=153&column_n=0&from=327834062&l=20250417095210CC5D10F9B8CD1059AEBD&lk3s=138a59ce&s=PackSourceEnum_SEARCH&sc=origin_cover&se=false&x-expires=1746061200&x-signature=PSb48wGh4PujjyQ61ltDMJ6vueg%3D
7482721294585220364,#å„¿ç«¥åŠ¨ç”»#äº²å­äº’åŠ¨#å„¿ç«¥åŠ¨ç”»#äº²å­äº’åŠ¨###3-6å²å„¿ç«¥ç¡å‰æ•…äº‹æ¨è,2025-03-17 18:20:38,ç³–æœå°ç‹å­,438,2,185,https://p3-pc-sign.douyinpic.com/tos-cn-p-0015/oY2dwAPaD6ICD9ejARgpI5iiSiTgJzX3BhAfBz~tplv-dy-360p.jpeg?biz_tag=pcweb_cover&card_type=153&column_n=0&from=327834062&l=2025041709532473307C244A80CB5EC826&lk3s=138a59ce&s=PackSourceEnum_SEARCH&sc=origin_cover&se=false&x-expires=1746061200&x-signature=g9j8fJaX8eZs1yENzTH6gZdC7hY%3D
7487058594769292595,#ä½©å¥‡æç¬‘åŠ¨ç”»ç‰‡ #å°çŒªä½©å¥‡ #å°çŒªä½©å¥‡å„¿ç«¥è§†é¢‘3-6å² #æç¬‘è§†é¢‘ #å°çŒªä½©å¥‡åŠ¨ç”»ç‰‡,2025-03-29 10:51:31,ğŸŒˆç³–æœå‘³çš„æ¢¦ğŸŒˆ ğŸ¬,445,20,283,https://p3-pc-sign.douyinpic.com/tos-cn-p-0015/oEDWnDfABPi2nFFAwv0BAhDfE5IAYIdg9NT5W9~tplv-dy-360p.jpeg?biz_tag=pcweb_cover&card_type=153&column_n=0&from=327834062&l=202504170954029645BFD98370495CCC5D&lk3s=138a59ce&s=PackSourceEnum_SEARCH&sc=origin_cover&se=false&x-expires=1746061200&x-signature=Iu9cUaTJkbde2kVbwlh6mZ7JCgk%3D
7453951792427191587,#æ„æƒ³ä¸åˆ°çš„ç»“å±€ #å„¿ç«¥è§†é¢‘ #å„¿ç«¥å·¥ç¨‹è½¦åŠ¨ç”»ç‰‡å¤§å…¨ #äº²å­äº’åŠ¨ #å„¿ç«¥ç›Šæ™º,2024-12-30,å°è˜‘è‡,2483,0,0,https://p3-pc-sign.douyinpic.com/tos-cn-i-dy/eaa73a44a08c4dd9a7bf9d2bf563b224~tplv-dy-cropcenter:323:430.jpeg?biz_tag=pcweb_cover&from=327834062&lk3s=138a59ce&s=PackSourceEnum_SEARCH&sc=cover&se=true&sh=323_430&x-expires=2060211600&x-signature=lS4V9d3DrL5p%2FGNLk61q%2FvwNwD0%3D
7481865674420260115,#å„¿ç«¥å·¥ç¨‹è½¦åŠ¨ç”»ç‰‡å¤§å…¨ #å„¿ç«¥å·¥ç¨‹è½¦åŠ¨ç”»ç‰‡å¤§å…¨ #å·¥ç¨‹è½¦ç©å…·#,2025-03-15,ç‰™ç‰™ç›Šæ™ºé¦†,2160,0,0,https://p3-pc-sign.douyinpic.com/tos-cn-p-0015/owkQAbUIMFQ7EFf6FL7fHoIKUGeUe3AUsCIAfQ~tplv-dy-cropcenter:323:430.jpeg?biz_tag=pcweb_cover&from=327834062&lk3s=138a59ce&s=PackSourceEnum_SEARCH&sc=cover&se=true&sh=323_430&x-expires=2060211600&x-signature=Mt%2FkeuexWR8A%2BlND1T7%2BNXTB3Rs%3D
7481869280577932553,#å·¥ç¨‹è½¦åŠ¨ç”»ç‰‡å¤§å…¨#å„¿ç«¥æŒ–æ˜æœºåŠ¨ç”»ç‰‡ #å·¥ç¨‹è½¦ç©å…·#æŒ–æ˜æœºç©å…·,2025-03-15 11:14:19,å—¨å—¨å—¨æ¥æ,2107,9,894,https://p3-pc-sign.douyinpic.com/tos-cn-p-0015/oQGfQYEDVPfEN2bC4f7pHXgQVVFeasAULeIkpA~tplv-dy-360p.jpeg?biz_tag=pcweb_cover&card_type=153&column_n=0&from=327834062&l=20250417095432B7A09FB63CEC375EAC52&lk3s=138a59ce&s=PackSourceEnum_SEARCH&sc=origin_cover&se=false&x-expires=1746061200&x-signature=GofXtmZfJ3EWwPh6Eh6HALteEjk%3D
7482970698076409139,#å·¥ç¨‹è½¦åŠ¨ç”»ç‰‡å¤§å…¨ #3-6å²æŒ–æ˜æœºåŠ¨ç”»è§†é¢‘ #æŒ–æ˜æœºè§†é¢‘å¤§å…¨ #æŒ–æ˜æœºè§†é¢‘å„¿ç«¥å¤§å…¨ #å·¥ç¨‹è½¦ç©å…·,2025-03-18 10:28:32,ç‘ç‘æ—©æ•™,1339,3,486,https://p3-pc-sign.douyinpic.com/tos-cn-p-0015/owf7xVNAACBEN8gi8QDXNnQK2QRmZt9eNFsAul~tplv-dy-360p.jpeg?biz_tag=pcweb_cover&card_type=153&column_n=0&from=327834062&l=20250417095432B7A09FB63CEC375EAC52&lk3s=138a59ce&s=PackSourceEnum_SEARCH&sc=origin_cover&se=false&x-expires=1746061200&x-signature=hCR%2FZwqGOQt1ZNGgSMU9HpRb0wQ%3D
7478202214297767194,#äº²å­äº’åŠ¨ #æç¬‘è§†é¢‘ #å“ªå’ #èŒå¨ƒææ€ªç¬é—´ #èŒå¨ƒå§”å±ˆè§†é¢‘,2025-03-05,å°ä½³èŒå¯è’™ä¹å›­,7399,0,0,https://p3-pc-sign.douyinpic.com/tos-cn-p-0015/ocEiESBnAgIIV79NvicWfAqAHggBxi3SfNB6RA~tplv-dy-cropcenter:323:430.jpeg?biz_tag=pcweb_cover&from=327834062&lk3s=138a59ce&s=PackSourceEnum_SEARCH&sc=cover&se=true&sh=323_430&x-expires=2060211600&x-signature=To6thKpIxsk6ZEx7ppgcmgjC0Mk%3D
7454405427716050235,#æç¬‘#è¶…çº§èŒå¨ƒ #èŒå¨ƒè¾¾äººç§€,2024-12-31 11:00:37,å¤§å”~å²³ç¾¤,37002,2098,14023,https://p3-pc-sign.douyinpic.com/tos-cn-p-0015c000-ce/ooaDg5MIDAO1Wu5xk88C7xTKVQ1ferBcAQJ5eB~tplv-dy-360p.jpeg?biz_tag=pcweb_cover&card_type=153&column_n=0&from=327834062&l=2025041709554189400FEA712D1D5C2CCC&lk3s=138a59ce&s=PackSourceEnum_SEARCH&sc=origin_cover&se=false&x-expires=1746061200&x-signature=fV30RrZ55Y5bLtmGq2gDL1qegx4%3D
7489683353315052854,åƒç³–#å¯çˆ±åˆ°çˆ†ç‚¸ğŸ’¥ #èŒå¨ƒæç¬‘æ—¥å¸¸ #èŒå®å® #å¿«ä¹å¿ƒæ€å¿«ä¹ç”Ÿæ´» #å¥½åƒåˆ°çˆ†,2025-04-05 12:36:58,èŒå®å®,2219,27,1029,https://p3-pc-sign.douyinpic.com/tos-cn-p-0015/osLAu8CvpF10ABNc1n1198gfMEQnfA3DQws22n~tplv-dy-360p.jpeg?biz_tag=pcweb_cover&card_type=153&column_n=0&from=327834062&l=2025041709554189400FEA712D1D5C2CCC&lk3s=138a59ce&s=PackSourceEnum_SEARCH&sc=origin_cover&se=false&x-expires=1746061200&x-signature=wGULC9FPu02QpqNfuYQGa5Y8A5k%3D
7491590846756883748,#å„¿ç«¥è§†é¢‘ #å¯è’™æ—©æ•™ #äº²å­äº’åŠ¨ #äººç±»å¹¼å´½è¿·æƒ‘è¡Œä¸ºå¤§èµ #èŒå¨ƒæç¬‘æ—¥å¸¸,2025-04-10 15:59:06,å¤§èƒ–é»„,11146,58,5074,https://p3-pc-sign.douyinpic.com/tos-cn-p-0015/o0zDAlfDCQu79InAEeZw39L3uBkA8EoJFDOJQg~tplv-dy-360p.jpeg?biz_tag=pcweb_cover&card_type=153&column_n=0&from=327834062&l=2025041709554273307C244A80CB5F06C8&lk3s=138a59ce&s=PackSourceEnum_SEARCH&sc=origin_cover&se=false&x-expires=1746061200&x-signature=D61d0RqjH0moIhcVk%2Fwn1JFDe60%3D
7464194155594386748,#åˆ›ä½œçµæ„Ÿ #åŸåˆ›åŠ¨ç”» #äº²å­äº’åŠ¨ #èŒå¨ƒ @DOU+ä¸Šçƒ­é—¨ @DOU+å°åŠ©æ‰‹,2025-01-27,ä¹æ¼«æ¼«,179,0,0,https://p9-pc-sign.douyinpic.com/tos-cn-p-0015c000-ce/owEAWFntiClfEmDjIfvP3eBwEtJbll6zBqSA9R~tplv-dy-cropcenter:323:430.jpeg?biz_tag=pcweb_cover&from=327834062&lk3s=138a59ce&s=PackSourceEnum_SEARCH&sc=cover&se=true&sh=323_430&x-expires=2060211600&x-signature=rahV1R83n14K4oeVuC4sY1an3Z0%3D
7468998405734337843,å­©å­è¯´çš„å¯¹ï¼Œä¸è¦æ‹¿åˆ«äººçš„é”™è¯¯æ¥æƒ©ç½šè‡ªå·±ã€‚ #åŸåˆ›åŠ¨ç”» #èŒå¨ƒ #äº²å­åŠ¨æ¼« #èŒå¨ƒæ—¥å¸¸ #è¯­å‡ºæƒŠäººçš„ç†Šå­©å­,2025-02-08 18:48:41,å¤šå¤šçš„ç”»,56,3,5,https://p3-pc-sign.douyinpic.com/tos-cn-p-0015/oMNTEg1gG1exmCbBAIeRAcEEALnofPBBZXA72O~tplv-dy-360p.jpeg?biz_tag=pcweb_cover&card_type=153&column_n=0&from=327834062&l=20250417095612D80492A0C302875DCA3D&lk3s=138a59ce&s=PackSourceEnum_SEARCH&sc=origin_cover&se=false&x-expires=1746061200&x-signature=pJixk604V1V7GFQC6MlWQFuLs4A%3D
7477786573635964211,#ä¸‡ä¸‡æ²¡æƒ³åˆ° #åŸåˆ›åŠ¨ç”» #è¯­å‡ºæƒŠäººçš„ç†Šå­©å­ #äººç±»å¹¼å´½,2025-03-04 11:11:32,çš®çš®è¾°,70,4,16,https://p3-pc-sign.douyinpic.com/tos-cn-p-0015/os87QB6eqnvfOh4MNLC0Q6f3ACXsBPANjbMGpQ~tplv-dy-360p.jpeg?biz_tag=pcweb_cover&card_type=153&column_n=0&from=327834062&l=20250417095612D80492A0C302875DCA3D&lk3s=138a59ce&s=PackSourceEnum_SEARCH&sc=origin_cover&se=false&x-expires=1746061200&x-signature=oYIXBERintBjQ%2BLE50ow5kmyy3M%3D
7486891040973098280,è¯½è°¤é€ è°£  æ³•ç½‘éš¾é€ƒï¼ï¼#è¿ªå£«å°¼åœ¨é€ƒå…¬ä¸» #ç›´æ’­å›æ”¾ #ç›´æ’­å½•å±åˆ†äº«,2025-03-29 00:01:18,æ–‘é©¬ğŸ¦“â°â°Â¹Â¹,1568,153,91,https://p3-pc-sign.douyinpic.com/tos-cn-p-0015/oIP8xn6vfABzBQBfA9cmbpIgAi9Bs5IEqCiIAh~tplv-dy-360p.jpeg?biz_tag=pcweb_cover&card_type=153&column_n=0&from=327834062&l=2025041709564816D85EDCC431E15B56FE&lk3s=138a59ce&s=PackSourceEnum_SEARCH&sc=origin_cover&se=false&x-expires=1746061200&x-signature=Ez3iV8V3ucnNaUj1vRdfUGd%2F1N8%3D
7469005294509608252,å®¶é‡Œå°é»„å®åˆä¸é«˜å…´å•¦ #steamæ¸¸æˆ #æ¸¸æˆæ—¥å¸¸ #å•æœºæ¸¸æˆ #ææ€–æ¸¸æˆ #å®å®,2025-02-08,å’•å”§å°˜,190,0,0,https://p3-pc-sign.douyinpic.com/image-cut-tos-priv/990ce8f0eb4b158dd20cf7ca2ce5bb8d~tplv-dy-resize-origshort-autoq-75:330.jpeg?biz_tag=pcweb_cover&card_type=153&column_n=0&from=327834062&lk3s=138a59ce&s=PackSourceEnum_SEARCH&sc=cover&se=false&x-expires=2060211600&x-signature=hsCeBXW4CO58IO2587ef2jtmnD8%3D
7394370431966367003,ä¿„ç½—æ–¯ç‰ˆå°å°æ¢¦é­‡ï¼Œå°ç”·å­©å†é™©è®° #ææ€–æ¸¸æˆ #å°å°æ¢¦é­‡,2024-07-22,æˆ‘æ˜¯å°æ©˜FM,1196,0,0,https://p3-pc-sign.douyinpic.com/image-cut-tos-priv/30ef6f409554923f31bfc4f8bb03bb65~tplv-dy-resize-origshort-autoq-75:330.jpeg?biz_tag=pcweb_cover&card_type=153&column_n=0&from=327834062&lk3s=138a59ce&s=PackSourceEnum_SEARCH&sc=cover&se=false&x-expires=2060211600&x-signature=McJ%2BSBxVadWrviKPsbkoy47h0qc%3D
7454914083146452287,#ç¾é£Ÿ #ææ€–æ•…äº‹ #è®²æ•…äº‹ æ¶ä½œå‰§æ¸¸æˆ @ä¸¸å­å‘âœ“ @å†¬é…¿èŠ‹åœ†y @æŠ–éŸ³çƒ­ç‚¹ @Ë¡áµ’áµ›áµ‰æ²ˆç–å¦ğŸ’Œ,2025-01-01,Ë¡áµ’áµ›áµ‰æ²ˆç–å¦ğŸ’Œ,1969,0,0,https://p3-pc-sign.douyinpic.com/tos-cn-i-0813c001/oAnADNqcPC1ISAF9oAFQ6ZfAAdAJgvfDAzWDEi~tplv-dy-cropcenter:323:430.jpeg?biz_tag=pcweb_cover&from=327834062&lk3s=138a59ce&s=PackSourceEnum_SEARCH&sc=cover&se=true&sh=323_430&x-expires=2060211600&x-signature=yHGlQXmCTCjGPd%2BXtXqwFOpPwxM%3D
7296448178776506916,å¤©æ‰å°æœ‹å‹åšå‡ºæ¥çš„ææ€–æ¸¸æˆï¼å…¨ç¨‹é«˜èƒ½æ¯«æ— é¢„å…†çš„è¶…æƒŠæ‚šä½“éªŒï¼,2023-11-01,æ£ æ££Tendy,2662,0,0,https://p26-sign.bdxiguaimg.com/tos-cn-i-pk90l89vgd/8cdf5cd48ab347d4b4cdba7304cfd7ff~tplv-pk90l89vgd-crop-center:864:486.jpeg?appId=6383&biz_tag=video1609_custom%2Fnone&card_type=230&channelId=0&column_n=0&customType=custom%2Fnone&from=401_large_image_list&imageType=video1609&isImmersiveScene=0&is_stream=0&lk3s=9d3f5bff&logId=20250417095722A577AC0D2A57025BFBF4&requestFrom=401&x-expires=1776391043&x-signature=jijDMfpaT73s3hVxwkFFByCHFNs%3D
7450669938563435802,æˆ‘å»ï¼Œè¿™å°æœ‹å‹å˜å¼‚äº†#ææ€–æ¸¸æˆ #æ²»æ„ˆç³» #æ¸¸æˆ,2024-12-21,è±†è±†ç©æ¸¸æˆ,543,0,0,https://p3-pc-sign.douyinpic.com/image-cut-tos-priv/86a03cfd5a85bc8fa4c15a1af1306314~tplv-dy-resize-origshort-autoq-75:330.jpeg?biz_tag=pcweb_cover&card_type=153&column_n=0&from=327834062&lk3s=138a59ce&s=PackSourceEnum_SEARCH&sc=cover&se=false&x-expires=2060211600&x-signature=IUJOHUtDELqEm15CIFKIf8DILOA%3D
7367686412851842315,åœ¨è¯¡å¼‚å¹¼å„¿å›­å¯»æ‰¾å¤±è¸ªå­©å­ï¼Œå´è¢«ç²‰æ¯›æ€ªé¸¡è¿½æ€ã€ç­ç­å¹¼å„¿å›­1ã€‘ #æ¸¸æˆå®å†µ #ææ€–æ¸¸æˆ,2024-05-11 18:26:19,è€é±¼å¤´ä¸¶,217,15,139,https://p3-pc-sign.douyinpic.com/tos-cn-p-0015/ogfAgEEo9cDG2iAvfN0YFWfCf1MBpYQDRFQMJv~tplv-dy-360p.jpeg?biz_tag=pcweb_cover&card_type=153&column_n=0&from=327834062&l=2025041709572478CC805A75DDA85DB95B&lk3s=138a59ce&s=PackSourceEnum_SEARCH&sc=origin_cover&se=false&x-expires=1746061200&x-signature=n5I%2BDnzcP5l2jcbIZCvngAf07e8%3D
7365410711121530121,åœ¨åå®¤ä¸­å’Œ3å²å°å­©ç© 123æœ¨å¤´äººï¼ #å®£å®£game ,2024-05-05 15:15:38,å®£å®£,5378,386,3109,https://p3-pc-sign.douyinpic.com/tos-cn-p-0015/oQqBQAfiygGszNWCYIBkeXAjsbI2igAaB4k5M3~tplv-dy-360p.jpeg?biz_tag=pcweb_cover&card_type=153&column_n=0&from=327834062&l=2025041709572478CC805A75DDA85DB95B&lk3s=138a59ce&s=PackSourceEnum_SEARCH&sc=origin_cover&se=false&x-expires=1746061200&x-signature=5HaPHRm8EQWyg0Ln2JxFcGa8oFc%3D
7262535343843413289,#é€‚åˆå°å­¦ç”Ÿçš„å°æ¸¸æˆæ¨è #å­¦ç”Ÿå…š #ç¥æ“ä½œ #ææ€–æ¸¸æˆæ¨è #åŠ¨ç”»,2023-08-02 09:46:31,ç¿å“¥@å°æ¸¸æˆ,25,1,7,https://p3-pc-sign.douyinpic.com/tos-cn-p-0015/326249e72c434cfbb920f7caba913542_1690940795~tplv-dy-360p.jpeg?biz_tag=pcweb_cover&card_type=153&column_n=0&from=327834062&l=2025041709572478CC805A75DDA85DB95B&lk3s=138a59ce&s=PackSourceEnum_SEARCH&sc=origin_cover&se=false&x-expires=1746061200&x-signature=oaBFCvhBMgNwWd0lVeOmSaM2%2BiU%3D
7490951439410351398,ç¡æ¢¦ä¹‹ä¸­æ¸¸æˆ ï¼Œä¸€æ¬¾éå¸¸æœ‰æ„ä¹‰çš„å®¶åº­æ•…äº‹æ¸¸æˆ~#steamæ¸¸æˆ #æ¸¸æˆè§£è¯´  #æ¸¸æˆæ€ªè°ˆ,2025-04-09 17:00:00,å°é»„èœ‚æ¸¸æˆä¸»æ’­,54898,4586,44350,https://p3-pc-sign.douyinpic.com/tos-cn-p-0015/ow7vMBlfA1yI7BwPImGLInS6ICfeybw1mAGNBQ~tplv-dy-360p.jpeg?biz_tag=pcweb_cover&card_type=153&column_n=0&from=327834062&l=2025041709572478CC805A75DDA85DB95B&lk3s=138a59ce&s=PackSourceEnum_SEARCH&sc=origin_cover&se=false&x-expires=1746061200&x-signature=1GPxAu5LlXOHm24wA3dVqptN1%2Bg%3D
7237440228422651168,æˆ‘è¢«ä¸€å¸®å°å­©é¬¼æ‰å»ä¸€èµ·èº²çŒ«çŒ«ï¼Œå¦‚æœæ‰¾ä¸åˆ°ä»–ä»¬ï¼Œæˆ‘å°±ä¼šæ­»æ‰ï¼ #ææ€–æ¸¸æˆ #é¬¼æ•…äº‹ #èº²çŒ«çŒ« #çµå¼‚ #å„¿ç«¥ç»˜æœ¬æ•…äº‹,2023-05-26 18:44:41,ä¹æ¸¸Play,2744,75,943,https://p3-pc-sign.douyinpic.com/tos-cn-p-0015/0b2775b6d72642148ced9d21bf4bf4a7_1685097886~tplv-dy-360p.jpeg?biz_tag=pcweb_cover&card_type=153&column_n=0&from=327834062&l=2025041709572478CC805A75DDA85DB95B&lk3s=138a59ce&s=PackSourceEnum_SEARCH&sc=origin_cover&se=false&x-expires=1746061200&x-signature=HKmz%2Fr%2Bqm5wxYU5szefPBcNgPuU%3D
7492716358702992690,å¥‡è‘©æ¸¸æˆï¼šä½œä¸šä¸¢å¤±åœ¨ææ€–å­¦æ ¡ï¼é¬¼ä¸å“äººï¼è¢«é»‘æ¿å­—å“åˆ°ï¼Ÿ #å•æœºæ¸¸æˆ#ææ€–æ¸¸æˆ,2025-04-13 16:48:44,ä¸€åªå°åœ°ç“œå‘€,235,15,154,https://p3-pc-sign.douyinpic.com/tos-cn-p-0015/oY0fCLCIgIwC8CVIeefP2GmT2gRYQEqeAAILfZ~tplv-dy-360p.jpeg?biz_tag=pcweb_cover&card_type=153&column_n=0&from=327834062&l=2025041709572478CC805A75DDA85DB95B&lk3s=138a59ce&s=PackSourceEnum_SEARCH&sc=origin_cover&se=false&x-expires=1746061200&x-signature=kqqUTv8GenK3W5sELFb7tW0Yflo%3D
7491860161326222646,ææ¸¸è´¨æ£€å‘˜ï¼ï¼ï¼#steamæ¸¸æˆ #ææ€–æ¸¸æˆ #åŠ©çœ ,2025-04-11 09:24:07,çœŸçš„ä¸åƒè¾£æ¤’å•Š,6523,925,590,https://p3-pc-sign.douyinpic.com/tos-cn-p-0015/ooeAqCEGzGDt7IAD7SKeFi4BfxaADPIBb9IsNH~tplv-dy-360p.jpeg?biz_tag=pcweb_cover&card_type=153&column_n=0&from=327834062&l=20250417095725B32F9AEF775AC2594585&lk3s=138a59ce&s=PackSourceEnum_SEARCH&sc=origin_cover&se=false&x-expires=1746061200&x-signature=89YFgNKiJHg6pyxC8JeXdyw0r9Q%3D
7458583419652492579,15å²å°æœ‹å‹ç«Ÿç„¶èƒ½åšå‡ºè¿™ä¹ˆç²¾è‡´çš„æ¸¸æˆ çœŸæ— æ•Œäº† #ææ€–æ¸¸æˆ #çœŸå®æ”¹ç¼– #å•æœºæ¸¸æˆ,2025-01-11 17:16:23,ä¸åƒçŒªå¤§è‚ ,4234,322,1871,https://p3-pc-sign.douyinpic.com/tos-cn-p-0015/oEfHHIIIsQ0epeIA3AFJegMCgAXeO1GKIrIELI~tplv-dy-360p.jpeg?biz_tag=pcweb_cover&card_type=153&column_n=0&from=327834062&l=20250417095725B32F9AEF775AC2594585&lk3s=138a59ce&s=PackSourceEnum_SEARCH&sc=origin_cover&se=false&x-expires=1746061200&x-signature=1taAIUkok97j20AUv4ULUwRLI%2FE%3D
7459973552905669946,æç¬‘åˆé›†#æ— å¿§æ— è™‘çš„ç«¥å¹´ #ä¸€èµ·é•¿å¤§ä¸€èµ·ç©è€ #èŒå¨ƒæ—¥å¸¸ #è®°å½•å­©å­çš„ç‚¹ç‚¹æ»´æ»´ #åˆ†äº«æœ‰è¶£çš„è§†é¢‘,2025-01-15,é›¨æœ«æ˜¥æ™“,12,0,0,https://p3-pc-sign.douyinpic.com/tos-cn-i-0813c000-ce/o0EAHnqAHEyA9w9G5ZIACFEEZJD6fhAhGfnIke~tplv-dy-cropcenter:323:430.jpeg?biz_tag=pcweb_cover&from=327834062&lk3s=138a59ce&s=PackSourceEnum_SEARCH&sc=cover&se=true&sh=323_430&x-expires=2060211600&x-signature=jZGxnCIIdnnRtm0bitow28OciUc%3D
7437740921598364928,#é€—ä½ ä¸€ç¬‘ğŸ˜…ğŸ˜…ğŸ˜…çƒ¦æ¼å¿˜æ‰ #å¹½é»˜æ®µå­ #å°è§†é¢‘å„¿ç«¥ç‰ˆ3-6å²,2024-11-16 13:13:38,æ³½æ³½éº»éº»å‘€,10861,115,4607,https://p3-pc-sign.douyinpic.com/tos-cn-p-0015/oEF3GLGC7BBtfQgbVwIQtPCAVEPAARdycOekeR~tplv-dy-360p.jpeg?biz_tag=pcweb_cover&card_type=153&column_n=0&from=327834062&l=20250417095815B45E47142160C95A6D9F&lk3s=138a59ce&s=PackSourceEnum_SEARCH&sc=origin_cover&se=false&x-expires=1746061200&x-signature=ODXMFNJ3vsBc143DbrIEKzcdohE%3D
7455016587859381538,#äº²å­äº’åŠ¨ #å„¿ç«¥è§†é¢‘ #å¯è’™æ—©æ•™ #å°è§†é¢‘å„¿ç«¥ç‰ˆ3-6å² #æç¬‘å„¿ç«¥,2025-01-02 10:33:00,å¥¥ç‰¹å¤§å“¥,35365,337,14940,https://p3-pc-sign.douyinpic.com/tos-cn-p-0015/oQu1xAUipHeMBIbInBizAi1BgwNHtArxfsuABy~tplv-dy-360p.jpeg?biz_tag=pcweb_cover&card_type=153&column_n=0&from=327834062&l=20250417095815B45E47142160C95A6D9F&lk3s=138a59ce&s=PackSourceEnum_SEARCH&sc=origin_cover&se=false&x-expires=1746061200&x-signature=U7sTBdT1%2BnxrjLG8cbdG9CeA6f4%3D
7480055148090232123,#å“ˆå“ˆå“ˆå“ˆå“ˆå“ˆæˆ‘è¦ç¬‘æ­»äº† #å°å­©å­çš„å¿«ä¹æ€»æ˜¯é‚£ä¹ˆç®€å• #å¿«ä¹,2025-03-10 13:54:23,å°ç±³ç†Š,1031,6,427,https://p3-pc-sign.douyinpic.com/tos-cn-p-0015c000-ce/osQ95enAn0utA12cDEQlXzFud2DChwf5EfAZ2p~tplv-dy-360p.jpeg?biz_tag=pcweb_cover&card_type=153&column_n=0&from=327834062&l=20250417095818E037F99510AB446013B8&lk3s=138a59ce&s=PackSourceEnum_SEARCH&sc=origin_cover&se=false&x-expires=1746061200&x-signature=6nlq39eCTcz2P9oMyBG8EDLtvFE%3D
7493442532970433830,å„¿ç«¥åŠ¨ç”»#ä¸€ä»£æ¢—ç‹ #æŠ–éŸ³å°æ¸¸æˆ #å“ªå’ #å°æ¸¸æˆ #å“ªå’2,æœªçŸ¥æ—¶é—´,è¾°è¾°æ¸¸æˆ,49,0,0,https://p3-pc-sign.douyinpic.com/tos-cn-p-0015/oYPnIe8BADELdATBUDYCfFmk3Bat3QCZ7gfX9C~tplv-dy-cropcenter:323:430.jpeg?biz_tag=pcweb_cover&from=327834062&lk3s=138a59ce&s=PackSourceEnum_SEARCH&sc=cover&se=true&sh=323_430&x-expires=2060211600&x-signature=nydqtdorep8jHdNiXabpnPloWNA%3D
7426977787166199049,#ä¸€ä»£æ¢—ç‹å°±å·®ä½ æ²¡ç© #æˆ‘ä¹ƒä¸€ä»£æ¢—ç‹é—®å°±ä½ æœä¸æœ... #å¿«æ¥å’Œæˆ‘ä¸€èµ·ç©å§ #åŠ¨æ¼«äºŒæ¬¡å…ƒ,2024-10-18 13:07:33,å…ˆè°‹ç”Ÿåœ¨è°‹çˆ±,3,0,2,https://p3-pc-sign.douyinpic.com/tos-cn-p-0015/o8E7wlIRek4qEED8CAfKFkAaBzIaRVjKBeIO7B~tplv-dy-360p.jpeg?biz_tag=pcweb_cover&card_type=153&column_n=0&from=327834062&l=20250417095852E732716B01D07E5EE5BF&lk3s=138a59ce&s=PackSourceEnum_SEARCH&sc=origin_cover&se=false&x-expires=1746061200&x-signature=wgXMs0bovKDteuR6VTB9KLUcw3E%3D
7493022630493146431,#ä¸€ä»£æ¢—ç‹#æˆ‘å‹’ä¸ªè±†ç²¾ç¥å¤§çˆ†å‘ #å“ˆå“ˆå“ˆå“ˆå“ˆå“ˆæˆ‘è¦ç¬‘æ­»äº† #æŠ–éŸ³æµè¡Œæ¢—åˆé›†,2025-04-14 12:35:09,æ®‹ç¿¼ã®æ¢¦è¶,170,8,118,https://p3-pc-sign.douyinpic.com/tos-cn-p-0015/oII9gCnAkWXABXW8BAIybfinDZBBYgf0ikA0NI~tplv-dy-360p.jpeg?biz_tag=pcweb_cover&card_type=153&column_n=0&from=327834062&l=20250417095852E732716B01D07E5EE5BF&lk3s=138a59ce&s=PackSourceEnum_SEARCH&sc=origin_cover&se=false&x-expires=1746061200&x-signature=evjf4Awv9Ji7yif5q%2BRTEVL1Cwc%3D
7469771473175989545,#å„¿ç«¥åŠ¨ç”» #å„¿ç«¥ä¹å›­ #è¹¦è¹¦è·³è·³æ²¡çƒ¦æ¼,2025-02-10,æ„å¿µ,62,0,0,https://p3-pc-sign.douyinpic.com/tos-cn-p-0015/okepIoeXLGA06bKY7eLQEseCdH7AaJOpQVeATI~tplv-dy-cropcenter:323:430.jpeg?biz_tag=pcweb_cover&from=327834062&lk3s=138a59ce&s=PackSourceEnum_SEARCH&sc=cover&se=true&sh=323_430&x-expires=2060211600&x-signature=dj23e%2BSRVtewsGRPtVKxi0F6HBM%3D
7480754149810867493,å°å§å§æ‹¦è½¦#è¿™ä¸ªæ¸¸æˆå¾ˆå¥½ç© #æ¸¸æˆ #å¿«æ¥å’Œæˆ‘ä¸€èµ·ç©å§ #å†…å®¹å¯å‘æœç´¢,2025-03-12,å°é¹¿å§å§ğŸ˜˜,418,0,0,https://p3-pc-sign.douyinpic.com/tos-cn-i-dy/e4029c1c5439445a9c8b5526d70a2bef~tplv-dy-cropcenter:323:430.jpeg?biz_tag=pcweb_cover&from=327834062&lk3s=138a59ce&s=PackSourceEnum_SEARCH&sc=cover&se=true&sh=323_430&x-expires=2060215200&x-signature=R55zia2YFCXAw7vz1eASSel5JGc%3D
7414360897159728438,ç¾å¥³é™·é˜±#è¿™ä¸ªæ¸¸æˆå¾ˆå¥½ç© #æ¸¸æˆæ—¥å¸¸ #æ¸¸æˆ,2024-09-14,åœŸè±†å°æ¸¸æˆ,1092,0,0,https://p3-pc-sign.douyinpic.com/tos-cn-p-0015/oUeltHg5fAEannz4BD9mxgB3GEANFAt8aRuIU0~tplv-dy-cropcenter:323:430.jpeg?biz_tag=pcweb_cover&from=327834062&lk3s=138a59ce&s=PackSourceEnum_SEARCH&sc=cover&se=true&sh=323_430&x-expires=2060215200&x-signature=gmiW4GLbu1dt3xZQGqV62E1fIoI%3D
7487145690964020538,#æ–°å¥‡ç‰¹åˆ›æ„ #ç©å‡ºæ–°èŠ±æ · #æ¬¢ä¹æ—¶åˆ» #äº²å­æ—¥å¸¸,2025-03-29,ç”¨æˆ·9814301662001,359,0,0,https://p3-pc-sign.douyinpic.com/tos-cn-p-0015c000-ce/owF82don5APbEE1BEgD6H9rCeBnfIaR0AIfwED~tplv-dy-cropcenter:323:430.jpeg?biz_tag=pcweb_cover&from=327834062&lk3s=138a59ce&s=PackSourceEnum_SEARCH&sc=cover&se=true&sh=323_430&x-expires=2060215200&x-signature=e0k1dZ0TlBcGSM9R0DlIg6oHdQ0%3D
7439901087152344358,#è¿™ä¸ªæ¸¸æˆå¾ˆå¥½ç© #å¥³ç”Ÿå–œæ¬¢ç©çš„æ¸¸æˆ #æ„æƒ³ä¸åˆ°çš„ç»“å±€ #ç§€å‡ºä½ çš„æ¸¸æˆç¥æ“ä½œ #æ¸¸æˆæ—¥å¸¸,2024-11-22 08:56:37,æ±¤å§†å¤§äººæ¸¸æˆ,189,14,105,https://p3-pc-sign.douyinpic.com/tos-cn-p-0015/oQZFQyifAkx2ABPYcTATOfXFDSCfM68rETNZMe~tplv-dy-360p.jpeg?biz_tag=pcweb_cover&card_type=153&column_n=0&from=327834062&l=202504171000129059C78F4906C75E8C2E&lk3s=138a59ce&s=PackSourceEnum_SEARCH&sc=origin_cover&se=false&x-expires=1746064800&x-signature=tZFaKlOaZfAhSlGif7M%2B8KHT6zU%3D
7463442044267072794,å°å§å§#è¿™ä¸ªæ¸¸æˆå¾ˆå¥½ç© #å¿«æ¥å’Œæˆ‘ä¸€èµ·ç©å§ #æ¨¡æ‹Ÿæ¸¸æˆ #å†…å®¹å¯å‘æœç´¢,2025-01-24 19:31:24,å¦å¦æ¸¸æˆå–µ,382,4,154,https://p9-pc-sign.douyinpic.com/tos-cn-p-0015/oI3nQN2WRDAgeh42i3FrA9nFUAMghBZkQ1frmE~tplv-dy-360p.jpeg?biz_tag=pcweb_cover&card_type=153&column_n=0&from=327834062&l=20250417100013567287DF47AB885B8DA5&lk3s=138a59ce&s=PackSourceEnum_SEARCH&sc=origin_cover&se=false&x-expires=1746064800&x-signature=hUilZsG6Cddj5NKjnvUv7mgqBlI%3D
7096062515670568228,ç¾å¥³ç½‘çº¢è¹¦åºŠï¼Œè¿™æ ·ç©ä¹Ÿèƒ½è¡Œï¼Ÿ #ç½‘çº¢è¹¦åºŠ #æç¬‘é…éŸ³ #æç¬‘è§†é¢‘,2022-05-10 19:07:05,é‡é©´æç¬‘é…éŸ³,254,14,88,https://p3-pc-sign.douyinpic.com/tos-cn-p-0015/981ccbf0b44b4b9e9d4f90397bd6aa63_1652180830~tplv-dy-360p.jpeg?biz_tag=pcweb_cover&card_type=153&column_n=0&from=327834062&l=20250417100013567287DF47AB885B8DA5&lk3s=138a59ce&s=PackSourceEnum_SEARCH&sc=origin_cover&se=false&x-expires=1746064800&x-signature=qoBRAvP28WP%2B%2FmtqoFvqw7ppdHs%3D
7386591400428637503,è¦æŠŠè¿™ä¸ªå°å§å§å˜æ¼‚äº®å¾ˆéš¾å— #æŠ–éŸ³æ¸¸æˆ #å°å§å§ #æ¸¸æˆè§£è¯´ #æ¸¸æˆæ—¥å¸¸ #å­¦ç”Ÿå…š,2024-07-01 17:07:24,å°è“ç©æ¸¸æˆ,163,11,81,https://p3-pc-sign.douyinpic.com/tos-cn-p-0015/oAICIBAv9cYgA5DmfFuEfg8oTGyAGEBgDxncBt~tplv-dy-360p.jpeg?biz_tag=pcweb_cover&card_type=153&column_n=0&from=327834062&l=20250417100013567287DF47AB885B8DA5&lk3s=138a59ce&s=PackSourceEnum_SEARCH&sc=origin_cover&se=false&x-expires=1746064800&x-signature=K2zXcQAzs0rpaVgaBmfHx3T6%2BZw%3D
7491623598281542972,æ‰˜é©¬æ–¯å°ç«è½¦#æ‰˜é©¬æ–¯å°ç«è½¦ #æ‰˜é©¬æ–¯å°ç«è½¦è§†é¢‘ #å„¿ç«¥åŠ¨ç”» #å³æ¢¦ai,æœªçŸ¥æ—¶é—´,AIé­”ç›’,182,0,0,https://p3-pc-sign.douyinpic.com/image-cut-tos-priv/5f4e68c93692fe51f274005143a4af2c~tplv-dy-resize-origshort-autoq-75:330.jpeg?biz_tag=pcweb_cover&card_type=153&column_n=0&from=327834062&lk3s=138a59ce&s=PackSourceEnum_SEARCH&sc=cover&se=false&x-expires=2060215200&x-signature=Hgpzo1QfPJyM63tRGSsuaM%2Bcnxw%3D
7310923939004321063,#æŠ–éŸ³åˆ›ä½œå­£ #ç”ŸåŒ–å±æœº #å…‹è±å°” #æ‰˜é©¬æ–¯å°ç«è½¦  æ‰˜é©¬æ–¯å°ç«è½¦å¤ªå¯çˆ±äº†å§,2023-12-10,çƒ­é—¨æ¸¸æˆç™¼,698,0,0,https://p3-pc-sign.douyinpic.com/tos-cn-i-0813c001/oQAeYjEgNGAeVDZnBP9HGdb9A5njACAISAmlH1~tplv-dy-cropcenter:323:430.jpeg?biz_tag=pcweb_cover&from=327834062&lk3s=138a59ce&s=PackSourceEnum_SEARCH&sc=cover&se=true&sh=323_430&x-expires=2060215200&x-signature=Mr4CESuWSxnyHbNzs%2B0DgH7MlZg%3D
7442143416307223817,èœ˜è››ä¾ å’Œè¶…çº§è‹±é›„æŠµæŒ¡æ‰˜é©¬æ–¯å°ç«è½¦ï¼Œæ•‘ä¸‹å¯çˆ±å°çŒ«å’ª #å„¿ç«¥è§†é¢‘ #åŠ¨ç”»è§†é¢‘ #è½¦ç¥¸æ¨¡æ‹Ÿå™¨ #å·¥ç¨‹è½¦ç©å…· #ç›Šæ™ºåŠ¨ç”»,2024-11-28 09:57:41,å°æ˜äº²å­,2236,68,1034,https://p3-pc-sign.douyinpic.com/tos-cn-p-0015/oUn6QPMAADEeCgdYinWBfFCkzAD6PQNo98RC1F~tplv-dy-360p.jpeg?biz_tag=pcweb_cover&card_type=153&column_n=0&from=327834062&l=202504171001056653FE6DAD34FE5C23EE&lk3s=138a59ce&s=PackSourceEnum_SEARCH&sc=origin_cover&se=false&x-expires=1746064800&x-signature=jSuVVpyHdbutBkbBsTl6hYiszr8%3D
7382150909490416908,çº¢å·¨äººæ‰›èµ·æ‰˜é©¬æ–¯å°ç«è½¦å°±ä¸‹é­”å¥³ï¼Œæ±¤å§†çŒ«è¢«èœ˜è››ä¾ æ‰“è´¥æ•‘ä¸‹å°è€é¼  #è½¦ç¥¸æ¨¡æ‹Ÿå™¨ #å„¿ç«¥ç©å…·æ•…äº‹ #ç©å…·è§†é¢‘ #å„¿ç«¥è§†é¢‘ #æ±½è½¦åŠ¨ç”»,2024-06-19 17:55:59,å°æ˜äº²å­,3758,103,1720,https://p3-pc-sign.douyinpic.com/tos-cn-p-0015/okHqKCDDmBqeEWPFEDsqcAIEAAEyfcqgX9Izt3~tplv-dy-360p.jpeg?biz_tag=pcweb_cover&card_type=153&column_n=0&from=327834062&l=202504171001056653FE6DAD34FE5C23EE&lk3s=138a59ce&s=PackSourceEnum_SEARCH&sc=origin_cover&se=false&x-expires=1746064800&x-signature=4wlwytjiTrk45tdZZhMqjscYg5s%3D
7327972038130371851,åç«è½¦é—¯è¿›äº†åƒµå°¸çªï¼Œå¿«æ”¾å¼€ä¹”æ²»è®©æˆ‘æ¥ï¼å°çŒªä½©å¥‡#å„¿ç«¥åŠ¨ç”» #åŸåˆ›åŠ¨ç”» #å„¿ç«¥åŠ¨æ¼« #å°çŒªä½©å¥‡ #åƒµå°¸ #æ¸¸æˆ #äº²å­ #æˆ‘çš„ä¸–ç•Œ ,2024-01-25 17:54:15,å¥¥ç‰¹æ›¼å°æ€ªå…½,367,58,156,https://p3-pc-sign.douyinpic.com/tos-cn-p-0015/oUffhAGDLCL6LxnFEdOFRAIbBBCyfZuAc7I8WH~tplv-dy-360p.jpeg?biz_tag=pcweb_cover&card_type=153&column_n=0&from=327834062&l=202504171001056653FE6DAD34FE5C23EE&lk3s=138a59ce&s=PackSourceEnum_SEARCH&sc=origin_cover&se=false&x-expires=1746064800&x-signature=lxyj%2FrK1IkC2BjRE9Ym8spZKuHk%3D
7302338176901729575,å°çŒªä½©å¥‡ä¸­çš„è¯¡å¼‚ç«è½¦ï¼Œä½ å‘ç°äº†å—ï¼Ÿ #å°çŒªä½©å¥‡ #åŠ¨ç”» #åŠ¨ç”»ç‰‡ #å„¿ç«¥åŠ¨ç”»ç‰‡,2023-11-17 16:01:57,å°ç´«å¤ªå›°å•¦ï½ğŸ©µ,9303,684,5414,https://p3-pc-sign.douyinpic.com/tos-cn-p-0015/oACA3fDnFIb2VOucW9gWABhAswEQADDfglxrlE~tplv-dy-360p.jpeg?biz_tag=pcweb_cover&card_type=153&column_n=0&from=327834062&l=20250417100106BB55AFEF9DFD575E2E2B&lk3s=138a59ce&s=PackSourceEnum_SEARCH&sc=origin_cover&se=false&x-expires=1746064800&x-signature=d9%2B%2BVuBEaYgn8iKUye833yYQXNU%3D
7384253972242025780,#ä¸Šçƒ­é—¨ #å„¿ç«¥åŠ¨ç”» #å¯è’™æ—©æ•™ #å°çŒªä½©å¥‡ #å®å®ç›Šæ™ºç©å…·æ¸¸æˆ,2024-06-25 09:57:02,å†°å†°åŠ¨æ¼«,1223,18,486,https://p3-pc-sign.douyinpic.com/tos-cn-p-0015/oceoe9G9QLAKQvC9cCIGCSBIBiEQe7v0MVBTAp~tplv-dy-360p.jpeg?biz_tag=pcweb_cover&card_type=153&column_n=0&from=327834062&l=20250417100106BB55AFEF9DFD575E2E2B&lk3s=138a59ce&s=PackSourceEnum_SEARCH&sc=origin_cover&se=false&x-expires=1746064800&x-signature=KGlVo04XYzsBXUXoCGIQnCCJiJQ%3D
7380587233046170891,èœ˜è››ä¾ å‘ç°æ‰˜é©¬æ–¯åˆ¹è½¦å¤±çµï¼Œæ‰›èµ·ç«è½¦ä¿æŠ¤çŒ«å’Œè€é¼  #å„¿ç«¥ç©å…·æ•…äº‹ #å„¿ç«¥è§†é¢‘ #ç©å…·è§†é¢‘ #æ±½è½¦åŠ¨ç”» #è½¦ç¥¸æ¨¡æ‹Ÿå™¨,2024-06-15 12:48:09,å°æ˜äº²å­,5729,181,2324,https://p3-pc-sign.douyinpic.com/tos-cn-p-0015/ow9AwQD0FyvWbHtJf914ABaAXliQQDEfgmRWYE~tplv-dy-360p.jpeg?biz_tag=pcweb_cover&card_type=153&column_n=0&from=327834062&l=20250417100106BB55AFEF9DFD575E2E2B&lk3s=138a59ce&s=PackSourceEnum_SEARCH&sc=origin_cover&se=false&x-expires=1746064800&x-signature=uoAa%2BzN7n%2BH6glI%2BI5HNVGo7qb4%3D
7418606941779332364,å¤§å‹çºªå½•ç‰‡ã€Šå°å­©å“¥æ€€å­•ã€‹#å¤§å‹çºªå½•ç‰‡ #èƒä¸­èƒ #ç½•è§ç—…,2024-09-26 18:04:00,å¤§å“çºªå½•ç‰‡,771,313,593,https://p3-pc-sign.douyinpic.com/tos-cn-p-0015/ooc9QC0qmDA6Xmmh1CFiA9mBnAZgDBv9QWfeoE~tplv-dy-360p.jpeg?biz_tag=pcweb_cover&card_type=153&column_n=0&from=327834062&l=202504171001386114B82B992C3A5DCBB0&lk3s=138a59ce&s=PackSourceEnum_SEARCH&sc=origin_cover&se=false&x-expires=1746064800&x-signature=VpXMDANpXf2gTepBcmD6C%2BsB0%2FQ%3D
7469541087313530172,#èŒå¨ƒ #å„¿ç«¥åŠ¨ç”» #æç¬‘ #äºŒæ¬¡å…ƒ #å„¿ç«¥åŠ¨ç”»ç‰‡6-10å²ç›Šæ™ºåŠ¨ç”»ç‰‡,2025-02-10 07:55:00,å²³å²³,634,2,218,https://p3-pc-sign.douyinpic.com/tos-cn-p-0015c000-ce/ocyIeIJAwAIcENzjeifaJzBCHD1BbiAcFErBBp~tplv-dy-360p.jpeg?biz_tag=pcweb_cover&card_type=153&column_n=0&from=327834062&l=20250417100210C408C0BBD6FDD75E8734&lk3s=138a59ce&s=PackSourceEnum_SEARCH&sc=origin_cover&se=false&x-expires=1746064800&x-signature=3cI1qnT5Q1ibdigesvUopgMxlD0%3D
7474882305518095616,#å„¿ç«¥åŠ¨ç”» #å„¿ç«¥åŠ¨ç”»ç‰‡6-10å²ç›Šæ™ºåŠ¨ç”»ç‰‡ #,2025-02-24 15:21:32,èœ¡ç¬”å°æ–°ğŸ–ï¸,2836,38,1015,https://p3-pc-sign.douyinpic.com/tos-cn-p-0015/oM8W7g9APIWKiBVAr2TvBID8QIvgZAcgjLiHw~tplv-dy-360p.jpeg?biz_tag=pcweb_cover&card_type=153&column_n=0&from=327834062&l=20250417100210C408C0BBD6FDD75E8734&lk3s=138a59ce&s=PackSourceEnum_SEARCH&sc=origin_cover&se=false&x-expires=1746064800&x-signature=kBrQKZQFiSdqyKOuFxu4uBR9ZgQ%3D
7477197174233681171,#å„¿ç«¥åŠ¨ç”» #å„¿ç«¥åŠ¨ç”»ç‰‡6-10å²ç›Šæ™ºåŠ¨ç”»ç‰‡ #ç›Šæ™ºåŠ¨ç”» #å„¿ç«¥å¯è’™æ—©æ•™ç›Šæ™ºåŠ¨ç”»ç‰‡,2025-03-02 21:04:08,LT1å¨æ­¦,4565,54,1804,https://p3-pc-sign.douyinpic.com/tos-cn-p-0015/o8U8G8dHMBePXjfBVIQrKmgpiCagTAxAgs7f3A~tplv-dy-360p.jpeg?biz_tag=pcweb_cover&card_type=153&column_n=0&from=327834062&l=20250417100210C408C0BBD6FDD75E8734&lk3s=138a59ce&s=PackSourceEnum_SEARCH&sc=origin_cover&se=false&x-expires=1746064800&x-signature=PL4fg7MQj0kUr3%2BMxTmv3e0RvIY%3D
7432422487658433832,æ— æè¿°,æœªçŸ¥æ—¶é—´,æœªçŸ¥ä½œè€…,0,0,0,https://p3-pc-sign.douyinpic.com/tos-cn-i-0813c001/ogRUnAI3SADqgBAZEmAAClmleNFJ9J0EiA5mfA~noop.jpeg?biz_tag=pcweb_cover&card_type=303&column_n=0&from=327834062&lk3s=138a59ce&s=PackSourceEnum_SEARCH&se=false&x-expires=1746064800&x-signature=kyVXq3m2HuxZCb7Jm2H18xb5aWU%3D
7477119976822951179,é‡çŒªä½©å¥‡ä¹‹çŒªå¦ˆæ€€å­• #å°çŒªä½©å¥‡ #é‡çŒªä½©å¥‡,2025-03-02,æŠ½è±¡éœ¸éœ¸,6664,0,0,https://p3-pc-sign.douyinpic.com/image-cut-tos-priv/091d072583b77284257c9168c6f8d020~tplv-dy-resize-origshort-autoq-75:330.jpeg?biz_tag=pcweb_cover&card_type=153&column_n=0&from=327834062&lk3s=138a59ce&s=PackSourceEnum_SEARCH&sc=cover&se=false&x-expires=2060215200&x-signature=BSP1bIDtO%2F5pBzJdZM8m2sdFJyQ%3D
7492322437904862490,#å°çŒªä½©å¥‡ #åŠ¨ç”»ç‰‡,æœªçŸ¥æ—¶é—´,ç²‰è‰²å°çŒªå®,2070,0,0,https://p3-pc-sign.douyinpic.com/tos-cn-i-0813/oM1xA6TionElfA5zABAIeESi0vDnI5ANABYCgK~tplv-dy-cropcenter:323:430.jpeg?biz_tag=pcweb_cover&from=327834062&lk3s=138a59ce&s=PackSourceEnum_SEARCH&sc=cover&se=true&sh=323_430&x-expires=2060215200&x-signature=KbY53SJCQJIUqzDIFzhLNnp9L5o%3D
7324248806378196263,å°çŒªä½©å¥‡å„¿ç«¥åŠ¨ç”»ç‰‡ï¼Œå‘ç”Ÿåœ¨ä½©å¥‡å®¶çš„ä¸§å°¸ç—…æ¯’#å„¿ç«¥åŠ¨ç”» #å°‘å„¿åŠ¨ç”»ç‰‡æ¨è #åŠ¨ç”»ç‰‡å„¿ç«¥è§†é¢‘3-6å² #åŠ¨ç”» #å°çŒªä½©å¥‡,2024-01-15,ç¾ä¹”åˆ†äº«,4552,0,0,https://p3-pc-sign.douyinpic.com/image-cut-tos-priv/505b0f88bf27dbb06b41926df5e86165~tplv-dy-resize-origshort-autoq-75:330.jpeg?biz_tag=pcweb_cover&card_type=153&column_n=0&from=327834062&lk3s=138a59ce&s=PackSourceEnum_SEARCH&sc=cover&se=false&x-expires=2060215200&x-signature=%2F4B809e84SWzLXlYO32dinYWqZI%3D
7493341466480151858,#èŠ­æ¯” #å…¬ä¸» #ç™½é›ªå…¬ä¸» #è‰¾è #è‰¾èå¥³ç‹,2025-04-15 09:22:35,ğŸ·å°çŒªä½©å¥‡ğŸ¦„,33816,691,21115,https://p3-pc-sign.douyinpic.com/tos-cn-p-0015/ooABCoE9O7PIfCVFlvDbWIJyEfs7EIFAKHABLf~tplv-dy-360p.jpeg?biz_tag=pcweb_cover&card_type=153&column_n=0&from=327834062&l=202504171003355EB47255B7B5A65E7DCE&lk3s=138a59ce&s=PackSourceEnum_SEARCH&sc=origin_cover&se=false&x-expires=1746064800&x-signature=a7poITQpkk6ugRlq58AFWy4J3JE%3D
7343441197123390755,#å°çŒªä½©å¥‡ #å„¿ç«¥åŠ¨ç”» #ä½©å¥‡ä¹”æ²»,2024-03-07 10:22:37,ç²‰è‰²å°çŒªå®,1721,102,1040,https://p3-pc-sign.douyinpic.com/tos-cn-p-0015/oswA9AthNg9OyntNbIBJezAakaI9fMA5zHbJJp~tplv-dy-360p.jpeg?biz_tag=pcweb_cover&card_type=153&column_n=0&from=327834062&l=202504171003355EB47255B7B5A65E7DCE&lk3s=138a59ce&s=PackSourceEnum_SEARCH&sc=origin_cover&se=false&x-expires=1746064800&x-signature=0OmNK2iF%2B0pT9YNx5Am531Z1ZuI%3D
7317041195480255807,å°çŒªä½©å¥‡å„¿ç«¥åŠ¨ç”»ç‰‡ï¼Œä¸ä¸€æ ·çš„å¹³å®‰å¤œ#å„¿ç«¥åŠ¨ç”» #å°‘å„¿åŠ¨ç”»ç‰‡æ¨è #åŠ¨ç”»ç‰‡å„¿ç«¥è§†é¢‘3-6å² #å„¿ç«¥åŠ¨ç”»ç‰‡#å°çŒªä½©å¥‡,2023-12-27 06:57:56,çˆ±æ£®åŠ¨ç”»,2772,162,1208,https://p3-pc-sign.douyinpic.com/tos-cn-p-0015/oYweExhWi5ULaLDnAQyDWKgIzNAMfAAA7BRyaI~tplv-dy-360p.jpeg?biz_tag=pcweb_cover&card_type=153&column_n=0&from=327834062&l=202504171003355EB47255B7B5A65E7DCE&lk3s=138a59ce&s=PackSourceEnum_SEARCH&sc=origin_cover&se=false&x-expires=1746064800&x-signature=0sr6kqOKUyTzUlYTn1QwB64Z3Kk%3D
7289592515630501154,#å°çŒªä½©å¥‡åŠ¨ç”»ç‰‡ #ä½©å¥‡ä¹”æ²» #å„¿ç«¥åŠ¨ç”»,2023-10-14 07:42:12,ç²‰è‰²å°çŒªå®,4956,213,2312,https://p3-pc-sign.douyinpic.com/tos-cn-p-0015/e6de75c85a2a480fb6529a51b3fb980c_1697240536~tplv-dy-360p.jpeg?biz_tag=pcweb_cover&card_type=153&column_n=0&from=327834062&l=202504171003355EB47255B7B5A65E7DCE&lk3s=138a59ce&s=PackSourceEnum_SEARCH&sc=origin_cover&se=false&x-expires=1746064800&x-signature=1haQ0Sy0%2B5u3wbirAMMwbYYE%2B58%3D
7309364269613632780,çŒªå¦ˆå¦ˆè¦ç”Ÿå®å®äº†#0åˆ°3å²æ—©æ•™ #äº²å­äº’åŠ¨ #å°çŒªä½©å¥‡ #ç›Šè¶£æ—©æ•™ #å¯è’™æ•™è‚²,2023-12-06 14:26:40,æ¬£æ¬£ç‹å›½,1795,84,874,https://p3-pc-sign.douyinpic.com/tos-cn-p-0015/5f636a36fbc34cc9a61ff35cfc5e07ef_1701844004~tplv-dy-360p.jpeg?biz_tag=pcweb_cover&card_type=153&column_n=0&from=327834062&l=2025041710033670B27C7959B7145DC95E&lk3s=138a59ce&s=PackSourceEnum_SEARCH&sc=origin_cover&se=false&x-expires=1746064800&x-signature=VWcsCYMmbTpi4wYvEEcIdb90dCQ%3D
7487173401379982628,æ— æè¿°,æœªçŸ¥æ—¶é—´,æœªçŸ¥ä½œè€…,0,0,0,https://p3-pc-sign.douyinpic.com/tos-cn-i-0813c001/oIDARIBEiAEA5ynJA9NbAC7Aq14EICAfgnep6i~noop.jpeg?biz_tag=pcweb_cover&card_type=303&column_n=0&from=327834062&lk3s=138a59ce&s=PackSourceEnum_SEARCH&se=false&x-expires=1746064800&x-signature=2hN56k4kd3vw%2BKZ6mR1Kbl%2FO0fY%3D
7478746724060761378,ã€Šå“ªå’3 å¥³å„¿å›½ç¯‡ã€‹ç¬¬ä¸€é›† æ•‘æ¯ç¬¬ä¸€ç«™å¥³å„¿å›½ï¼Œæ•–ä¸™å“ªå’åŒåŒæ€€å­•#ç”·äººæ€€å­• #å“ªå’ #aiçŸ­å‰§ #ç¥è¯ä¼ è¯´ #äººçš„è¿·æƒ‘è¡Œä¸º,2025-03-07,AIå°æ˜Ÿ,1,0,0,https://p3-pc-sign.douyinpic.com/tos-cn-i-dy/35f03ad1217a42219893edd6917e0f86~tplv-dy-cropcenter:323:430.jpeg?biz_tag=pcweb_cover&from=327834062&lk3s=138a59ce&s=PackSourceEnum_SEARCH&sc=cover&se=true&sh=323_430&x-expires=2060215200&x-signature=mNtzXSkAb593B%2BuVAtagUeeN9Lk%3D
7474979331509374227,æ•–æ¶¦æ€€å­•ç”Ÿå®å® ã€Šå“ªå’2ã€‹#æ•–æ¶¦æ€€å­•å•¦ï¼è¿˜ç”Ÿäº†ä¸€ä¸ªå¯çˆ±çš„å°å®å®#å“ªå’#æ•–æ¶¦ #å“ªå’2,2025-02-24,äº‘ç«¯-æ¼«æ­¥è€…,1,0,0,https://p3-pc-sign.douyinpic.com/tos-cn-i-dy/0403f62dd9744f0580bfdd7124cc0c74~tplv-dy-cropcenter:323:430.jpeg?biz_tag=pcweb_cover&from=327834062&lk3s=138a59ce&s=PackSourceEnum_SEARCH&sc=cover&se=true&sh=323_430&x-expires=2060215200&x-signature=bweb6t22r%2F062vnffU47TLi8Ogk%3D
7484411770321292570,ğŸ‘€å°è¯´ï¼šé¥¼æ¸£æ¼‚æµ®ï¼šé¥¼æ¸£#æ•–ä¸™#å“ªå’#ç‚’é¸¡å¥½çœ‹å°è¯´#å¥³ç”Ÿå¿…çœ‹#å°è¯´æ¨è,2025-03-22,é˜¿ç§€æ¨æ–‡è¯·å‹¿è¿èµ,1041,0,0,https://p3-pc-sign.douyinpic.com/tos-cn-i-0813c001/o4AX7eNtDQGfA70fALFAY8szvQfNfAEIEsAFHd~tplv-dy-cropcenter:323:430.jpeg?biz_tag=pcweb_cover&from=327834062&lk3s=138a59ce&s=PackSourceEnum_SEARCH&sc=cover&se=true&sh=323_430&x-expires=2060215200&x-signature=QWsJmsg%2FrCVZw5hfByyDh6iWhBc%3D
7465223173445897532,éœ‡æƒŠï¼å“ªå’ä¸æ•–ä¸™ç«Ÿå­•æœ‰ä¸€å­ï¼åä¸ºè—•ç²‰ï¼å› ä¸ºä»–ä»¬ä¿©æ˜¯ç”¨è—•ç²‰é‡å¡‘è‚‰èº«è·å¾—æ–°ç”Ÿï¼#è—•é¥¼ #è—•é¥¼cp #å“ªå’æ•–ä¸™ #è—•é¥¼ç£•å®šäº† #å“ªå’ä¹‹é­”ç«¥é—¹æµ·,2025-01-29 14:38:54,å°çˆ±åŒå­¦.,9419,695,2271,https://p3-pc-sign.douyinpic.com/tos-cn-i-0813c000-ce/o4hPZQlpAAAdA7xzgELnMz8GteBeeL5IJBECZI~noop.jpeg?biz_tag=pcweb_cover&card_type=303&column_n=0&from=327834062&l=20250417100403C203BCB533F2015C6BC4&lk3s=138a59ce&s=PackSourceEnum_SEARCH&se=false&x-expires=1746064800&x-signature=X2RMbAgIsKeSTssYF5M4BQWOM18%3D
7475711528482655528,#ä¸‡ç‰©çš†å¯å˜èº«å“ªå’ æ€€å­•çš„å“ªå’æ¥äº†ğŸ˜‚ğŸ˜‚ğŸ˜‚ğŸ˜‚,2025-02-26 20:59:06,å‚»å¦ğŸ˜˜,36,0,12,https://p3-pc-sign.douyinpic.com/tos-cn-p-0015/oww4Ex8MQgfdsneHiEOQ9fEhfIBAbQ9UXCfvgA~tplv-dy-360p.jpeg?biz_tag=pcweb_cover&card_type=153&column_n=0&from=327834062&l=20250417100403C203BCB533F2015C6BC4&lk3s=138a59ce&s=PackSourceEnum_SEARCH&sc=origin_cover&se=false&x-expires=1746064800&x-signature=Yc8DGZMRf1TgJrwRdr6H%2B6O9vTE%3D
7473678534196645139,å¤©å•Šï¼Œ æ•–é—°æ€€å­•éƒ½è¿™ä¹ˆç¾ï¼ ä¸€æƒ³åˆ°è‚šå­çš„è¥¿æµ·ä¸‰å¤ªå­ï¼Œä¼šå˜æˆç™½é¾™é©¬ï¼Œæˆ‘å°±æƒ³ç¬‘#æ•–é—° #å“ªå’ä¹‹é­”ç«¥é—¹æµ·#æ•–é—°æ€€å­•,2025-02-21 09:32:45,æœ€å¼ºAI,354,51,408,https://p9-pc-sign.douyinpic.com/tos-cn-p-0015/oAvtBf8EAijCI81ndBngiBc3IH9eAsTCqADh6J~tplv-dy-360p.jpeg?biz_tag=pcweb_cover&card_type=153&column_n=0&from=327834062&l=20250417100403C203BCB533F2015C6BC4&lk3s=138a59ce&s=PackSourceEnum_SEARCH&sc=origin_cover&se=false&x-expires=1746064800&x-signature=fpPQaKlhMxDA14zMQAI3qHN23I0%3D
7471729247984323897,#æ¼«ç”»æ¨è,2025-02-16 03:26:37,æ¸©æŸ”ä¸¤åŠ,1712,100,1562,https://p3-pc-sign.douyinpic.com/tos-cn-i-0813c000-ce/oAnY8ODfEFASI6EYXAE8A6BAJwdIf7mwPelCgD~noop.jpeg?biz_tag=pcweb_cover&card_type=303&column_n=0&from=327834062&l=20250417100403C203BCB533F2015C6BC4&lk3s=138a59ce&s=PackSourceEnum_SEARCH&se=false&x-expires=1746064800&x-signature=4sYolADdohyhKpXvoOtAaO%2FYdwM%3D
7478266626262011187,#æ•–å’ #,2025-03-05 18:14:03,è èé”¤å­æ¨æ–‡,63,0,74,https://p3-pc-sign.douyinpic.com/tos-cn-p-0015/o0APcwQgDbAFIECRW39x6yftIODeABhQCC9n8Q~tplv-dy-360p.jpeg?biz_tag=pcweb_cover&card_type=153&column_n=0&from=327834062&l=20250417100406C203BCB533F2015C6D05&lk3s=138a59ce&s=PackSourceEnum_SEARCH&sc=origin_cover&se=false&x-expires=1746064800&x-signature=CJSb%2B%2BJwMZ0Lib4tNS2raWQdwOg%3D
7490041583845313846,å“ªå’æ€€å­•#åŒç”·ä¸»åŠ¨æ¼«,2025-04-06 11:47:05,å°èˆ,45,3,51,https://p3-pc-sign.douyinpic.com/tos-cn-i-0813c001/oQHIkedQIgCHQOxQFjuGeEIsIXALAAfAAAlfQf~noop.jpeg?biz_tag=pcweb_cover&card_type=303&column_n=0&from=327834062&l=20250417100406C203BCB533F2015C6D05&lk3s=138a59ce&s=PackSourceEnum_SEARCH&se=false&x-expires=1746064800&x-signature=kf4I9ARWSluiwBhQp5MBMNB5E2s%3D
7471492519365266747,å“ªå’å­•å#å“ªå’æ•–ä¸™cpåŒäººå›¾ç‰‡ #åŒäººæ–‡,2025-02-15 12:07:00,å¥¶ç›–æ³¡èŠ™666,61,9,22,https://p3-pc-sign.douyinpic.com/tos-cn-i-0813c000-ce/owzwSiR6A7anAhOBItZiPsM3EAzA2NNCEAvA4~noop.jpeg?biz_tag=pcweb_cover&card_type=303&column_n=0&from=327834062&l=20250417100406C203BCB533F2015C6D05&lk3s=138a59ce&s=PackSourceEnum_SEARCH&se=false&x-expires=1746064800&x-signature=FnWzVrtXk7oHJg552theoVdPbaU%3D
