vd_id,vd_title,author,create_time,likes,shares,collects,reported
7447829283390721337,冰雪女王艾莎跟格丽乔奥特曼怎么了？ #儿童动画 #奥特曼 #奥特曼儿童动画片 #奥特曼动画片儿童3-6岁 #艾莎,阿呆（谢谢，不要连赞）,2024-12-13 00:00:00,6534,0,0,False
7100490671450000648,白雪公主的真面目远比你想象的黑暗！#白雪公主 #动漫 #揭秘,风间同学,2022-05-22 00:00:00,5754,0,0,False
6809502055472876807,"百变女王 #艾莎 #冰雪奇缘  实在是太美了,哪个造型最最最好看 #高清60帧",超能漫剪队,2020-03-29 00:00:00,4569,0,0,False
7086266386472865031,白雪公主能打败汉堡国王吗,萌果乐园,2022-04-14 00:00:00,1324,0,0,False
7462367002443746571,冰雪奇缘真人版，冰雪女王艾莎穿越到了现代,yiyi,2025-01-21 00:00:00,618,0,0,False
7372515545549229349,童年回忆 白雪公主老动画的人物和动物的动作好灵动啊#童年动画  #迪士尼动画 #动画短片推荐  #动画  #电影,哦哦RICH,2024-05-24 00:00:00,404,0,0,False
7445608891032931584,孩子一觉醒来气坏了，气势汹汹的来问妈妈#语出惊人的熊孩子 #人类幼崽 #看一遍笑一遍 #童言无忌#原创动画 @DOU+小助手 @抖音小助手,胖小渔,2024-12-07 00:00:00,281,0,0,False
7394397836508499235,#语出惊人的熊孩子 #萌到爆炸了💥 #被你萌化了 #人类幼崽主打一个语出惊人 #太逗了,生活甜甜，🈶趣🈶盼,2024-07-22 00:00:00,281,0,0,False
7384331769295719732,#仓鼠🐹 #仓鼠捏捏 #捏捏 #养鼠日常分享 #萌宠出道计划 自制仓鼠捏捏乐,芭比皮皮,2024-06-25 00:00:00,99,0,0,False
7486153660498447616,“呼，冰雪有想不到的魔力”#冰雪奇缘 #艾莎 #高燃 #经典电影 #人物故事,影海盗梦🎬【电影解说】,2025-03-27 00:00:00,82,0,0,False
7475665616289025295,#乔治#万万想不到 #2025#童年动画#3到6岁儿童益智早教动画 @DOU+上热门,掱惢,2025-02-26 00:00:00,49,0,0,False
7467799998864837924,小猪佩奇#小猪佩奇 #万万没想到 #666,LY～🍭,2025-02-05 00:00:00,32,0,0,False
7481515414334213391,#解压 #万万没想到,小气泡,2025-03-14 00:00:00,31,0,0,False
7465912689856875833,健身仓鼠 #仓鼠 #萌宠 #神奇动物在抖音 #动物成精 #动物世界,芭比皮皮,2025-01-31 00:00:00,18,0,0,False
7496384665805671740,#艾莎#艾莎女王 #儿童益智 #3-6岁儿童动画视频,一百分💯,2025-04-23 00:00:00,17,0,0,False
7485568327729876263,3dmax游戏建模 近期做的完整的渲染模型#3d建模 #设计 #建模 #游戏建模 #游戏,芭比皮皮,2025-03-25 00:00:00,12,0,0,False
7426953638616026377,想一想，还是孩子机灵啊！#语出惊人的熊孩子 #萌娃#人类幼崽 #万万没想到 #轻慢计划原创动漫,毅宝的画,2024-10-18 00:00:00,12,0,0,False
7481910116166520104,原版《白雪公主》到底是什么样的？ #白雪公主 #童话 #知识 #文化 #童年,二二酸酸,2025-03-15 00:00:00,10,0,0,False
7480851080641826063,#小猪佩奇 #万万没想到 #每日分享 #每日分享 #极度舒适,小气泡,2025-03-12 00:00:00,10,0,0,False
7115741184257035524,#迪士尼动画 #精彩片段 #艾莎公主 #迪士尼公主 #冰雪奇缘,艾莎公主👸🏻👑,2022-07-02 00:00:00,9,0,0,False
7035794512849030408,白雪公主进偶像回收站 #白雪公主 #少儿 #少儿动画 #动漫 #亲子,萌果乐园,2021-11-29 00:00:00,6,0,0,False
7343616443906411828,佩奇：嘿嘿，这是我的爸爸#万万没想到#惊不惊喜意不意外,小。怪兽,2024-03-07 00:00:00,6,0,0,False
7479954448672984370,#亲子互动 #语出惊人的熊孩子 #内容启发搜索,程程和孩儿们,2025-03-10 00:00:00,6,0,0,False
7486426870704000275,3D游戏建模-线框 #建模 #人体结构 #设计 #3d建模 #热点作品整理,芭比皮皮,2025-03-27 00:00:00,5,0,0,False
7449340359156518201,不得不说，孩子的反应能力就是强😂#语出惊人的熊孩子 #看一遍笑一遍 #万万没想到 #意想不到的结局 #内容启发搜索,裸生的画,2024-12-17 00:00:00,4,0,0,False
7426318594402733322,#万万没想到 #每日一笑 #这谁顶得住啊 #看完不笑算我输 #意想不到的结局,快乐大汉堡,2024-10-16 00:00:00,3,0,0,False
7404889923741879571,#野猪佩奇 #小猪佩奇 #佩奇乔治 #万万没想到,Hello_14,2024-08-20 00:00:00,3,0,0,False
7145456401429646628,童话故事《白雪公主》3-6岁儿童睡前小故事#童话故事 #睡前故事 #幼儿睡前小故事 #动画小故事 #儿童故事,儿童睡前小故事,2022-09-20 00:00:00,3,0,0,False
7434416936647249152,冰雪奇缘，艾莎女王(伊迪娜)完美献唱-let it go~ #冰雪奇缘 #艾莎 #动画电影 #视觉盛宴,LUOXH,2024-11-07 00:00:00,2,0,0,False
7482773866729753910,#小猪佩奇 #佩奇乔治 万万没想到结局是这样😂😂😂,乌苏市青春旋律冰淇淋餐吧,2025-03-17 00:00:00,2,0,0,False
7486718060297030969,#恋与深空 #游戏 #乙游 #夏以昼 #哥哥 哥哥这套太帅了，当夏以昼妹妹好幸福呜呜呜,芭比皮皮,2025-03-28 00:00:00,1,0,0,False
7479031035301268773,语出惊人的熊孩子太搞笑了#意想不到的结局 #内容过于真实 #万万想不到 #语出惊人的熊孩子 #轻漫计划,裸生的画,2025-03-07 00:00:00,1,0,0,False
7421109523995299108,#奥特曼儿#儿童动画 #动画视频 #奥特曼儿童动画 #3-6岁儿童赛罗动画视频 童动画,小雪妹妹,2024-10-02 17:35:20,1510087,10533,157438,False
7483802256433843507,童年阴影要用一生治愈，刺猬的心反而是最脆弱的地方《绿头苍蝇》 #一剪到底 #内容启发搜索 #电影解说,默默讲电影,2025-03-20 16:16:32,417594,72909,40515,False
7486369757059484955,中国富商与法国少女的畸形爱恋，竟让他们铭记了一生。《情人》 #电影 #一剪到底 #内容启发搜索 #抖音创作季,小机灵说电影,2025-03-27 17:00:00,305959,37779,31046,False
7452992546281639205,#儿童启蒙早教益智动画片 #少儿益智动漫推荐 #3到6岁儿童益智早教动画 #启蒙早教 #儿童启蒙,瑞瑞早教,2024-12-27 15:38:09,105012,1271,45463,False
7252638468734553401,被丢弃的佩奇，竟然靠着吃垃圾长到了几百斤#我要上热门 #宅家dou剧场 @DOU+小助手,默默讲电影,2023-07-06 17:41:37,86590,5182,32205,False
7408436960856902962,#适合三四岁儿童看的早教动画片推荐 #少儿益智动漫推荐 #亲子互动 #儿童启蒙早教益智动画片 #少儿动画片推荐,兔舞舞,2024-08-29 13:59:19,58543,423,26536,False
7490951439410351398,睡梦之中游戏 ，一款非常有意义的家庭故事游戏~#steam游戏 #游戏解说  #游戏怪谈,小黄蜂游戏主播,2025-04-09 17:00:00,54898,4586,44350,False
7457845270387199289,#分享有趣的视频 #儿童爱看的小视频 #3到6岁儿童益智早教动画 #儿童启蒙早教益智动画片 #搞笑,用户1490743346229,2025-01-09 17:29:00,44402,458,17485,False
7344587861255032083,#奥特曼儿童动画片 #赛罗奥特曼 #奥特曼动画片3-6岁儿童 #无法拒绝的奥特曼玩具 #贝利亚奥特曼,宵宵讲故事1,2024-03-10 12:32:10,40818,409,16011,False
7454405427716050235,#搞笑#超级萌娃 #萌娃达人秀,大叔~岳群,2024-12-31 11:00:37,37002,2098,14023,False
7455016587859381538,#亲子互动 #儿童视频 #启蒙早教 #小视频儿童版3-6岁 #搞笑儿童,奥特大哥,2025-01-02 10:33:00,35365,337,14940,False
7493341466480151858,#芭比 #公主 #白雪公主 #艾莎 #艾莎女王,🐷小猪佩奇🦄,2025-04-15 09:22:35,33816,691,21115,False
7440019210715041062,佩奇：看羚羊老师如何轻松拿下变异校长 #小猪佩奇搞笑配音 #小猪佩奇动画片 #野猪佩奇,开心熊猫,2024-11-22 16:36:17,19852,1255,14322,False
7484467640472227108,#奥特曼儿童动画片 #3到6岁儿童益智早教动画 #3到6岁儿童赛罗动画视频 #3-6岁儿童赛罗动画视频 #赛罗奥特曼视频大全,海边看雪落,2025-03-22 11:17:16,18116,87,5508,False
7458224363301653820,#3到6岁儿童益智早教动画 #儿童启蒙早教益智动画片 #0到3岁幼儿早教益智动画大全 #玩具视频及玩具小故事 #亲子互动,大土豪奶龙益智馆,2025-01-10 17:59:53,15602,278,5698,False
7489727195972226362,#小孩子看的儿童视频 #玩具视频及玩具小故事 #0到3岁幼儿早教益智动画大全 #亲子互动,鹿吖呀,2025-04-05 15:26:52,14816,241,8271,False
7319050197684849946,#小猪佩奇搞笑动画 #小猪佩奇动画片 #隔壁更精彩 ,久本动漫解说,2024-01-01 16:53:29,11471,571,4865,False
7491590846756883748,#儿童视频 #启蒙早教 #亲子互动 #人类幼崽迷惑行为大赏 #萌娃搞笑日常,大胖黄,2025-04-10 15:59:06,11146,58,5074,False
7437740921598364928,#逗你一笑😅😅😅烦恼忘掉 #幽默段子 #小视频儿童版3-6岁,泽泽麻麻呀,2024-11-16 13:13:38,10861,115,4607,False
7303759196267334964,#热门动画 #脑动大开的动画 #趣味动画 #动画短片推荐 #小猪佩奇,搞笑动漫Z,2023-11-21 11:56:08,10289,587,6304,False
7468602072225680666,小猪佩奇的诡异的世界。 #元梦之星 #元梦之星大唐风华赛季 #过年就玩元梦之星,元梦小坤坤,2025-02-07 00:00:00,9522,0,0,False
7374290276958981427,#赛罗奥特曼视频大全 #奥特曼儿童动画片 #儿童启蒙早教益智动画片 #贝利亚奥特曼 #少儿益智动漫推荐,正能量羽沫,2024-05-29 00:00:00,9480,0,0,False
7465223173445897532,震惊！哪吒与敖丙竟孕有一子！名为藕粉！因为他们俩是用藕粉重塑肉身获得新生！#藕饼 #藕饼cp #哪吒敖丙 #藕饼磕定了 #哪吒之魔童闹海,小爱同学.,2025-01-29 14:38:54,9419,695,2271,False
7302338176901729575,小猪佩奇中的诡异火车，你发现了吗？ #小猪佩奇 #动画 #动画片 #儿童动画片,小紫太困啦～🩵,2023-11-17 16:01:57,9303,684,5414,False
7477092695912008997,#儿童动画 #儿童启蒙早教益智动画片 #儿童启蒙益智动画0到3岁早教超级宝贝jojo,彤彤动漫,2025-03-02 14:18:51,8897,108,3735,False
7440371394170473786,#儿童早教动画视频 #0到3岁幼儿早教益智动画大全 #早教启蒙益智动画,茂娟萨百货,2024-11-23 00:00:00,8864,0,0,False
7439632465175678259,奇怪的佩奇一家，你们千万不要惹他们啊#巅峰极速 #巅峰极速巅峰学院 #巅峰车手追风也追TA #巅子勇闯世界尽头冰岛 #儿童动画,蛐蛐游戏酱,2024-11-21 15:35:55,8319,197,3350,False
7487619532857642297,#内容启发搜索 #山西dou知道 #因开车纠纷辱骂对方的女子被停职 #大鸣白话 #大鸣曲艺,大鸣白话（大鸣曲艺）,2025-03-30 23:08:08,8044,1501,468,False
7457823435599695116,爱莎公主#艾莎公主视频动画片 #爱莎儿童动画片大全 #艾莎 #儿童 #儿童动画,浩哥,2025-01-09 16:04:40,7573,225,4245,False
7478202214297767194,#亲子互动 #搞笑视频 #哪吒 #萌娃搞怪瞬间 #萌娃委屈视频,小佳萌启蒙乐园,2025-03-05 00:00:00,7399,0,0,False
7312081354982739215,#动画短片推荐 #小猪佩奇 #二次元 #热门动画 #趣味动画,搞笑动漫Z,2023-12-13 22:10:42,7162,518,4610,False
7492668612600286474,#儿童动画 #奥特曼趣味动画 #3-6岁儿童赛罗动画视频 #儿童益智早教 #亲子互动,糖果罐子,2025-04-13 13:41:23,7147,76,3518,False
7482677578499755276,#早教启蒙益智动画 #0到3岁幼儿早教益智动画大全 #儿童视频,月园动画,2025-03-17 00:00:00,6985,0,0,False
7435318615030664458,#益智动画 #奥特曼儿童动画片 #3到6岁儿童益智早教动画 #爱莎公主 #儿童动画,艾莎公主,2024-11-10 00:34:18,6931,168,3397,False
7455712291300937020,#儿童启蒙益智动画0到3岁早教超级宝贝jojo #儿童动画 #奥特曼儿童动画片 #儿童玩具 #亲子互动,图图启蒙动画片,2025-01-04 09:14:00,6751,44,2710,False
7477119976822951179,野猪佩奇之猪妈怀孕 #小猪佩奇 #野猪佩奇,抽象霸霸,2025-03-02 00:00:00,6664,0,0,False
7491860161326222646,恐游质检员！！！#steam游戏 #恐怖游戏 #助眠,真的不吃辣椒啊,2025-04-11 09:24:07,6523,925,590,False
7380587233046170891,蜘蛛侠发现托马斯刹车失灵，扛起火车保护猫和老鼠 #儿童玩具故事 #儿童视频 #玩具视频 #汽车动画 #车祸模拟器,小明亲子,2024-06-15 12:48:09,5729,181,2324,False
7486412333011537171,#赛罗奥特曼 #早教动画 #早教启蒙益智动画 #奥特曼儿童动画片,仔仔棒,2025-03-27 17:03:35,5703,31,2047,False
7365410711121530121,在后室中和3岁小孩玩 123木头人！ #宣宣game ,宣宣,2024-05-05 15:15:38,5378,386,3109,False
7484861829718592805,#奥特曼儿童动画片 #3到6岁儿童益智早教动画 #亲子互动 #启蒙早教 #趣味英语,小樱🍑,2025-03-23 12:47:05,5325,17,1938,False
7289592515630501154,#小猪佩奇动画片 #佩奇乔治 #儿童动画,粉色小猪宝,2023-10-14 07:42:12,4956,213,2312,False
7477197174233681171,#儿童动画 #儿童动画片6-10岁益智动画片 #益智动画 #儿童启蒙早教益智动画片,LT1威武,2025-03-02 21:04:08,4565,54,1804,False
7324248806378196263,小猪佩奇儿童动画片，发生在佩奇家的丧尸病毒#儿童动画 #少儿动画片推荐 #动画片儿童视频3-6岁 #动画 #小猪佩奇,美乔分享,2024-01-15 00:00:00,4552,0,0,False
7432865740774067506,#小猪佩奇,猪佩奇,2024-11-03 00:00:00,4351,0,0,False
7458583419652492579,15岁小朋友竟然能做出这么精致的游戏 真无敌了 #恐怖游戏 #真实改编 #单机游戏,不吃猪大肠,2025-01-11 17:16:23,4234,322,1871,False
7458319823278181691,#亲子互动 #儿童益智 #儿童启蒙早教益智动画片 #0-6岁幼儿早教启蒙教育 #启蒙早教,小方来找茬,2025-01-11 00:10:13,4140,19,1361,False
7329461805921733903,#野猪佩奇 #毁童年系列 #热门动画 #小猪佩奇 #动漫推荐,搞笑动漫Z,2024-01-29 18:16:14,4107,244,2160,False
7478768812926455100,#奥特曼儿童动画片 #赛罗奥特曼 #儿童益智视频 #儿童动画 #萌到爆炸了💥 你相信光吗,泰罗奥特曼,2025-03-07 06:45:00,4013,14,1568,False
7478191962642730281,小朋友宝宝爱看的搞笑视频 小朋友都爱看 #亲子互动 #小孩子爱看的视频 #3到6岁儿童益智早教动画 #哈哈哈皮一下开心一下   哈哈表哥,祈祈儿童动画片,2025-03-05 13:26:45,3943,21,1590,False
7476339879358631179,#3到6岁儿童益智早教动画 #儿童爱看的小视频 #小宝宝爱看的视频玩具 #启蒙早教 #超级萌娃,圆圆动画馆,2025-02-28 13:37:35,3889,20,1559,False
7382150909490416908,红巨人扛起托马斯小火车就下魔女，汤姆猫被蜘蛛侠打败救下小老鼠 #车祸模拟器 #儿童玩具故事 #玩具视频 #儿童视频 #汽车动画,小明亲子,2024-06-19 17:55:59,3758,103,1720,False
7478190592019729701,#儿童启蒙早教益智动画片 #3到6岁儿童益智早教动画 #启蒙早教,肥肥的吧啦,2025-03-05 00:00:00,3409,0,0,False
7468848314323062057,#小猪佩奇 #小猪佩奇配音视频 #野猪佩奇,冯汤姆,2025-02-08 09:06:32,2977,51,1379,False
7474882305518095616,#儿童动画 #儿童动画片6-10岁益智动画片 #,蜡笔小新🖍️,2025-02-24 15:21:32,2836,38,1015,False
7435682022883953930,#儿童动画 #爱莎公主 #冰雪奇缘 #奥特曼儿童动画片 #益智动画,艾莎公主,2024-11-11 00:04:30,2833,114,1794,False
7317041195480255807,小猪佩奇儿童动画片，不一样的平安夜#儿童动画 #少儿动画片推荐 #动画片儿童视频3-6岁 #儿童动画片#小猪佩奇,爱森动画,2023-12-27 06:57:56,2772,162,1208,False
7237440228422651168,我被一帮小孩鬼捉去一起躲猫猫，如果找不到他们，我就会死掉！ #恐怖游戏 #鬼故事 #躲猫猫 #灵异 #儿童绘本故事,乐游Play,2023-05-26 18:44:41,2744,75,943,False
7296448178776506916,天才小朋友做出来的恐怖游戏！全程高能毫无预兆的超惊悚体验！,棠棣Tendy,2023-11-01 00:00:00,2662,0,0,False
7325463431027461411,#用最幼稚的动画片讲出最真实的道理 #趣味动画 #热门动画 #小猪佩奇 #动画短片推荐,搞笑动漫Z,2024-01-18 00:00:00,2658,0,0,False
7342062610805771546,小猪佩奇儿童动画片，佩奇变异啦#儿童动画 #少儿动画片推荐 #动画片儿童视频3-6岁 #儿童动画片#小猪佩奇,萨萨同学,2024-03-03 17:12:53,2654,119,1224,False
7387985458208214287,#儿童启蒙早教益智动画片 #3-6岁儿童赛罗动画视频 #奥特曼儿童动画片 #少儿益智动漫推荐 #贝利亚奥特曼,韦雪儿,2024-07-05 11:16:58,2515,15,1055,False
7363584847597571340,爱莎公主才是好的#爱莎公主 #儿童动画 #学生党 #二次元#动画片儿童视频3-6岁 #冰雪奇缘,赛罗校长,2024-04-30 17:10:09,2498,199,1292,False
7484570627265809714,#儿童工程车动画片大全 #看一遍笑一遍 #挖掘机挖土视频 #3到6岁儿童益智早教动画 #搞笑视频,益智小鱼仔,2025-03-22 17:56:54,2486,16,997,False
7453951792427191587,#意想不到的结局 #儿童视频 #儿童工程车动画片大全 #亲子互动 #儿童益智,小蘑菇,2024-12-30 00:00:00,2483,0,0,False
7428885034322464026,#二次元 #爱莎公主 #儿童动画 #儿童益智早教 #儿童益智,炸弹猫,2024-10-23 16:28:16,2409,133,1271,False
7442143416307223817,蜘蛛侠和超级英雄抵挡托马斯小火车，救下可爱小猫咪 #儿童视频 #动画视频 #车祸模拟器 #工程车玩具 #益智动画,小明亲子,2024-11-28 09:57:41,2236,68,1034,False
7489683353315052854,吃糖#可爱到爆炸💥 #萌娃搞笑日常 #萌宝宝 #快乐心态快乐生活 #好吃到爆,萌宝宝,2025-04-05 12:36:58,2219,27,1029,False
7481865674420260115,#儿童工程车动画片大全 #儿童工程车动画片大全 #工程车玩具#,牙牙益智馆,2025-03-15 00:00:00,2160,0,0,False
7481869280577932553,#工程车动画片大全#儿童挖掘机动画片 #工程车玩具#挖掘机玩具,嗨嗨嗨来捞,2025-03-15 11:14:19,2107,9,894,False
7454914083146452287,#美食 #恐怖故事 #讲故事 恶作剧游戏 @丸子呐✓ @冬酿芋圆y @抖音热点 @ˡᵒᵛᵉ沈玖妍💌,ˡᵒᵛᵉ沈玖妍💌,2025-01-01 00:00:00,1969,0,0,False
7486116682331786536,儿歌多多100首0到3岁宝宝早教儿歌100首联播《小兔子乖乖》《拔萝卜》《小兔蹦蹦跳》《宝贝宝贝》《数鸭子》《小毛驴》《宝宝睡觉》《小鸭子嘎嘎嘎》《小手拍拍》《小猫怎么叫》《小羊怎么叫》《宝宝学说话》《小狗汪汪叫》《冰糖葫芦》《蜗牛与黄鹂鸟》《小动物叫声》《山上有老虎》 《小鸭子嘎嘎嘎》《世上只有妈妈好》#0到3岁早教儿歌 #儿歌 #启蒙早教 #儿歌100首最火 #宝宝儿歌 宝宝早教儿歌 1-3岁儿歌100首最火 幼儿儿歌舞蹈 1-3岁宝宝儿歌100首最火 0-3岁儿歌100,开心健康儿歌,2025-03-26 21:56:26,1800,5,694,False
7309364269613632780,猪妈妈要生宝宝了#0到3岁早教 #亲子互动 #小猪佩奇 #益趣早教 #启蒙教育,欣欣王国,2023-12-06 14:26:40,1795,84,874,False
7343441197123390755,#小猪佩奇 #儿童动画 #佩奇乔治,粉色小猪宝,2024-03-07 10:22:37,1721,102,1040,False
7471729247984323897,#漫画推荐,温柔两半,2025-02-16 03:26:37,1712,100,1562,False
7482213204530072890,#艾莎公主冰雪奇缘 #动画片儿童视频3-6岁,独一无二,2025-03-16 09:28:46,1659,38,789,False
7474037104213806396,#儿童动画 #奥特曼儿童动画片 #3-6岁儿童赛罗动画视频 #赛罗奥特曼 #简笔画,商陆,2025-02-22 08:41:23,1611,65,787,False
7486891040973098280,诽谤造谣  法网难逃！！#迪士尼在逃公主 #直播回放 #直播录屏分享,斑马🦓⁰⁰¹¹,2025-03-29 00:01:18,1568,153,91,False
7482970698076409139,#工程车动画片大全 #3-6岁挖掘机动画视频 #挖掘机视频大全 #挖掘机视频儿童大全 #工程车玩具,瑞瑞早教,2025-03-18 10:28:32,1339,3,486,False
7451810193228303673,#我在抖音看动画 #儿童动画 #动画短片 #二次元动漫 #动画,沐沐,2024-12-24 11:09:54,1295,24,438,False
7490551324392639803,#少儿益智动漫推荐 #动画片每天更新 #我在抖音看动画片 #热门动画 #少儿动漫,小苹果动漫,2025-04-08 18:07:00,1240,36,614,False
7384253972242025780,#上热门 #儿童动画 #启蒙早教 #小猪佩奇 #宝宝益智玩具游戏,冰冰动漫,2024-06-25 09:57:02,1223,18,486,False
7394370431966367003,俄罗斯版小小梦魇，小男孩历险记 #恐怖游戏 #小小梦魇,我是小橘FM,2024-07-22 00:00:00,1196,0,0,False
7414360897159728438,美女陷阱#这个游戏很好玩 #游戏日常 #游戏,土豆小游戏,2024-09-14 00:00:00,1092,0,0,False
7484411770321292570,👀小说：饼渣漂浮：饼渣#敖丙#哪吒#炒鸡好看小说#女生必看#小说推荐,阿秀推文请勿连赞,2025-03-22 00:00:00,1041,0,0,False
7480055148090232123,#哈哈哈哈哈哈我要笑死了 #小孩子的快乐总是那么简单 #快乐,小米熊,2025-03-10 13:54:23,1031,6,427,False
7489717623651945763,#奥特曼儿童动画片 #亲子互动 #儿童动画 #儿童玩具 #儿童启蒙益智动画0到3岁早教超级宝贝jojo,熊熊早教,2025-04-09 06:42:00,1013,4,400,False
7483152765896690996,#3-6岁儿童赛罗动画视频 #奥特曼儿童动画片 #奥特曼0到3岁儿童启蒙 #奥特曼玩具益智,奥特曼要相信光,2025-03-18 22:14:54,1012,11,405,False
7461091492543679770,野猪佩奇 #二次元 #动漫推荐 #牵手 #小猪佩奇 #野猪佩奇,搞笑动漫Z,2025-01-18 11:26:22,896,18,427,False
7462976760896818466,小猪佩奇：佩奇一觉醒来，发现弟弟成了毒液 #原创动画 #脑洞大开 #小猪佩奇配音视频,稞米动漫城,2025-01-23 13:25:49,845,37,559,False
7492719030118223164,#奥特曼儿童动画片 #奥特曼打怪兽 #奥特曼正义降临 #玩具,君携秋水揽星河,2025-04-13 16:56:44,829,3,367,False
7418606941779332364,大型纪录片《小孩哥怀孕》#大型纪录片 #胎中胎 #罕见病,大卓纪录片,2024-09-26 18:04:00,771,313,593,False
7488208798583180570,24丑就丑吧闺女画的能怎么办#原创动画 #原创作品 #内容启发搜索,o忘忧草,2025-04-01 00:00:00,710,0,0,False
7310923939004321063,#抖音创作季 #生化危机 #克莱尔 #托马斯小火车  托马斯小火车太可爱了吧,热门游戏發,2023-12-10 00:00:00,698,0,0,False
7469541087313530172,#萌娃 #儿童动画 #搞笑 #二次元 #儿童动画片6-10岁益智动画片,岳岳,2025-02-10 07:55:00,634,2,218,False
7450669938563435802,我去，这小朋友变异了#恐怖游戏 #治愈系 #游戏,豆豆玩游戏,2024-12-21 00:00:00,543,0,0,False
7470458930938858778,#爱莎公主 #儿童动画 #儿童益智 #奥特曼儿童动画片 #益智动画,沐浴春风,2025-02-12 17:16:24,524,6,269,False
7492673334384037154,#儿童动画 #哪吒动画片儿童视频3-6岁 #儿童视频#热门 @抖音热榜🔥 @我要上热门,橙子小小解说,2025-04-13 13:59:36,467,20,278,False
7487058594769292595,#佩奇搞笑动画片 #小猪佩奇 #小猪佩奇儿童视频3-6岁 #搞笑视频 #小猪佩奇动画片,🌈糖果味的梦🌈 🍬,2025-03-29 10:51:31,445,20,283,False
7482721294585220364,#儿童动画#亲子互动#儿童动画#亲子互动###3-6岁儿童睡前故事推荐,糖果小王子,2025-03-17 18:20:38,438,2,185,False
7490399455397596416,#儿童启蒙益智动画0到3岁早教超级宝贝jojo #3到6岁儿童益智早教动画 #奥特曼儿童动画片 #萌娃 #儿童手工玩具,灵犀一指,2025-04-09 00:00:00,426,0,0,False
7480754149810867493,小姐姐拦车#这个游戏很好玩 #游戏 #快来和我一起玩吧 #内容启发搜索,小鹿姐姐😘,2025-03-12 00:00:00,418,0,0,False
7463442044267072794,小姐姐#这个游戏很好玩 #快来和我一起玩吧 #模拟游戏 #内容启发搜索,妍妍游戏喵,2025-01-24 19:31:24,382,4,154,False
7327972038130371851,坐火车闯进了僵尸窝，快放开乔治让我来！小猪佩奇#儿童动画 #原创动画 #儿童动漫 #小猪佩奇 #僵尸 #游戏 #亲子 #我的世界 ,奥特曼小怪兽,2024-01-25 17:54:15,367,58,156,False
7487145690964020538,#新奇特创意 #玩出新花样 #欢乐时刻 #亲子日常,用户9814301662001,2025-03-29 00:00:00,359,0,0,False
7473678534196645139,天啊， 敖闰怀孕都这么美！ 一想到肚子的西海三太子，会变成白龙马，我就想笑#敖闰 #哪吒之魔童闹海#敖闰怀孕,最强AI,2025-02-21 09:32:45,354,51,408,False
7380296331996220724,#儿童动画 #艾莎 #小猪佩奇,豆丸,2024-06-14 00:00:00,353,0,0,False
7375523095110503715,#小猪佩奇 #艾莎 #儿童动画,豆丸,2024-06-01 00:00:00,256,0,0,False
7096062515670568228,美女网红蹦床，这样玩也能行？ #网红蹦床 #搞笑配音 #搞笑视频,野驴搞笑配音,2022-05-10 19:07:05,254,14,88,False
7492716358702992690,奇葩游戏：作业丢失在恐怖学校！鬼不吓人！被黑板字吓到？ #单机游戏#恐怖游戏,一只小地瓜呀,2025-04-13 16:48:44,235,15,154,False
7367686412851842315,在诡异幼儿园寻找失踪孩子，却被粉毛怪鸡追杀【班班幼儿园1】 #游戏实况 #恐怖游戏,老鱼头丶,2024-05-11 18:26:19,217,15,139,False
7469005294509608252,家里小黄宝又不高兴啦 #steam游戏 #游戏日常 #单机游戏 #恐怖游戏 #宝宝,咕唧尘,2025-02-08 00:00:00,190,0,0,False
7439901087152344358,#这个游戏很好玩 #女生喜欢玩的游戏 #意想不到的结局 #秀出你的游戏神操作 #游戏日常,汤姆大人游戏,2024-11-22 08:56:37,189,14,105,False
7464194155594386748,#创作灵感 #原创动画 #亲子互动 #萌娃 @DOU+上热门 @DOU+小助手,乐漫漫,2025-01-27 00:00:00,179,0,0,False
7493713202237197631,#动画#简笔画#哪吒#敖丙 #3到6岁儿童益智早教动画,仁兴乐乐,2025-04-16 09:15:09,176,1,85,False
7493022630493146431,#一代梗王#我勒个豆精神大爆发 #哈哈哈哈哈哈我要笑死了 #抖音流行梗合集,残翼の梦蝶,2025-04-14 12:35:09,170,8,118,False
7374389703652429091,#儿童动画 #艾莎 #小猪佩奇,豆丸,2024-05-29 00:00:00,165,0,0,False
7382515210151529768,#小猪佩奇儿童视频3-6岁 #爱莎公主 #萌娃动画片 #冰雪女王动画片 #小猪佩奇动画片,漫画丸子酱,2024-06-20 17:29:34,165,14,75,False
7386591400428637503,要把这个小姐姐变漂亮很难吗 #抖音游戏 #小姐姐 #游戏解说 #游戏日常 #学生党,小蓝玩游戏,2024-07-01 17:07:24,163,11,81,False
7369890338594393378,#小猪佩奇儿童视频3-6岁 #爱莎公主 #冰雪女王动画片 #萌娃动画片 #小猪佩奇动画片,漫画丸子酱,2024-05-17 16:58:40,141,3,70,False
7426881728561597746,儿童益智动画片每天更新 #动画小故事 #儿童动画 #卡通动画儿童 #动画片每天更新 #趣味动画,搞笑动漫游戏梦工厂,2024-10-18 06:54:28,83,3,49,False
7477786573635964211,#万万没想到 #原创动画 #语出惊人的熊孩子 #人类幼崽,皮皮辰,2025-03-04 11:11:32,70,4,16,False
7478266626262011187,#敖吒 #,菠萝锤子推文,2025-03-05 18:14:03,63,0,74,False
7469771473175989545,#儿童动画 #儿童乐园 #蹦蹦跳跳没烦恼,意念,2025-02-10 00:00:00,62,0,0,False
7471492519365266747,哪吒孕吐#哪吒敖丙cp同人图片 #同人文,奶盖泡芙666,2025-02-15 12:07:00,61,9,22,False
7482054505907883274,#搞笑配音#小猪佩奇,70岁老人坚持唱歌,2025-03-15 00:00:00,59,0,0,False
7463758455258549541,#这也太好看了 #小猪佩奇 #野猪佩奇 #动画片  只猪侠对决毒液,清风徐徐,2025-01-25 15:55:31,58,2,34,False
7493506910675537204,#敖闰 #哪吒 #简笔画 #3到6岁儿童益智早教动画,徐大姐,2025-04-15 19:54:15,56,3,23,False
7468998405734337843,孩子说的对，不要拿别人的错误来惩罚自己。 #原创动画 #萌娃 #亲子动漫 #萌娃日常 #语出惊人的熊孩子,多多的画,2025-02-08 18:48:41,56,3,5,False
7490041583845313846,哪吒怀孕#双男主动漫,小舞,2025-04-06 11:47:05,45,3,51,False
7470780802159217930,谁是真正的爱莎公主  #0到3岁早教启蒙动画片推荐 #益智玩具 #少儿益智动漫推荐 #萌知计划 #小猪佩奇,增小易哆啦,2025-02-13 20:00:00,43,0,35,False
7470154847703026985,#野猪佩奇 #肺雾,汗水,2025-02-11 21:36:09,41,5,19,False
7475711528482655528,#万物皆可变身哪吒 怀孕的哪吒来了😂😂😂😂,傻妞😘,2025-02-26 20:59:06,36,0,12,False
7262535343843413289,#适合小学生的小游戏推荐 #学生党 #神操作 #恐怖游戏推荐 #动画,睿哥@小游戏,2023-08-02 09:46:31,25,1,7,False
7458215418398870841,#3到6岁儿童益智早教动画 #少儿益智动漫推荐 #儿童启蒙早教益智动画片 #玩具视频及 #启蒙早教,嫣嫣,2025-01-10 00:00:00,15,0,0,False
7482923669367311655,坪阳再生人：桂林女子分离出6灵魂，详尽描述黄泉路的场景 坪阳再生人：桂林女子分离出6灵魂，详尽描述黄泉路的场景#再生人 #坪阳再生人 #转世轮回 #未解之谜 #内容启发搜索,宇宙猎奇,2025-03-18 00:00:00,13,0,0,False
7459973552905669946,搞笑合集#无忧无虑的童年 #一起长大一起玩耍 #萌娃日常 #记录孩子的点点滴滴 #分享有趣的视频,雨末春晓,2025-01-15 00:00:00,12,0,0,False
7388359192177823027,#奥特曼儿童动画片 #赛罗奥特曼视频大全 #儿童启蒙早教益智动画片 #贝利亚奥特曼 #格丽乔奥特曼,正能量佐菲,2024-07-06 00:00:00,10,0,0,False
7467898866025663801,#宝宝益智小游戏 #小猪佩奇小游戏 #益智动画,-翻肚皮的鱼🐟,2025-02-05 00:00:00,10,0,0,False
7467058417874652473,#野猪佩奇,༇༃广志༆༃,2025-02-03 13:20:41,9,0,1,False
7487532881678552371,符箓奇遇，悟性无双，不识字的小耗子又悟了。 #沙雕动画 #原创动画 #搞笑 #内容启发搜索,芝麻蛋仔,2025-03-30 00:00:00,7,0,0,False
7442175941234707772,#儿童动画 #儿童启蒙早教益智动画片 #益智动画 #动画片 #动画,橙汁儿,2024-11-28 12:03:44,7,0,3,False
7444501201128951091,#儿童简笔画 #儿童益智 #奥特曼 #奥特曼系列,风雨里等你,2024-12-04 00:00:00,5,0,0,False
7476758667132521766,#亲子互动 #儿童启蒙早教益智动画片 #3到6岁儿童益智早教动画 #儿童动画 #启蒙早教,小佳萌启蒙乐园,2025-03-01 00:00:00,5,0,0,False
7479305185035177242,#亲子互动 #儿童益智#儿童动画#3到6岁儿童益智早教动画 #奥特曼儿童动画片 #奥特曼动画片儿童3-6岁,一只猫团子,2025-03-08 00:00:00,4,0,0,False
7426977787166199049,#一代梗王就差你没玩 #我乃一代梗王问就你服不服... #快来和我一起玩吧 #动漫二次元,先谋生在谋爱,2024-10-18 13:07:33,3,0,2,False
7473843151141211411,野猪佩奇之一身反骨 #小猪佩奇 #野猪佩奇,抽象霸霸,2025-02-21 00:00:00,3,0,0,False
7415120846949305638,#儿童启蒙早教益智动画片 #少儿益智动漫推荐 #3到6岁儿童益智早教动画 #儿童动画,挽星（兑换码）,2024-09-16 00:00:00,2,0,0,False
7454129533982117179,爱莎公主 #爱莎公主 #冰雪奇缘 #原创动画 #艾莎 #儿童动画,莎莎动画,2024-12-30 00:00:00,2,0,0,False
7486190308447767867,#末日逃生#灾难片 人类在灾难面前是那么的渺小 #末日逃生,博客  剧场,2025-03-27 02:42:55,2,0,0,False
7460399969451658546,#儿童早教  #儿童启蒙早教益智动画片  #儿童动画片03岁益智  #益智儿童  #儿童动画,宝贝动漫,2025-01-16 00:00:00,2,0,0,False
7478746724060761378,《哪吒3 女儿国篇》第一集 救母第一站女儿国，敖丙哪吒双双怀孕#男人怀孕 #哪吒 #ai短剧 #神话传说 #人的迷惑行为,AI小星,2025-03-07 00:00:00,1,0,0,False
7474979331509374227,敖润怀孕生宝宝 《哪吒2》#敖润怀孕啦！还生了一个可爱的小宝宝#哪吒#敖润 #哪吒2,云端-漫步者,2025-02-24 00:00:00,1,0,0,False
7460332593096002876,#儿童爱看的小视频 #3到6岁儿童益智早教动画 #儿童启蒙早教益智动画片 #搞笑,用户1490743346229,2025-01-16 00:00:00,1,0,0,False
7477780972419779879,#0到3岁幼儿早教益智动画大全 #小孩子看的儿童视频 #奥特曼儿童动画片,树蛙奥特曼,2025-03-04 00:00:00,1,0,0,False
7333363879013076239,小猪佩奇儿童僵尸动画片，小佩奇感染了猪爸爸！#儿童动画 #少儿动画片推荐 #动画片儿童视频3-6岁 #儿童动画片#小猪佩奇,美乔分享,2024-02-09 00:00:00,1,0,0,False
